{"cachedId":{"toro_wither_still:jaw":34,"toro_wither_terror:right_thumb":59,"toro_wither:spine":10,"toro_wither_still:nothing":24,"toro_wither_still:head":25,"toro_wither:jaw":11,"toro_wither:core":4,"toro_wither_skull_2ndphase:head":21,"toro_wither_terror:jaw2":64,"toro_wither_terror:left_finger_pinky":61,"toro_wither_terror:right_finger_mid":58,"toro_wither_still:left_claw":41,"toro_wither_terror:left_arm":45,"toro_wither_still:left_head":38,"toro_wither_terror:right_forearm":48,"toro_wither_terror:jaw":54,"toro_wither_still:left_arm":30,"toro_wither_still:left_neck":32,"toro_wither:head":2,"toro_wither_pool:pool":19,"toro_wither_terror:right_finger_pinky":55,"toro_wither_terror:left_hand":53,"toro_wither_still:right_neck":29,"toro_wither_terror:left_finger_index":60,"toro_wither_still:right_head":36,"toro_wither_still:right_forearm":35,"toro_wither_terror:body":42,"toro_wither_still:left_forearm":37,"toro_wither:right_head":13,"toro_wither:right_claw":17,"toro_wither:right_rib":8,"toro_wither:left_head":15,"toro_wither:right_neck":6,"toro_wither_still:right_claw":40,"toro_wither:left_neck":9,"toro_wither_terror:left_forearm":49,"toro_wither:left_claw":18,"toro_wither:right_forearm":12,"toro_wither:left_forearm":14,"toro_wither_still:spine":33,"toro_wither_still:right_rib":31,"toro_wither_terror:right_arm":44,"toro_wither_still:spine2":39,"toro_wither_terror:right_hand":52,"toro_wither_skull:left_head":20,"toro_wither:left_arm":7,"toro_wither_still:core":27,"toro_wither_skull_2ndphase:jaw":22,"toro_wither_still:body":23,"toro_wither_terror:head_on_hand":56,"toro_wither:body":1,"toro_wither:right_arm":5,"toro_wither:left_rib":3,"toro_wither:spine2":16,"toro_wither_terror:head":50,"toro_wither_terror:left_thumb":62,"toro_wither_still:right_arm":28,"toro_wither_terror:neck":46,"toro_wither_terror:tail2":47,"toro_wither_still:left_rib":26,"toro_wither_terror:tail1":43,"toro_wither_terror:tail3":51,"toro_wither_terror:right_finger_index":57,"toro_wither_terror:left_finger_mid":63,"slimegirlprincess:head":65,"slimegirlprincess:rightclaw":66,"slimegirlprincess:body":67,"slimegirlprincess:leftclaw":68,"slimegirlprincess:bottom":69,"slimegirlprincess:righthair":70,"slimegirlprincess:lefthair":71,"slimegirlprincess:rightthumb":72,"slimegirlprincess:rightfinger2":73,"slimegirlprincess:rightfinger1":74,"slimegirlprincess:rightfinger3":75,"slimegirlprincess:rightarm":76,"slimegirlprincess:leftarm":77,"slimegirlprincess:leftfinger1":78,"slimegirlprincess:leftthumb":79,"slimegirlprincess:leftfinger2":80,"slimegirlprincess:leftfinger3":81,"slimegirlprincess:bottomback":82,"slimegirlprincess:righthand":83,"slimegirlprincess:lefthand":84,"slimegirlprincessspawn:head":85,"slimegirlprincessspawn:rightclaw":86,"slimegirlprincessspawn:body":87,"slimegirlprincessspawn:leftclaw":88,"slimegirlprincessspawn:bottom":89,"slimegirlprincessspawn:righthair":90,"slimegirlprincessspawn:lefthair":91,"slimegirlprincessspawn:rightthumb":92,"slimegirlprincessspawn:rightfinger2":93,"slimegirlprincessspawn:rightfinger1":94,"slimegirlprincessspawn:rightfinger3":95,"slimegirlprincessspawn:rightarm":96,"slimegirlprincessspawn:leftarm":97,"slimegirlprincessspawn:leftfinger1":98,"slimegirlprincessspawn:leftthumb":99,"slimegirlprincessspawn:leftfinger2":100,"slimegirlprincessspawn:leftfinger3":101,"slimegirlprincessspawn:bottomback":102,"slimegirlprincessspawn:righthand":103,"slimegirlprincessspawn:lefthand":104,"deep_creature:body":105,"deep_creature:hip":106,"deep_creature:head":107,"deep_creature:belly":108,"deep_creature:right_arm":109,"deep_creature:left_arm":110,"deep_creature:left_leg":111,"deep_creature:right_leg":112,"deep_creature:jaw":113,"deep_creature:heart":114,"deep_creature:right_forearm":115,"deep_creature:left_forearm":116,"deep_creature:left_foreleg":117,"deep_creature:right_foreleg":118,"deep_creature:right_hand":119,"deep_creature:left_hand":120,"deep_creature:right_pinky":121,"deep_creature:right_mid":122,"deep_creature:right_thumb":123,"deep_creature:left_mid":124,"deep_creature:left_pinky":125,"deep_creature:left_thumb":126,"deep_creature_dust_double:bone":127,"deep_creature_dust_double:bone2":128,"deep_creature_dust_ring:1":129,"deep_creature_dust_ring:2":130,"deep_creature_dust_ring:3":131,"deep_creature_dust_ring:4":132,"deep_creature_dust_ring:5":133,"deep_creature_dust_ring:6":134,"deep_creature_dust_ring:7":135,"deep_creature_dust_ring:8":136,"deep_creature_still:body":137,"deep_creature_still:hip":138,"deep_creature_still:head":139,"deep_creature_still:belly":140,"deep_creature_still:right_arm":141,"deep_creature_still:left_arm":142,"deep_creature_still:left_leg":143,"deep_creature_still:right_leg":144,"deep_creature_still:jaw":145,"deep_creature_still:heart":146,"deep_creature_still:right_forearm":147,"deep_creature_still:left_forearm":148,"deep_creature_still:left_foreleg":149,"deep_creature_still:right_foreleg":150,"deep_creature_still:right_hand":151,"deep_creature_still:left_hand":152,"deep_creature_still:right_pinky":153,"deep_creature_still:right_mid":154,"deep_creature_still:right_thumb":155,"deep_creature_still:left_mid":156,"deep_creature_still:left_pinky":157,"deep_creature_still:left_thumb":158,"deep_explosion:body":159,"deep_explosion_small:body":160,"deep_shine_vfx:bone":161,"toro_deep_debris_large:11":162,"toro_deep_debris_large:12":163,"toro_deep_debris_large:13":164,"toro_deep_debris_large:14":165,"toro_deep_debris_large:15":166,"toro_deep_debris_large:1":167,"toro_deep_debris_large:2":168,"toro_deep_debris_large:3":169,"toro_deep_debris_large:4":170,"toro_deep_debris_large:5":171,"toro_deep_debris_large:6":172,"toro_deep_debris_large:7":173,"toro_deep_debris_large:8":174,"toro_deep_debris_large:9":175,"toro_deep_debris_large:10":176,"toro_deep_debris_small:11":177,"toro_deep_debris_small:12":178,"toro_deep_debris_small:13":179,"toro_deep_debris_small:14":180,"toro_deep_debris_small:15":181,"toro_deep_debris_small:1":182,"toro_deep_debris_small:2":183,"toro_deep_debris_small:3":184,"toro_deep_debris_small:4":185,"toro_deep_debris_small:5":186,"toro_deep_debris_small:6":187,"toro_deep_debris_small:7":188,"toro_deep_debris_small:8":189,"toro_deep_debris_small:9":190,"toro_deep_debris_small:10":191,"warden_heart:heart":192,"toro_queenbee:body":193,"toro_queenbee:hip":194,"toro_queenbee:right_leg_mid":195,"toro_queenbee:head":196,"toro_queenbee:left_leg_front":197,"toro_queenbee:right_wing":198,"toro_queenbee:left_wing":199,"toro_queenbee:left_leg_back":200,"toro_queenbee:left_leg_mid":201,"toro_queenbee:right_leg_back":202,"toro_queenbee:right_leg_front":203,"toro_queenbee:tail":204,"toro_queenbee:right_ant":205,"toro_queenbee:left_ant":206,"toro_queenbee:crown":207,"toro_queenbee:sting":208},"unused":[],"nextId":209}