{"textures":{"0":"modelengine:entity/toro_queenbee"},"elements":[{"from":[-0.5,6.416668,-6.5],"to":[1.5,7.916668,-4.5],"faces":{"east":{"uv":[7.9375,3.6875,8.0625,3.8125],"tintindex":0,"rotation":0,"texture":"#0"},"south":{"uv":[7.9375,4.5,8.0625,4.625],"tintindex":0,"rotation":0,"texture":"#0"},"north":{"uv":[7.9375,3.5625,8.0625,3.6875],"tintindex":0,"rotation":0,"texture":"#0"},"west":{"uv":[7.9375,4.625,8.0625,4.75],"tintindex":0,"rotation":0,"texture":"#0"},"up":{"uv":[4.8125,8.0625,4.6875,7.9375],"tintindex":0,"rotation":0,"texture":"#0"},"down":{"uv":[8.0625,4.75,7.9375,4.875],"tintindex":0,"rotation":0,"texture":"#0"}}},{"from":[-1.5,0.41666794,-4.5],"to":[17.5,17.416668,20.5],"faces":{"east":{"uv":[0.0,1.5625,1.5625,2.625],"tintindex":0,"rotation":0,"texture":"#0"},"south":{"uv":[0.0,2.625,1.1875,3.6875],"tintindex":0,"rotation":0,"texture":"#0"},"north":{"uv":[2.375,0.0,3.5625,1.0625],"tintindex":0,"rotation":0,"texture":"#0"},"west":{"uv":[1.5625,1.5625,3.125,2.625],"tintindex":0,"rotation":0,"texture":"#0"},"up":{"uv":[1.1875,1.5625,0.0,0.0],"tintindex":0,"rotation":0,"texture":"#0"},"down":{"uv":[2.375,0.0,1.1875,1.5625],"tintindex":0,"rotation":0,"texture":"#0"}}},{"from":[14.5,-0.58333206,-8.5],"to":[18.5,6.416668,-4.5],"faces":{"east":{"uv":[1.875,7.1875,2.125,7.625],"tintindex":0,"rotation":0,"texture":"#0"},"south":{"uv":[0.9375,7.25,1.1875,7.6875],"tintindex":0,"rotation":0,"texture":"#0"},"north":{"uv":[7.1875,1.625,7.4375,2.0625],"tintindex":0,"rotation":0,"texture":"#0"},"west":{"uv":[0.0,7.3125,0.25,7.75],"tintindex":0,"rotation":0,"texture":"#0"},"up":{"uv":[0.75,8.0,0.5,7.75],"tintindex":0,"rotation":0,"texture":"#0"},"down":{"uv":[8.0,0.5,7.75,0.75],"tintindex":0,"rotation":0,"texture":"#0"}}},{"from":[14.5,6.416668,-6.5],"to":[16.5,7.916668,-4.5],"faces":{"east":{"uv":[7.9375,4.875,8.0625,5.0],"tintindex":0,"rotation":0,"texture":"#0"},"south":{"uv":[4.9375,7.9375,5.0625,8.0625],"tintindex":0,"rotation":0,"texture":"#0"},"north":{"uv":[4.8125,7.9375,4.9375,8.0625],"tintindex":0,"rotation":0,"texture":"#0"},"west":{"uv":[5.0625,7.9375,5.1875,8.0625],"tintindex":0,"rotation":0,"texture":"#0"},"up":{"uv":[5.3125,8.0625,5.1875,7.9375],"tintindex":0,"rotation":0,"texture":"#0"},"down":{"uv":[5.4375,7.9375,5.3125,8.0625],"tintindex":0,"rotation":0,"texture":"#0"}}},{"from":[-2.5,-0.58333206,-8.5],"to":[1.5,6.416668,-4.5],"faces":{"east":{"uv":[1.625,7.125,1.875,7.5625],"tintindex":0,"rotation":0,"texture":"#0"},"south":{"uv":[7.1875,0.75,7.4375,1.1875],"tintindex":0,"rotation":0,"texture":"#0"},"north":{"uv":[2.875,1.0625,3.125,1.5],"tintindex":0,"rotation":0,"texture":"#0"},"west":{"uv":[7.1875,1.1875,7.4375,1.625],"tintindex":0,"rotation":0,"texture":"#0"},"up":{"uv":[0.5,8.0,0.25,7.75],"tintindex":0,"rotation":0,"texture":"#0"},"down":{"uv":[8.0,0.25,7.75,0.5],"tintindex":0,"rotation":0,"texture":"#0"}}},{"from":[2.5,17.416668,-2.5],"to":[13.5,20.416668,17.5],"faces":{"east":{"uv":[6.3125,4.25,7.5625,4.4375],"tintindex":0,"rotation":0,"texture":"#0"},"south":{"uv":[7.0,6.5625,7.6875,6.75],"tintindex":0,"rotation":0,"texture":"#0"},"north":{"uv":[6.875,2.1875,7.5625,2.375],"tintindex":0,"rotation":0,"texture":"#0"},"west":{"uv":[6.3125,4.4375,7.5625,4.625],"tintindex":0,"rotation":0,"texture":"#0"},"up":{"uv":[5.0,5.5,4.3125,4.25],"tintindex":0,"rotation":0,"texture":"#0"},"down":{"uv":[3.5625,4.625,2.875,5.875],"tintindex":0,"rotation":0,"texture":"#0"}}}],"display":{"gui":{"rotation":[30,225,0]}}}