{"textures":{"0":"modelengine:entity/toro_queenbee"},"elements":[{"from":[0.75,-0.5,-11.0],"to":[3.0,1.75,-6.0],"faces":{"east":{"uv":[4.5625,0.875,4.875,1.0],"tintindex":0,"rotation":0,"texture":"#0"},"south":{"uv":[7.9375,5.9375,8.0625,6.0625],"tintindex":0,"rotation":0,"texture":"#0"},"north":{"uv":[7.9375,5.8125,8.0625,5.9375],"tintindex":0,"rotation":0,"texture":"#0"},"west":{"uv":[5.9375,3.125,6.25,3.25],"tintindex":0,"rotation":0,"texture":"#0"},"up":{"uv":[4.9375,6.4375,4.8125,6.125],"tintindex":0,"rotation":0,"texture":"#0"},"down":{"uv":[1.4375,6.8125,1.3125,7.125],"tintindex":0,"rotation":0,"texture":"#0"}},"rotation":{"origin":[5.0,1.5,-8.5],"angle":-22.5,"axis":"x"}},{"from":[0.0,3.0,-8.0],"to":[5.0,11.0,-2.0],"faces":{"east":{"uv":[6.6875,4.625,7.0625,5.125],"tintindex":0,"rotation":0,"texture":"#0"},"south":{"uv":[6.6875,6.625,7.0,7.125],"tintindex":0,"rotation":0,"texture":"#0"},"north":{"uv":[6.6875,6.125,7.0,6.625],"tintindex":0,"rotation":0,"texture":"#0"},"west":{"uv":[6.6875,5.125,7.0625,5.625],"tintindex":0,"rotation":0,"texture":"#0"},"up":{"uv":[7.4375,2.75,7.125,2.375],"tintindex":0,"rotation":0,"texture":"#0"},"down":{"uv":[7.4375,3.25,7.125,3.625],"tintindex":0,"rotation":0,"texture":"#0"}}},{"from":[1.0,8.25,-8.25],"to":[2.75,10.0,-8.25],"faces":{"south":{"uv":[7.9375,7.0625,8.0625,7.1875],"tintindex":0,"rotation":0,"texture":"#0"},"north":{"uv":[7.9375,6.9375,8.0625,7.0625],"tintindex":0,"rotation":0,"texture":"#0"}}},{"from":[1.0,0.0,-7.0],"to":[15.0,13.0,7.0],"faces":{"east":{"uv":[1.875,4.875,2.75,5.6875],"tintindex":0,"rotation":0,"texture":"#0"},"south":{"uv":[5.0,0.875,5.875,1.6875],"tintindex":0,"rotation":0,"texture":"#0"},"north":{"uv":[0.0,4.875,0.875,5.6875],"tintindex":0,"rotation":0,"texture":"#0"},"west":{"uv":[5.0,4.25,5.875,5.0625],"tintindex":0,"rotation":0,"texture":"#0"},"up":{"uv":[5.4375,0.875,4.5625,0.0],"tintindex":0,"rotation":0,"texture":"#0"},"down":{"uv":[1.875,4.75,1.0,5.625],"tintindex":0,"rotation":0,"texture":"#0"}}},{"from":[1.0,-1.0,-10.0],"to":[3.25,1.0,-7.0],"faces":{"east":{"uv":[3.125,2.5,3.3125,2.625],"tintindex":0,"rotation":0,"texture":"#0"},"south":{"uv":[7.9375,6.1875,8.0625,6.3125],"tintindex":0,"rotation":0,"texture":"#0"},"north":{"uv":[7.9375,6.0625,8.0625,6.1875],"tintindex":0,"rotation":0,"texture":"#0"},"west":{"uv":[4.125,2.125,4.3125,2.25],"tintindex":0,"rotation":0,"texture":"#0"},"up":{"uv":[8.0,3.375,7.875,3.1875],"tintindex":0,"rotation":0,"texture":"#0"},"down":{"uv":[3.375,7.875,3.25,8.0625],"tintindex":0,"rotation":0,"texture":"#0"}},"rotation":{"origin":[5.0,1.5,-8.5],"angle":-45.0,"axis":"y"}},{"from":[12.75,-1.0,-10.0],"to":[15.0,1.0,-7.0],"faces":{"east":{"uv":[7.125,2.75,7.3125,2.875],"tintindex":0,"rotation":0,"texture":"#0"},"south":{"uv":[6.375,7.9375,6.5,8.0625],"tintindex":0,"rotation":0,"texture":"#0"},"north":{"uv":[7.9375,6.3125,8.0625,6.4375],"tintindex":0,"rotation":0,"texture":"#0"},"west":{"uv":[7.1875,2.0625,7.375,2.1875],"tintindex":0,"rotation":0,"texture":"#0"},"up":{"uv":[3.5,8.0625,3.375,7.875],"tintindex":0,"rotation":0,"texture":"#0"},"down":{"uv":[8.0,3.375,7.875,3.5625],"tintindex":0,"rotation":0,"texture":"#0"}},"rotation":{"origin":[11.0,1.5,-8.5],"angle":45.0,"axis":"y"}},{"from":[11.0,3.0,-8.0],"to":[16.0,11.0,-2.0],"faces":{"east":{"uv":[3.125,6.5,3.5,7.0],"tintindex":0,"rotation":0,"texture":"#0"},"south":{"uv":[6.6875,5.625,7.0,6.125],"tintindex":0,"rotation":0,"texture":"#0"},"north":{"uv":[0.5625,5.6875,0.875,6.1875],"tintindex":0,"rotation":0,"texture":"#0"},"west":{"uv":[1.875,6.6875,2.25,7.1875],"tintindex":0,"rotation":0,"texture":"#0"},"up":{"uv":[7.4375,0.75,7.125,0.375],"tintindex":0,"rotation":0,"texture":"#0"},"down":{"uv":[1.625,7.125,1.3125,7.5],"tintindex":0,"rotation":0,"texture":"#0"}}},{"from":[11.75,8.25,-8.25],"to":[13.5,10.0,-8.25],"faces":{"south":{"uv":[7.9375,7.1875,8.0625,7.3125],"tintindex":0,"rotation":0,"texture":"#0"},"north":{"uv":[7.125,7.9375,7.25,8.0625],"tintindex":0,"rotation":0,"texture":"#0"}}},{"from":[13.0,-0.5,-11.0],"to":[15.25,1.75,-6.0],"faces":{"east":{"uv":[7.75,1.9375,8.0625,2.0625],"tintindex":0,"rotation":0,"texture":"#0"},"south":{"uv":[6.5,7.9375,6.625,8.0625],"tintindex":0,"rotation":0,"texture":"#0"},"north":{"uv":[7.9375,6.4375,8.0625,6.5625],"tintindex":0,"rotation":0,"texture":"#0"},"west":{"uv":[7.75,5.1875,8.0625,5.3125],"tintindex":0,"rotation":0,"texture":"#0"},"up":{"uv":[7.0,8.0625,6.875,7.75],"tintindex":0,"rotation":0,"texture":"#0"},"down":{"uv":[7.125,7.75,7.0,8.0625],"tintindex":0,"rotation":0,"texture":"#0"}},"rotation":{"origin":[11.0,1.5,-8.5],"angle":-22.5,"axis":"x"}}],"display":{"gui":{"rotation":[30,225,0]}}}