{"textures":{"0":"modelengine:entity/toro_queenbee"},"elements":[{"from":[0.0,-4.0,3.0],"to":[16.0,15.0,19.0],"faces":{"east":{"uv":[3.3125,2.25,4.3125,3.4375],"tintindex":0,"rotation":0,"texture":"#0"},"south":{"uv":[3.3125,3.4375,4.3125,4.625],"tintindex":0,"rotation":0,"texture":"#0"},"north":{"uv":[3.125,1.0625,4.125,2.25],"tintindex":0,"rotation":0,"texture":"#0"},"west":{"uv":[0.0,3.6875,1.0,4.875],"tintindex":0,"rotation":0,"texture":"#0"},"up":{"uv":[4.5625,1.0,3.5625,0.0],"tintindex":0,"rotation":0,"texture":"#0"},"down":{"uv":[2.0,3.75,1.0,4.75],"tintindex":0,"rotation":0,"texture":"#0"}}},{"from":[15.0,8.25,23.0],"to":[16.0,11.25,26.0],"faces":{"east":{"uv":[2.0625,7.8125,2.25,8.0],"tintindex":0,"rotation":0,"texture":"#0"},"south":{"uv":[0.1875,8.0,0.25,8.1875],"tintindex":0,"rotation":0,"texture":"#0"},"north":{"uv":[8.0,0.125,8.0625,0.3125],"tintindex":0,"rotation":0,"texture":"#0"},"west":{"uv":[7.8125,2.125,8.0,2.3125],"tintindex":0,"rotation":0,"texture":"#0"},"up":{"uv":[0.3125,8.1875,0.25,8.0],"tintindex":0,"rotation":0,"texture":"#0"},"down":{"uv":[0.375,8.0,0.3125,8.1875],"tintindex":0,"rotation":0,"texture":"#0"}},"rotation":{"origin":[8.0,7.5,17.0],"angle":22.5,"axis":"x"}},{"from":[2.75,-5.5,23.0],"to":[5.75,-4.5,26.0],"faces":{"east":{"uv":[2.875,6.9375,3.0625,7.0],"tintindex":0,"rotation":0,"texture":"#0"},"south":{"uv":[7.375,2.125,7.5625,2.1875],"tintindex":0,"rotation":0,"texture":"#0"},"north":{"uv":[6.875,2.375,7.0625,2.4375],"tintindex":0,"rotation":0,"texture":"#0"},"west":{"uv":[7.4375,2.6875,7.625,2.75],"tintindex":0,"rotation":0,"texture":"#0"},"up":{"uv":[1.5,8.0625,1.3125,7.875],"tintindex":0,"rotation":0,"texture":"#0"},"down":{"uv":[8.0625,1.3125,7.875,1.5],"tintindex":0,"rotation":0,"texture":"#0"}},"rotation":{"origin":[8.0,7.5,17.0],"angle":22.5,"axis":"x"}},{"from":[2.75,13.5,23.0],"to":[5.75,14.5,26.0],"faces":{"east":{"uv":[2.875,4.5625,3.0625,4.625],"tintindex":0,"rotation":0,"texture":"#0"},"south":{"uv":[3.0625,4.5625,3.25,4.625],"tintindex":0,"rotation":0,"texture":"#0"},"north":{"uv":[3.9375,1.0,4.125,1.0625],"tintindex":0,"rotation":0,"texture":"#0"},"west":{"uv":[2.25,6.4375,2.4375,6.5],"tintindex":0,"rotation":0,"texture":"#0"},"up":{"uv":[8.0,4.5,7.8125,4.3125],"tintindex":0,"rotation":0,"texture":"#0"},"down":{"uv":[8.0625,0.75,7.875,0.9375],"tintindex":0,"rotation":0,"texture":"#0"}},"rotation":{"origin":[8.0,7.5,17.0],"angle":22.5,"axis":"x"}},{"from":[10.25,-5.5,23.0],"to":[13.25,-4.5,26.0],"faces":{"east":{"uv":[6.4375,2.4375,6.625,2.5],"tintindex":0,"rotation":0,"texture":"#0"},"south":{"uv":[6.625,2.4375,6.8125,2.5],"tintindex":0,"rotation":0,"texture":"#0"},"north":{"uv":[2.4375,6.4375,2.625,6.5],"tintindex":0,"rotation":0,"texture":"#0"},"west":{"uv":[6.8125,2.875,7.0,2.9375],"tintindex":0,"rotation":0,"texture":"#0"},"up":{"uv":[8.0625,1.125,7.875,0.9375],"tintindex":0,"rotation":0,"texture":"#0"},"down":{"uv":[8.0625,1.125,7.875,1.3125],"tintindex":0,"rotation":0,"texture":"#0"}},"rotation":{"origin":[8.0,7.5,17.0],"angle":22.5,"axis":"x"}},{"from":[-4.0,3.0,10.0],"to":[0.0,8.0,17.0],"faces":{"east":{"uv":[7.0,5.625,7.4375,5.9375],"tintindex":0,"rotation":0,"texture":"#0"},"south":{"uv":[5.625,7.5625,5.875,7.875],"tintindex":0,"rotation":0,"texture":"#0"},"north":{"uv":[7.5625,4.25,7.8125,4.5625],"tintindex":0,"rotation":0,"texture":"#0"},"west":{"uv":[5.9375,7.0,6.375,7.3125],"tintindex":0,"rotation":0,"texture":"#0"},"up":{"uv":[4.6875,7.75,4.4375,7.3125],"tintindex":0,"rotation":0,"texture":"#0"},"down":{"uv":[6.375,7.3125,6.125,7.75],"tintindex":0,"rotation":0,"texture":"#0"}}},{"from":[15.0,2.5,23.0],"to":[16.0,5.5,26.0],"faces":{"east":{"uv":[2.25,7.8125,2.4375,8.0],"tintindex":0,"rotation":0,"texture":"#0"},"south":{"uv":[0.375,8.0,0.4375,8.1875],"tintindex":0,"rotation":0,"texture":"#0"},"north":{"uv":[8.0,0.3125,8.0625,0.5],"tintindex":0,"rotation":0,"texture":"#0"},"west":{"uv":[2.4375,7.8125,2.625,8.0],"tintindex":0,"rotation":0,"texture":"#0"},"up":{"uv":[0.5,8.1875,0.4375,8.0],"tintindex":0,"rotation":0,"texture":"#0"},"down":{"uv":[0.5625,8.0,0.5,8.1875],"tintindex":0,"rotation":0,"texture":"#0"}},"rotation":{"origin":[8.0,7.5,17.0],"angle":22.5,"axis":"x"}},{"from":[0.0,-3.25,23.0],"to":[1.0,-0.25,26.0],"faces":{"east":{"uv":[7.8125,0.0,8.0,0.1875],"tintindex":0,"rotation":0,"texture":"#0"},"south":{"uv":[7.25,7.9375,7.3125,8.125],"tintindex":0,"rotation":0,"texture":"#0"},"north":{"uv":[7.6875,6.5625,7.75,6.75],"tintindex":0,"rotation":0,"texture":"#0"},"west":{"uv":[1.125,7.8125,1.3125,8.0],"tintindex":0,"rotation":0,"texture":"#0"},"up":{"uv":[7.875,8.125,7.8125,7.9375],"tintindex":0,"rotation":0,"texture":"#0"},"down":{"uv":[0.1875,8.0,0.125,8.1875],"tintindex":0,"rotation":0,"texture":"#0"}},"rotation":{"origin":[8.0,7.5,17.0],"angle":22.5,"axis":"x"}},{"from":[0.0,2.5,23.0],"to":[1.0,5.5,26.0],"faces":{"east":{"uv":[7.125,7.75,7.3125,7.9375],"tintindex":0,"rotation":0,"texture":"#0"},"south":{"uv":[0.875,7.4375,0.9375,7.625],"tintindex":0,"rotation":0,"texture":"#0"},"north":{"uv":[5.625,7.375,5.6875,7.5625],"tintindex":0,"rotation":0,"texture":"#0"},"west":{"uv":[7.6875,7.75,7.875,7.9375],"tintindex":0,"rotation":0,"texture":"#0"},"up":{"uv":[4.4375,7.6875,4.375,7.5],"tintindex":0,"rotation":0,"texture":"#0"},"down":{"uv":[2.125,7.625,2.0625,7.8125],"tintindex":0,"rotation":0,"texture":"#0"}},"rotation":{"origin":[8.0,7.5,17.0],"angle":22.5,"axis":"x"}},{"from":[15.0,-3.25,23.0],"to":[16.0,-0.25,26.0],"faces":{"east":{"uv":[2.625,7.8125,2.8125,8.0],"tintindex":0,"rotation":0,"texture":"#0"},"south":{"uv":[0.5625,8.0,0.625,8.1875],"tintindex":0,"rotation":0,"texture":"#0"},"north":{"uv":[8.0,0.5,8.0625,0.6875],"tintindex":0,"rotation":0,"texture":"#0"},"west":{"uv":[7.8125,3.9375,8.0,4.125],"tintindex":0,"rotation":0,"texture":"#0"},"up":{"uv":[0.6875,8.1875,0.625,8.0],"tintindex":0,"rotation":0,"texture":"#0"},"down":{"uv":[0.75,8.0,0.6875,8.1875],"tintindex":0,"rotation":0,"texture":"#0"}},"rotation":{"origin":[8.0,7.5,17.0],"angle":22.5,"axis":"x"}},{"from":[10.25,13.5,23.0],"to":[13.25,14.5,26.0],"faces":{"east":{"uv":[3.5625,1.0,3.75,1.0625],"tintindex":0,"rotation":0,"texture":"#0"},"south":{"uv":[1.0,3.6875,1.1875,3.75],"tintindex":0,"rotation":0,"texture":"#0"},"north":{"uv":[2.875,1.5,3.0625,1.5625],"tintindex":0,"rotation":0,"texture":"#0"},"west":{"uv":[3.75,1.0,3.9375,1.0625],"tintindex":0,"rotation":0,"texture":"#0"},"up":{"uv":[4.1875,8.0,4.0,7.8125],"tintindex":0,"rotation":0,"texture":"#0"},"down":{"uv":[8.0,4.125,7.8125,4.3125],"tintindex":0,"rotation":0,"texture":"#0"}},"rotation":{"origin":[8.0,7.5,17.0],"angle":22.5,"axis":"x"}},{"from":[1.0,-4.5,15.0],"to":[15.0,13.5,32.0],"faces":{"east":{"uv":[1.1875,2.625,2.25,3.75],"tintindex":0,"rotation":0,"texture":"#0"},"south":{"uv":[4.125,1.0,5.0,2.125],"tintindex":0,"rotation":0,"texture":"#0"},"north":{"uv":[2.0,3.75,2.875,4.875],"tintindex":0,"rotation":0,"texture":"#0"},"west":{"uv":[2.25,2.625,3.3125,3.75],"tintindex":0,"rotation":0,"texture":"#0"},"up":{"uv":[5.1875,3.1875,4.3125,2.125],"tintindex":0,"rotation":0,"texture":"#0"},"down":{"uv":[5.1875,3.1875,4.3125,4.25],"tintindex":0,"rotation":0,"texture":"#0"}},"rotation":{"origin":[8.0,7.5,17.0],"angle":22.5,"axis":"x"}},{"from":[0.0,8.25,23.0],"to":[1.0,11.25,26.0],"faces":{"east":{"uv":[6.625,0.4375,6.8125,0.625],"tintindex":0,"rotation":0,"texture":"#0"},"south":{"uv":[6.8125,0.875,6.875,1.0625],"tintindex":0,"rotation":0,"texture":"#0"},"north":{"uv":[4.75,6.75,4.8125,6.9375],"tintindex":0,"rotation":0,"texture":"#0"},"west":{"uv":[7.75,5.3125,7.9375,5.5],"tintindex":0,"rotation":0,"texture":"#0"},"up":{"uv":[1.0,7.25,0.9375,7.0625],"tintindex":0,"rotation":0,"texture":"#0"},"down":{"uv":[4.5,7.125,4.4375,7.3125],"tintindex":0,"rotation":0,"texture":"#0"}},"rotation":{"origin":[8.0,7.5,17.0],"angle":22.5,"axis":"x"}},{"from":[16.0,3.0,10.0],"to":[20.0,8.0,17.0],"faces":{"east":{"uv":[7.0,5.9375,7.4375,6.25],"tintindex":0,"rotation":0,"texture":"#0"},"south":{"uv":[1.6875,7.625,1.9375,7.9375],"tintindex":0,"rotation":0,"texture":"#0"},"north":{"uv":[5.875,7.5625,6.125,7.875],"tintindex":0,"rotation":0,"texture":"#0"},"west":{"uv":[7.0,6.25,7.4375,6.5625],"tintindex":0,"rotation":0,"texture":"#0"},"up":{"uv":[2.375,7.8125,2.125,7.375],"tintindex":0,"rotation":0,"texture":"#0"},"down":{"uv":[2.625,7.375,2.375,7.8125],"tintindex":0,"rotation":0,"texture":"#0"}}}],"display":{"gui":{"rotation":[30,225,0]}}}