{"textures":{"0":"modelengine:entity/toro_queenbee"},"elements":[{"from":[3.379016,-2.5887527,6.358476],"to":[5.379016,4.4112473,9.358477],"faces":{"east":{"uv":[5.0,1.6875,5.1875,2.125],"tintindex":0,"rotation":0,"texture":"#0"},"south":{"uv":[4.375,7.75,4.5,8.1875],"tintindex":0,"rotation":0,"texture":"#0"},"north":{"uv":[5.875,1.25,6.0,1.6875],"tintindex":0,"rotation":0,"texture":"#0"},"west":{"uv":[2.875,7.4375,3.0625,7.875],"tintindex":0,"rotation":0,"texture":"#0"},"up":{"uv":[1.0,5.5625,0.875,5.375],"tintindex":0,"rotation":0,"texture":"#0"},"down":{"uv":[2.75,5.6875,2.625,5.875],"tintindex":0,"rotation":0,"texture":"#0"}}},{"from":[5.20984,-6.724579,4.608476],"to":[10.209841,0.27542114,9.608477],"faces":{"east":{"uv":[1.0,6.8125,1.3125,7.25],"tintindex":0,"rotation":0,"texture":"#0"},"south":{"uv":[6.8125,2.4375,7.125,2.875],"tintindex":0,"rotation":0,"texture":"#0"},"north":{"uv":[6.8125,0.4375,7.125,0.875],"tintindex":0,"rotation":0,"texture":"#0"},"west":{"uv":[0.0,6.875,0.3125,7.3125],"tintindex":0,"rotation":0,"texture":"#0"},"up":{"uv":[5.625,7.6875,5.3125,7.375],"tintindex":0,"rotation":0,"texture":"#0"},"down":{"uv":[6.6875,7.375,6.375,7.6875],"tintindex":0,"rotation":0,"texture":"#0"}},"rotation":{"origin":[9.709841,1.0254211,7.858476],"angle":22.5,"axis":"z"}},{"from":[6.629016,-8.588753,3.8584762],"to":[10.629016,-4.0887527,7.358476],"faces":{"east":{"uv":[7.4375,2.375,7.6875,2.6875],"tintindex":0,"rotation":0,"texture":"#0"},"south":{"uv":[7.4375,3.625,7.6875,3.9375],"tintindex":0,"rotation":0,"texture":"#0"},"north":{"uv":[6.375,2.9375,6.625,3.25],"tintindex":0,"rotation":0,"texture":"#0"},"west":{"uv":[7.4375,5.625,7.6875,5.9375],"tintindex":0,"rotation":0,"texture":"#0"},"up":{"uv":[7.9375,6.0625,7.6875,5.8125],"tintindex":0,"rotation":0,"texture":"#0"},"down":{"uv":[7.9375,6.0625,7.6875,6.3125],"tintindex":0,"rotation":0,"texture":"#0"}},"rotation":{"origin":[9.129016,-0.83875275,7.858476],"angle":22.5,"axis":"z"}},{"from":[4.629016,-1.8387527,4.358476],"to":[11.629016,8.161247,11.358477],"faces":{"east":{"uv":[5.9375,2.5,6.375,3.125],"tintindex":0,"rotation":0,"texture":"#0"},"south":{"uv":[6.0,1.25,6.4375,1.875],"tintindex":0,"rotation":0,"texture":"#0"},"north":{"uv":[5.375,5.875,5.8125,6.5],"tintindex":0,"rotation":0,"texture":"#0"},"west":{"uv":[6.0,1.875,6.4375,2.5],"tintindex":0,"rotation":0,"texture":"#0"},"up":{"uv":[6.875,2.4375,6.4375,2.0],"tintindex":0,"rotation":0,"texture":"#0"},"down":{"uv":[2.6875,6.5,2.25,6.9375],"tintindex":0,"rotation":0,"texture":"#0"}}}],"display":{"gui":{"rotation":[30,225,0]}}}