{"textures":{"0":"modelengine:entity/toro_queenbee"},"elements":[{"from":[3.629016,1.1612473,8.858476],"to":[4.629016,3.1612473,10.858476],"faces":{"east":{"uv":[3.875,7.875,4.0,8.0],"tintindex":0,"rotation":0,"texture":"#0"},"south":{"uv":[2.0625,8.0,2.125,8.125],"tintindex":0,"rotation":0,"texture":"#0"},"north":{"uv":[8.0,1.8125,8.0625,1.9375],"tintindex":0,"rotation":0,"texture":"#0"},"west":{"uv":[5.625,7.875,5.75,8.0],"tintindex":0,"rotation":0,"texture":"#0"},"up":{"uv":[2.1875,8.125,2.125,8.0],"tintindex":0,"rotation":0,"texture":"#0"},"down":{"uv":[8.0625,2.125,8.0,2.25],"tintindex":0,"rotation":0,"texture":"#0"}}},{"from":[4.629016,-1.8387527,4.3584757],"to":[11.629016,8.161247,11.358476],"faces":{"east":{"uv":[5.8125,5.0625,6.25,5.6875],"tintindex":0,"rotation":0,"texture":"#0"},"south":{"uv":[5.8125,5.6875,6.25,6.3125],"tintindex":0,"rotation":0,"texture":"#0"},"north":{"uv":[2.625,5.875,3.0625,6.5],"tintindex":0,"rotation":0,"texture":"#0"},"west":{"uv":[5.875,0.625,6.3125,1.25],"tintindex":0,"rotation":0,"texture":"#0"},"up":{"uv":[6.25,6.75,5.8125,6.3125],"tintindex":0,"rotation":0,"texture":"#0"},"down":{"uv":[6.8125,2.5,6.375,2.9375],"tintindex":0,"rotation":0,"texture":"#0"}}},{"from":[11.629016,1.1612473,8.858476],"to":[12.629016,3.1612473,10.858476],"faces":{"east":{"uv":[5.75,7.875,5.875,8.0],"tintindex":0,"rotation":0,"texture":"#0"},"south":{"uv":[2.25,8.0,2.3125,8.125],"tintindex":0,"rotation":0,"texture":"#0"},"north":{"uv":[2.1875,8.0,2.25,8.125],"tintindex":0,"rotation":0,"texture":"#0"},"west":{"uv":[5.875,7.875,6.0,8.0],"tintindex":0,"rotation":0,"texture":"#0"},"up":{"uv":[2.375,8.125,2.3125,8.0],"tintindex":0,"rotation":0,"texture":"#0"},"down":{"uv":[2.4375,8.0,2.375,8.125],"tintindex":0,"rotation":0,"texture":"#0"}}},{"from":[11.629016,1.1612473,4.8584757],"to":[12.629016,3.1612473,6.8584757],"faces":{"east":{"uv":[6.0,7.875,6.125,8.0],"tintindex":0,"rotation":0,"texture":"#0"},"south":{"uv":[2.5,8.0,2.5625,8.125],"tintindex":0,"rotation":0,"texture":"#0"},"north":{"uv":[2.4375,8.0,2.5,8.125],"tintindex":0,"rotation":0,"texture":"#0"},"west":{"uv":[7.875,6.5625,8.0,6.6875],"tintindex":0,"rotation":0,"texture":"#0"},"up":{"uv":[2.625,8.125,2.5625,8.0],"tintindex":0,"rotation":0,"texture":"#0"},"down":{"uv":[2.6875,8.0,2.625,8.125],"tintindex":0,"rotation":0,"texture":"#0"}}},{"from":[3.629016,1.1612473,4.8584757],"to":[4.629016,3.1612473,6.8584757],"faces":{"east":{"uv":[1.875,4.75,2.0,4.875],"tintindex":0,"rotation":0,"texture":"#0"},"south":{"uv":[4.9375,5.75,5.0,5.875],"tintindex":0,"rotation":0,"texture":"#0"},"north":{"uv":[3.25,4.5,3.3125,4.625],"tintindex":0,"rotation":0,"texture":"#0"},"west":{"uv":[4.875,0.875,5.0,1.0],"tintindex":0,"rotation":0,"texture":"#0"},"up":{"uv":[7.125,3.375,7.0625,3.25],"tintindex":0,"rotation":0,"texture":"#0"},"down":{"uv":[7.1875,0.75,7.125,0.875],"tintindex":0,"rotation":0,"texture":"#0"}}},{"from":[8.629016,1.1612473,11.358476],"to":[10.629016,3.1612473,12.358476],"faces":{"east":{"uv":[1.125,8.0,1.1875,8.125],"tintindex":0,"rotation":0,"texture":"#0"},"south":{"uv":[3.5,7.875,3.625,8.0],"tintindex":0,"rotation":0,"texture":"#0"},"north":{"uv":[7.375,5.25,7.5,5.375],"tintindex":0,"rotation":0,"texture":"#0"},"west":{"uv":[1.1875,8.0,1.25,8.125],"tintindex":0,"rotation":0,"texture":"#0"},"up":{"uv":[1.3125,7.5,1.1875,7.4375],"tintindex":0,"rotation":0,"texture":"#0"},"down":{"uv":[7.5625,3.9375,7.4375,4.0],"tintindex":0,"rotation":0,"texture":"#0"}}},{"from":[5.879016,-7.5887527,4.6084757],"to":[9.879016,-3.5887527,8.108476],"faces":{"east":{"uv":[7.625,3.3125,7.875,3.5625],"tintindex":0,"rotation":0,"texture":"#0"},"south":{"uv":[7.4375,7.625,7.6875,7.875],"tintindex":0,"rotation":0,"texture":"#0"},"north":{"uv":[7.5625,2.125,7.8125,2.375],"tintindex":0,"rotation":0,"texture":"#0"},"west":{"uv":[0.875,7.6875,1.125,7.9375],"tintindex":0,"rotation":0,"texture":"#0"},"up":{"uv":[7.9375,2.625,7.6875,2.375],"tintindex":0,"rotation":0,"texture":"#0"},"down":{"uv":[7.9375,3.5625,7.6875,3.8125],"tintindex":0,"rotation":0,"texture":"#0"}},"rotation":{"origin":[9.129016,-0.83875275,7.8584757],"angle":-22.5,"axis":"x"}},{"from":[8.629016,1.1612473,3.3584757],"to":[10.629016,3.1612473,4.3584757],"faces":{"east":{"uv":[7.375,0.25,7.4375,0.375],"tintindex":0,"rotation":0,"texture":"#0"},"south":{"uv":[7.3125,7.0,7.4375,7.125],"tintindex":0,"rotation":0,"texture":"#0"},"north":{"uv":[6.3125,1.125,6.4375,1.25],"tintindex":0,"rotation":0,"texture":"#0"},"west":{"uv":[1.125,7.6875,1.1875,7.8125],"tintindex":0,"rotation":0,"texture":"#0"},"up":{"uv":[5.8125,6.75,5.6875,6.6875],"tintindex":0,"rotation":0,"texture":"#0"},"down":{"uv":[0.5625,6.75,0.4375,6.8125],"tintindex":0,"rotation":0,"texture":"#0"}}},{"from":[5.45984,-5.974579,4.6084757],"to":[10.459841,0.27542114,9.608476],"faces":{"east":{"uv":[7.0,6.75,7.3125,7.125],"tintindex":0,"rotation":0,"texture":"#0"},"south":{"uv":[7.0625,0.0,7.375,0.375],"tintindex":0,"rotation":0,"texture":"#0"},"north":{"uv":[6.375,7.0,6.6875,7.375],"tintindex":0,"rotation":0,"texture":"#0"},"west":{"uv":[0.3125,7.0625,0.625,7.4375],"tintindex":0,"rotation":0,"texture":"#0"},"up":{"uv":[7.6875,4.9375,7.375,4.625],"tintindex":0,"rotation":0,"texture":"#0"},"down":{"uv":[5.0,7.375,4.6875,7.6875],"tintindex":0,"rotation":0,"texture":"#0"}},"rotation":{"origin":[9.709841,1.0254211,7.8584757],"angle":-22.5,"axis":"x"}},{"from":[5.129016,1.1612473,3.3584757],"to":[7.129016,3.1612473,4.3584757],"faces":{"east":{"uv":[0.25,7.3125,0.3125,7.4375],"tintindex":0,"rotation":0,"texture":"#0"},"south":{"uv":[6.25,3.125,6.375,3.25],"tintindex":0,"rotation":0,"texture":"#0"},"north":{"uv":[4.1875,5.375,4.3125,5.5],"tintindex":0,"rotation":0,"texture":"#0"},"west":{"uv":[7.3125,2.75,7.375,2.875],"tintindex":0,"rotation":0,"texture":"#0"},"up":{"uv":[1.0,5.625,0.875,5.5625],"tintindex":0,"rotation":0,"texture":"#0"},"down":{"uv":[4.9375,6.4375,4.8125,6.5],"tintindex":0,"rotation":0,"texture":"#0"}}},{"from":[5.129016,1.1612473,11.358476],"to":[7.129016,3.1612473,12.358476],"faces":{"east":{"uv":[1.25,8.0,1.3125,8.125],"tintindex":0,"rotation":0,"texture":"#0"},"south":{"uv":[3.75,7.875,3.875,8.0],"tintindex":0,"rotation":0,"texture":"#0"},"north":{"uv":[3.625,7.875,3.75,8.0],"tintindex":0,"rotation":0,"texture":"#0"},"west":{"uv":[8.0,1.6875,8.0625,1.8125],"tintindex":0,"rotation":0,"texture":"#0"},"up":{"uv":[4.125,7.5,4.0,7.4375],"tintindex":0,"rotation":0,"texture":"#0"},"down":{"uv":[1.5625,7.5,1.4375,7.5625],"tintindex":0,"rotation":0,"texture":"#0"}}}],"display":{"gui":{"rotation":[30,225,0]}}}