{"textures":{"0":"modelengine:entity/toro_queenbee"},"elements":[{"from":[7.5,7.5,6.25],"to":[8.5,15.5,7.25],"faces":{"east":{"uv":[5.5625,7.6875,5.625,8.1875],"tintindex":0,"rotation":0,"texture":"#0"},"south":{"uv":[4.625,7.75,4.6875,8.25],"tintindex":0,"rotation":0,"texture":"#0"},"north":{"uv":[3.25,3.75,3.3125,4.25],"tintindex":0,"rotation":0,"texture":"#0"},"west":{"uv":[7.3125,7.75,7.375,8.25],"tintindex":0,"rotation":0,"texture":"#0"},"up":{"uv":[3.125,1.5625,3.0625,1.5],"tintindex":0,"rotation":0,"texture":"#0"},"down":{"uv":[1.875,5.625,1.8125,5.6875],"tintindex":0,"rotation":0,"texture":"#0"}},"rotation":{"origin":[9.5,11.5,7.25],"angle":-22.5,"axis":"x"}},{"from":[7.0,14.25,7.0],"to":[9.0,22.25,9.0],"faces":{"east":{"uv":[2.75,4.875,2.875,5.375],"tintindex":0,"rotation":0,"texture":"#0"},"south":{"uv":[2.75,5.375,2.875,5.875],"tintindex":0,"rotation":0,"texture":"#0"},"north":{"uv":[0.875,4.875,1.0,5.375],"tintindex":0,"rotation":0,"texture":"#0"},"west":{"uv":[0.4375,6.25,0.5625,6.75],"tintindex":0,"rotation":0,"texture":"#0"},"up":{"uv":[8.0625,5.4375,7.9375,5.3125],"tintindex":0,"rotation":0,"texture":"#0"},"down":{"uv":[8.0625,5.4375,7.9375,5.5625],"tintindex":0,"rotation":0,"texture":"#0"}},"rotation":{"origin":[9.5,11.5,7.25],"angle":-45.0,"axis":"x"}}],"display":{"gui":{"rotation":[30,225,0]}}}