{"textures":{"0":"modelengine:entity/toro_queenbee"},"elements":[{"from":[5.7901597,-6.724579,4.608476],"to":[10.79016,0.27542114,9.608477],"faces":{"east":{"uv":[0.3125,6.875,0.0,7.3125],"tintindex":0,"rotation":0,"texture":"#0"},"south":{"uv":[7.125,2.4375,6.8125,2.875],"tintindex":0,"rotation":0,"texture":"#0"},"north":{"uv":[7.125,0.4375,6.8125,0.875],"tintindex":0,"rotation":0,"texture":"#0"},"west":{"uv":[1.3125,6.8125,1.0,7.25],"tintindex":0,"rotation":0,"texture":"#0"},"up":{"uv":[5.3125,7.6875,5.625,7.375],"tintindex":0,"rotation":0,"texture":"#0"},"down":{"uv":[6.375,7.375,6.6875,7.6875],"tintindex":0,"rotation":0,"texture":"#0"}},"rotation":{"origin":[6.2901597,1.0254211,-3.3915234],"angle":-22.5,"axis":"z"}},{"from":[5.370984,-8.588753,3.8584762],"to":[9.370984,-4.0887527,7.358476],"faces":{"east":{"uv":[7.6875,5.625,7.4375,5.9375],"tintindex":0,"rotation":0,"texture":"#0"},"south":{"uv":[7.6875,3.625,7.4375,3.9375],"tintindex":0,"rotation":0,"texture":"#0"},"north":{"uv":[6.625,2.9375,6.375,3.25],"tintindex":0,"rotation":0,"texture":"#0"},"west":{"uv":[7.6875,2.375,7.4375,2.6875],"tintindex":0,"rotation":0,"texture":"#0"},"up":{"uv":[7.6875,6.0625,7.9375,5.8125],"tintindex":0,"rotation":0,"texture":"#0"},"down":{"uv":[7.6875,6.0625,7.9375,6.3125],"tintindex":0,"rotation":0,"texture":"#0"}},"rotation":{"origin":[6.870984,-0.83875275,-3.3915234],"angle":-22.5,"axis":"z"}},{"from":[10.620984,-2.5887527,6.108476],"to":[12.620984,4.4112473,9.108477],"faces":{"east":{"uv":[3.0625,7.4375,2.875,7.875],"tintindex":0,"rotation":0,"texture":"#0"},"south":{"uv":[4.5,7.75,4.375,8.1875],"tintindex":0,"rotation":0,"texture":"#0"},"north":{"uv":[6.0,1.25,5.875,1.6875],"tintindex":0,"rotation":0,"texture":"#0"},"west":{"uv":[5.1875,1.6875,5.0,2.125],"tintindex":0,"rotation":0,"texture":"#0"},"up":{"uv":[0.875,5.5625,1.0,5.375],"tintindex":0,"rotation":0,"texture":"#0"},"down":{"uv":[2.625,5.6875,2.75,5.875],"tintindex":0,"rotation":0,"texture":"#0"}}},{"from":[4.370984,-1.8387527,4.108476],"to":[11.370984,8.161247,11.108477],"faces":{"east":{"uv":[6.4375,1.875,6.0,2.5],"tintindex":0,"rotation":0,"texture":"#0"},"south":{"uv":[6.4375,1.25,6.0,1.875],"tintindex":0,"rotation":0,"texture":"#0"},"north":{"uv":[5.8125,5.875,5.375,6.5],"tintindex":0,"rotation":0,"texture":"#0"},"west":{"uv":[6.375,2.5,5.9375,3.125],"tintindex":0,"rotation":0,"texture":"#0"},"up":{"uv":[6.4375,2.4375,6.875,2.0],"tintindex":0,"rotation":0,"texture":"#0"},"down":{"uv":[2.25,6.5,2.6875,6.9375],"tintindex":0,"rotation":0,"texture":"#0"}}}],"display":{"gui":{"rotation":[30,225,0]}}}