{"textures":{"0":"modelengine:entity/toro_queenbee"},"elements":[{"from":[10.620984,-2.5887527,6.358476],"to":[12.620984,4.4112473,9.358477],"faces":{"east":{"uv":[3.0625,7.4375,3.25,7.875],"tintindex":0,"rotation":0,"texture":"#0"},"south":{"uv":[6.125,7.75,6.25,8.1875],"tintindex":0,"rotation":0,"texture":"#0"},"north":{"uv":[4.5,7.75,4.625,8.1875],"tintindex":0,"rotation":0,"texture":"#0"},"west":{"uv":[7.4375,3.1875,7.625,3.625],"tintindex":0,"rotation":0,"texture":"#0"},"up":{"uv":[6.25,5.0625,6.125,4.875],"tintindex":0,"rotation":0,"texture":"#0"},"down":{"uv":[5.8125,6.5,5.6875,6.6875],"tintindex":0,"rotation":0,"texture":"#0"}}},{"from":[5.7901597,-6.724579,4.608476],"to":[10.79016,0.27542114,9.608477],"faces":{"east":{"uv":[6.875,1.3125,7.1875,1.75],"tintindex":0,"rotation":0,"texture":"#0"},"south":{"uv":[6.875,1.75,7.1875,2.1875],"tintindex":0,"rotation":0,"texture":"#0"},"north":{"uv":[6.875,0.875,7.1875,1.3125],"tintindex":0,"rotation":0,"texture":"#0"},"west":{"uv":[2.25,6.9375,2.5625,7.375],"tintindex":0,"rotation":0,"texture":"#0"},"up":{"uv":[0.5625,7.75,0.25,7.4375],"tintindex":0,"rotation":0,"texture":"#0"},"down":{"uv":[7.75,0.25,7.4375,0.5625],"tintindex":0,"rotation":0,"texture":"#0"}},"rotation":{"origin":[6.2901597,1.0254211,7.858476],"angle":-22.5,"axis":"z"}},{"from":[5.370984,-8.588753,3.8584762],"to":[9.370984,-4.0887527,7.358476],"faces":{"east":{"uv":[7.4375,6.25,7.6875,6.5625],"tintindex":0,"rotation":0,"texture":"#0"},"south":{"uv":[6.6875,7.4375,6.9375,7.75],"tintindex":0,"rotation":0,"texture":"#0"},"north":{"uv":[7.4375,5.9375,7.6875,6.25],"tintindex":0,"rotation":0,"texture":"#0"},"west":{"uv":[6.9375,7.4375,7.1875,7.75],"tintindex":0,"rotation":0,"texture":"#0"},"up":{"uv":[7.9375,6.5625,7.6875,6.3125],"tintindex":0,"rotation":0,"texture":"#0"},"down":{"uv":[6.625,7.6875,6.375,7.9375],"tintindex":0,"rotation":0,"texture":"#0"}},"rotation":{"origin":[6.870984,-0.83875275,7.858476],"angle":-22.5,"axis":"z"}},{"from":[4.370984,-1.8387527,4.358476],"to":[11.370984,8.161247,11.358477],"faces":{"east":{"uv":[3.5,6.125,3.9375,6.75],"tintindex":0,"rotation":0,"texture":"#0"},"south":{"uv":[3.9375,6.125,4.375,6.75],"tintindex":0,"rotation":0,"texture":"#0"},"north":{"uv":[1.8125,6.0625,2.25,6.6875],"tintindex":0,"rotation":0,"texture":"#0"},"west":{"uv":[4.375,6.125,4.8125,6.75],"tintindex":0,"rotation":0,"texture":"#0"},"up":{"uv":[3.125,6.9375,2.6875,6.5],"tintindex":0,"rotation":0,"texture":"#0"},"down":{"uv":[5.25,6.5,4.8125,6.9375],"tintindex":0,"rotation":0,"texture":"#0"}}}],"display":{"gui":{"rotation":[30,225,0]}}}