{"elements":[{"from":[15.683107,-4.571431,-6.2594624],"to":[15.683107,32.0,30.311968],"rotation":{"angle":45.0,"axis":"y","origin":[15.683107,-2.8571453,13.454824]},"faces":{"east":{"uv":[0.0,0.0,16.0,16.0],"rotation":0,"texture":"#1","tintindex":0},"south":{"uv":[0.0,0.0,0.0,7.375],"rotation":0,"texture":"#1","tintindex":0},"north":{"uv":[0.0,0.0,0.0,7.375],"rotation":0,"texture":"#1","tintindex":0},"west":{"uv":[16.0,0.0,0.0,16.0],"rotation":0,"texture":"#1","tintindex":0},"up":{"uv":[0.0,7.875,0.0,0.0],"rotation":0,"texture":"#1","tintindex":0},"down":{"uv":[0.0,0.0,0.0,7.875],"rotation":0,"texture":"#1","tintindex":0}}}],"textures":{"1":"modelengine:entity/toro_queenbee_wing"},"display":{"head":{"translation":[0.0,9.600008,0.0],"scale":[4.0,4.0,4.0]}}}