{"textures":{"0":"modelengine:entity/toro_queenbee"},"elements":[{"from":[7.5,7.5,6.25],"to":[8.5,15.5,7.25],"faces":{"east":{"uv":[2.8125,7.8125,2.875,8.3125],"tintindex":0,"rotation":0,"texture":"#0"},"south":{"uv":[4.1875,7.8125,4.25,8.3125],"tintindex":0,"rotation":0,"texture":"#0"},"north":{"uv":[7.375,7.75,7.4375,8.25],"tintindex":0,"rotation":0,"texture":"#0"},"west":{"uv":[7.875,2.6875,7.9375,3.1875],"tintindex":0,"rotation":0,"texture":"#0"},"up":{"uv":[6.875,1.125,6.8125,1.0625],"tintindex":0,"rotation":0,"texture":"#0"},"down":{"uv":[3.125,6.9375,3.0625,7.0],"tintindex":0,"rotation":0,"texture":"#0"}},"rotation":{"origin":[6.5,11.5,7.25],"angle":-22.5,"axis":"x"}},{"from":[7.0,14.25,7.0],"to":[9.0,22.25,9.0],"faces":{"east":{"uv":[1.9375,7.625,2.0625,8.125],"tintindex":0,"rotation":0,"texture":"#0"},"south":{"uv":[5.4375,7.6875,5.5625,8.1875],"tintindex":0,"rotation":0,"texture":"#0"},"north":{"uv":[4.25,7.5,4.375,8.0],"tintindex":0,"rotation":0,"texture":"#0"},"west":{"uv":[0.75,7.75,0.875,8.25],"tintindex":0,"rotation":0,"texture":"#0"},"up":{"uv":[8.0625,5.6875,7.9375,5.5625],"tintindex":0,"rotation":0,"texture":"#0"},"down":{"uv":[8.0625,5.6875,7.9375,5.8125],"tintindex":0,"rotation":0,"texture":"#0"}},"rotation":{"origin":[6.5,11.5,7.25],"angle":-45.0,"axis":"x"}}],"display":{"gui":{"rotation":[30,225,0]}}}