{"textures":{"0":"modelengine:entity/toro_queenbee"},"elements":[{"from":[5.5401597,-5.974579,4.6084757],"to":[10.54016,0.27542114,9.608476],"faces":{"east":{"uv":[7.0625,2.875,7.375,3.25],"tintindex":0,"rotation":0,"texture":"#0"},"south":{"uv":[7.0625,4.625,7.375,5.0],"tintindex":0,"rotation":0,"texture":"#0"},"north":{"uv":[0.625,7.0625,0.9375,7.4375],"tintindex":0,"rotation":0,"texture":"#0"},"west":{"uv":[7.0625,5.0,7.375,5.375],"tintindex":0,"rotation":0,"texture":"#0"},"up":{"uv":[7.6875,5.25,7.375,4.9375],"tintindex":0,"rotation":0,"texture":"#0"},"down":{"uv":[5.3125,7.375,5.0,7.6875],"tintindex":0,"rotation":0,"texture":"#0"}},"rotation":{"origin":[6.2901597,1.0254211,7.8584757],"angle":-22.5,"axis":"x"}},{"from":[5.370984,1.1612473,11.358476],"to":[7.370984,3.1612473,12.358476],"faces":{"east":{"uv":[3.6875,8.0,3.75,8.125],"tintindex":0,"rotation":0,"texture":"#0"},"south":{"uv":[1.0,7.9375,1.125,8.0625],"tintindex":0,"rotation":0,"texture":"#0"},"north":{"uv":[0.875,7.9375,1.0,8.0625],"tintindex":0,"rotation":0,"texture":"#0"},"west":{"uv":[3.75,8.0,3.8125,8.125],"tintindex":0,"rotation":0,"texture":"#0"},"up":{"uv":[7.9375,0.25,7.8125,0.1875],"tintindex":0,"rotation":0,"texture":"#0"},"down":{"uv":[1.4375,7.8125,1.3125,7.875],"tintindex":0,"rotation":0,"texture":"#0"}}},{"from":[8.870984,1.1612473,11.358476],"to":[10.870984,3.1612473,12.358476],"faces":{"east":{"uv":[3.8125,8.0,3.875,8.125],"tintindex":0,"rotation":0,"texture":"#0"},"south":{"uv":[1.8125,7.9375,1.9375,8.0625],"tintindex":0,"rotation":0,"texture":"#0"},"north":{"uv":[1.6875,7.9375,1.8125,8.0625],"tintindex":0,"rotation":0,"texture":"#0"},"west":{"uv":[3.875,8.0,3.9375,8.125],"tintindex":0,"rotation":0,"texture":"#0"},"up":{"uv":[7.9375,2.375,7.8125,2.3125],"tintindex":0,"rotation":0,"texture":"#0"},"down":{"uv":[7.9375,4.5,7.8125,4.5625],"tintindex":0,"rotation":0,"texture":"#0"}}},{"from":[11.370984,1.1612473,8.858476],"to":[12.370984,3.1612473,10.858476],"faces":{"east":{"uv":[7.9375,2.3125,8.0625,2.4375],"tintindex":0,"rotation":0,"texture":"#0"},"south":{"uv":[8.0,3.9375,8.0625,4.0625],"tintindex":0,"rotation":0,"texture":"#0"},"north":{"uv":[3.9375,8.0,4.0,8.125],"tintindex":0,"rotation":0,"texture":"#0"},"west":{"uv":[7.9375,2.4375,8.0625,2.5625],"tintindex":0,"rotation":0,"texture":"#0"},"up":{"uv":[4.0625,8.125,4.0,8.0],"tintindex":0,"rotation":0,"texture":"#0"},"down":{"uv":[4.125,8.0,4.0625,8.125],"tintindex":0,"rotation":0,"texture":"#0"}}},{"from":[5.370984,1.1612473,3.3584757],"to":[7.370984,3.1612473,4.3584757],"faces":{"east":{"uv":[3.5625,8.0,3.625,8.125],"tintindex":0,"rotation":0,"texture":"#0"},"south":{"uv":[7.875,7.875,8.0,8.0],"tintindex":0,"rotation":0,"texture":"#0"},"north":{"uv":[7.875,7.75,8.0,7.875],"tintindex":0,"rotation":0,"texture":"#0"},"west":{"uv":[3.625,8.0,3.6875,8.125],"tintindex":0,"rotation":0,"texture":"#0"},"up":{"uv":[7.6875,4.625,7.5625,4.5625],"tintindex":0,"rotation":0,"texture":"#0"},"down":{"uv":[7.875,5.5,7.75,5.5625],"tintindex":0,"rotation":0,"texture":"#0"}}},{"from":[4.370984,-1.8387527,4.3584757],"to":[11.370984,8.161247,11.358476],"faces":{"east":{"uv":[3.0625,5.875,3.5,6.5],"tintindex":0,"rotation":0,"texture":"#0"},"south":{"uv":[5.875,4.25,6.3125,4.875],"tintindex":0,"rotation":0,"texture":"#0"},"north":{"uv":[2.625,5.875,3.0625,6.5],"tintindex":0,"rotation":0,"texture":"#0"},"west":{"uv":[4.9375,5.875,5.375,6.5],"tintindex":0,"rotation":0,"texture":"#0"},"up":{"uv":[6.875,1.5625,6.4375,1.125],"tintindex":0,"rotation":0,"texture":"#0"},"down":{"uv":[6.875,1.5625,6.4375,2.0],"tintindex":0,"rotation":0,"texture":"#0"}}},{"from":[6.120984,-7.5887527,4.6084757],"to":[10.120984,-3.5887527,8.108476],"faces":{"east":{"uv":[4.6875,7.6875,4.9375,7.9375],"tintindex":0,"rotation":0,"texture":"#0"},"south":{"uv":[7.6875,4.8125,7.9375,5.0625],"tintindex":0,"rotation":0,"texture":"#0"},"north":{"uv":[7.6875,4.5625,7.9375,4.8125],"tintindex":0,"rotation":0,"texture":"#0"},"west":{"uv":[4.9375,7.6875,5.1875,7.9375],"tintindex":0,"rotation":0,"texture":"#0"},"up":{"uv":[5.4375,7.9375,5.1875,7.6875],"tintindex":0,"rotation":0,"texture":"#0"},"down":{"uv":[7.9375,5.5625,7.6875,5.8125],"tintindex":0,"rotation":0,"texture":"#0"}},"rotation":{"origin":[6.870984,-0.83875275,7.8584757],"angle":-22.5,"axis":"x"}},{"from":[3.370984,1.1612473,4.8584757],"to":[4.370984,3.1612473,6.8584757],"faces":{"east":{"uv":[7.9375,2.9375,8.0625,3.0625],"tintindex":0,"rotation":0,"texture":"#0"},"south":{"uv":[8.0,4.3125,8.0625,4.4375],"tintindex":0,"rotation":0,"texture":"#0"},"north":{"uv":[4.3125,8.0,4.375,8.125],"tintindex":0,"rotation":0,"texture":"#0"},"west":{"uv":[7.9375,3.0625,8.0625,3.1875],"tintindex":0,"rotation":0,"texture":"#0"},"up":{"uv":[5.6875,8.125,5.625,8.0],"tintindex":0,"rotation":0,"texture":"#0"},"down":{"uv":[5.75,8.0,5.6875,8.125],"tintindex":0,"rotation":0,"texture":"#0"}}},{"from":[11.370984,1.1612473,4.8584757],"to":[12.370984,3.1612473,6.8584757],"faces":{"east":{"uv":[7.875,6.6875,8.0,6.8125],"tintindex":0,"rotation":0,"texture":"#0"},"south":{"uv":[2.75,8.0,2.8125,8.125],"tintindex":0,"rotation":0,"texture":"#0"},"north":{"uv":[2.6875,8.0,2.75,8.125],"tintindex":0,"rotation":0,"texture":"#0"},"west":{"uv":[7.875,6.8125,8.0,6.9375],"tintindex":0,"rotation":0,"texture":"#0"},"up":{"uv":[8.0625,3.3125,8.0,3.1875],"tintindex":0,"rotation":0,"texture":"#0"},"down":{"uv":[8.0625,3.3125,8.0,3.4375],"tintindex":0,"rotation":0,"texture":"#0"}}},{"from":[3.370984,1.1612473,8.858476],"to":[4.370984,3.1612473,10.858476],"faces":{"east":{"uv":[7.9375,2.6875,8.0625,2.8125],"tintindex":0,"rotation":0,"texture":"#0"},"south":{"uv":[4.125,8.0,4.1875,8.125],"tintindex":0,"rotation":0,"texture":"#0"},"north":{"uv":[8.0,4.0625,8.0625,4.1875],"tintindex":0,"rotation":0,"texture":"#0"},"west":{"uv":[7.9375,2.8125,8.0625,2.9375],"tintindex":0,"rotation":0,"texture":"#0"},"up":{"uv":[8.0625,4.3125,8.0,4.1875],"tintindex":0,"rotation":0,"texture":"#0"},"down":{"uv":[4.3125,8.0,4.25,8.125],"tintindex":0,"rotation":0,"texture":"#0"}}},{"from":[8.870984,1.1612473,3.3584757],"to":[10.870984,3.1612473,4.3584757],"faces":{"east":{"uv":[8.0,3.4375,8.0625,3.5625],"tintindex":0,"rotation":0,"texture":"#0"},"south":{"uv":[7.5625,7.875,7.6875,8.0],"tintindex":0,"rotation":0,"texture":"#0"},"north":{"uv":[7.4375,7.875,7.5625,8.0],"tintindex":0,"rotation":0,"texture":"#0"},"west":{"uv":[3.5,8.0,3.5625,8.125],"tintindex":0,"rotation":0,"texture":"#0"},"up":{"uv":[7.625,5.625,7.5,5.5625],"tintindex":0,"rotation":0,"texture":"#0"},"down":{"uv":[1.8125,7.5625,1.6875,7.625],"tintindex":0,"rotation":0,"texture":"#0"}}}],"display":{"gui":{"rotation":[30,225,0]}}}