{"textures":{"0":"modelengine:entity/toro_queenbee"},"elements":[{"from":[5.0,6.25,23.5],"to":[10.0,11.25,27.5],"faces":{"east":{"uv":[5.8125,3.25,6.625,3.625],"tintindex":0,"rotation":90,"texture":"#0"},"south":{"uv":[5.1875,1.6875,6.0,2.5],"tintindex":0,"rotation":0,"texture":"#0"},"north":{"uv":[5.0,5.0625,5.8125,5.875],"tintindex":0,"rotation":0,"texture":"#0"},"west":{"uv":[5.8125,3.25,6.625,3.625],"tintindex":0,"rotation":90,"texture":"#0"},"up":{"uv":[6.625,3.625,5.8125,3.25],"tintindex":0,"rotation":0,"texture":"#0"},"down":{"uv":[6.625,3.25,5.8125,3.625],"tintindex":0,"rotation":0,"texture":"#0"}}},{"from":[2.0,3.25,15.5],"to":[13.0,14.25,19.5],"faces":{"east":{"uv":[5.8125,3.25,6.625,3.625],"tintindex":0,"rotation":90,"texture":"#0"},"south":{"uv":[5.1875,1.6875,6.0,2.5],"tintindex":0,"rotation":0,"texture":"#0"},"north":{"uv":[5.0,5.0625,5.8125,5.875],"tintindex":0,"rotation":0,"texture":"#0"},"west":{"uv":[5.8125,3.25,6.625,3.625],"tintindex":0,"rotation":90,"texture":"#0"},"up":{"uv":[6.625,3.625,5.8125,3.25],"tintindex":0,"rotation":0,"texture":"#0"},"down":{"uv":[6.625,3.25,5.8125,3.625],"tintindex":0,"rotation":0,"texture":"#0"}}},{"from":[3.0,4.25,19.5],"to":[12.0,13.25,23.5],"faces":{"east":{"uv":[5.8125,3.25,6.625,3.625],"tintindex":0,"rotation":90,"texture":"#0"},"south":{"uv":[5.1875,1.6875,6.0,2.5],"tintindex":0,"rotation":0,"texture":"#0"},"north":{"uv":[5.0,5.0625,5.8125,5.875],"tintindex":0,"rotation":0,"texture":"#0"},"west":{"uv":[5.8125,3.25,6.625,3.625],"tintindex":0,"rotation":90,"texture":"#0"},"up":{"uv":[6.625,3.625,5.8125,3.25],"tintindex":0,"rotation":0,"texture":"#0"},"down":{"uv":[6.625,3.25,5.8125,3.625],"tintindex":0,"rotation":0,"texture":"#0"}}},{"from":[1.0,2.25,9.5],"to":[14.0,15.25,15.5],"faces":{"east":{"uv":[5.8125,3.25,6.625,3.625],"tintindex":0,"rotation":90,"texture":"#0"},"south":{"uv":[5.1875,1.6875,6.0,2.5],"tintindex":0,"rotation":0,"texture":"#0"},"north":{"uv":[5.0,5.0625,5.8125,5.875],"tintindex":0,"rotation":0,"texture":"#0"},"west":{"uv":[5.8125,3.25,6.625,3.625],"tintindex":0,"rotation":90,"texture":"#0"},"up":{"uv":[6.625,3.625,5.8125,3.25],"tintindex":0,"rotation":0,"texture":"#0"},"down":{"uv":[6.625,3.25,5.8125,3.625],"tintindex":0,"rotation":0,"texture":"#0"}}}],"display":{"gui":{"rotation":[30,225,0]}}}