{"textures":{"0":"modelengine:entity/toro_queenbee"},"elements":[{"from":[1.5,2.6286774,6.535534],"to":[13.5,14.628677,16.535534],"faces":{"east":{"uv":[5.1875,3.25,5.8125,4.0],"tintindex":0,"rotation":0,"texture":"#0"},"south":{"uv":[5.1875,2.5,5.9375,3.25],"tintindex":0,"rotation":0,"texture":"#0"},"north":{"uv":[3.5625,4.625,4.3125,5.375],"tintindex":0,"rotation":0,"texture":"#0"},"west":{"uv":[3.5625,5.375,4.1875,6.125],"tintindex":0,"rotation":0,"texture":"#0"},"up":{"uv":[6.1875,0.625,5.4375,0.0],"tintindex":0,"rotation":0,"texture":"#0"},"down":{"uv":[4.9375,5.5,4.1875,6.125],"tintindex":0,"rotation":0,"texture":"#0"}}},{"from":[4.5,5.6286774,18.535534],"to":[10.5,11.628677,23.535534],"faces":{"east":{"uv":[7.125,3.625,7.4375,4.0],"tintindex":0,"rotation":0,"texture":"#0"},"south":{"uv":[4.125,6.75,4.5,7.125],"tintindex":0,"rotation":0,"texture":"#0"},"north":{"uv":[2.25,6.0625,2.625,6.4375],"tintindex":0,"rotation":0,"texture":"#0"},"west":{"uv":[4.125,7.125,4.4375,7.5],"tintindex":0,"rotation":0,"texture":"#0"},"up":{"uv":[7.0625,7.4375,6.6875,7.125],"tintindex":0,"rotation":0,"texture":"#0"},"down":{"uv":[7.4375,7.125,7.0625,7.4375],"tintindex":0,"rotation":0,"texture":"#0"}}},{"from":[3.5,4.6286774,16.535534],"to":[11.5,12.628677,18.535534],"faces":{"east":{"uv":[7.75,0.75,7.875,1.25],"tintindex":0,"rotation":0,"texture":"#0"},"south":{"uv":[6.3125,0.625,6.8125,1.125],"tintindex":0,"rotation":0,"texture":"#0"},"north":{"uv":[2.375,1.0625,2.875,1.5625],"tintindex":0,"rotation":0,"texture":"#0"},"west":{"uv":[7.75,1.25,7.875,1.75],"tintindex":0,"rotation":0,"texture":"#0"},"up":{"uv":[8.1875,3.9375,7.6875,3.8125],"tintindex":0,"rotation":0,"texture":"#0"},"down":{"uv":[8.1875,5.0625,7.6875,5.1875],"tintindex":0,"rotation":0,"texture":"#0"}}}],"display":{"gui":{"rotation":[30,225,0]}}}