{"elements":[{"from":[6.857143,4.5714283,6.857143],"to":[9.142858,8.0,9.142858],"rotation":{"angle":0.0,"axis":"y","origin":[6.857143,-2.0,3.4285712]},"faces":{"east":{"uv":[10.0,6.5,11.0,8.0],"rotation":0,"texture":"#0","tintindex":0},"south":{"uv":[13.0,6.5,14.0,8.0],"rotation":0,"texture":"#0","tintindex":0},"north":{"uv":[11.0,6.5,12.0,8.0],"rotation":0,"texture":"#0","tintindex":0},"west":{"uv":[12.0,6.5,13.0,8.0],"rotation":0,"texture":"#0","tintindex":0},"up":{"uv":[13.0,5.0,12.0,4.0],"rotation":0,"texture":"#0","tintindex":0},"down":{"uv":[13.0,4.0,12.0,5.0],"rotation":0,"texture":"#0","tintindex":0}}},{"from":[6.5714283,4.285714,6.5714283],"to":[9.428572,8.0,9.428572],"rotation":{"angle":0.0,"axis":"y","origin":[6.857143,-1.7142859,3.4285712]},"faces":{"east":{"uv":[12.0,14.5,13.0,16.0],"rotation":0,"texture":"#0","tintindex":0},"south":{"uv":[15.0,14.5,16.0,16.0],"rotation":0,"texture":"#0","tintindex":0},"north":{"uv":[13.0,14.5,14.0,16.0],"rotation":0,"texture":"#0","tintindex":0},"west":{"uv":[14.0,14.5,15.0,16.0],"rotation":0,"texture":"#0","tintindex":0},"up":{"uv":[14.0,13.0,13.0,12.0],"rotation":0,"texture":"#0","tintindex":0},"down":{"uv":[15.0,12.0,14.0,13.0],"rotation":0,"texture":"#0","tintindex":0}}}],"textures":{"0":"modelengine:entity/npc_timid1"},"display":{"head":{"translation":[0.0,-6.4,0.0],"scale":[4.0,4.0,4.0]}}}