{"elements":[{"from":[5.714286,8.285714,6.857143],"to":[10.285714,11.714286,9.142858],"rotation":{"angle":0.0,"axis":"y","origin":[8.0,11.714286,8.0]},"faces":{"east":{"uv":[4.0,6.5,5.0,8.0],"rotation":0,"texture":"#0","tintindex":0},"south":{"uv":[8.0,6.5,10.0,8.0],"rotation":0,"texture":"#0","tintindex":0},"north":{"uv":[5.0,6.5,7.0,8.0],"rotation":0,"texture":"#0","tintindex":0},"west":{"uv":[7.0,6.5,8.0,8.0],"rotation":0,"texture":"#0","tintindex":0},"up":{"uv":[7.0,5.0,5.0,4.0],"rotation":0,"texture":"#0","tintindex":0},"down":{"uv":[9.0,4.0,7.0,5.0],"rotation":0,"texture":"#0","tintindex":0}}},{"from":[5.714286,8.011429,6.5714283],"to":[10.285714,11.440001,9.428572],"rotation":{"angle":0.0,"axis":"y","origin":[3.4285712,1.9999995,3.4285712]},"faces":{"east":{"uv":[4.0,10.5,5.0,12.0],"rotation":0,"texture":"#0","tintindex":0},"south":{"uv":[8.0,10.5,10.0,12.0],"rotation":0,"texture":"#0","tintindex":0},"north":{"uv":[5.0,10.5,7.0,12.0],"rotation":0,"texture":"#0","tintindex":0},"west":{"uv":[7.0,10.5,8.0,12.0],"rotation":0,"texture":"#0","tintindex":0},"up":{"uv":[7.0,9.0,5.0,8.0],"rotation":0,"texture":"#0","tintindex":0},"down":{"uv":[9.0,8.0,7.0,9.0],"rotation":0,"texture":"#0","tintindex":0}}}],"textures":{"0":"modelengine:entity/npc_timid_slim1"},"display":{"head":{"translation":[0.0,-6.4,0.0],"scale":[4.0,4.0,4.0]}}}