{"elements":[{"from":[6.857143,4.5714283,6.857143],"to":[8.571428,8.0,9.142858],"rotation":{"angle":0.0,"axis":"y","origin":[6.857143,-2.0,3.4285712]},"faces":{"east":{"uv":[9.75,14.5,10.75,16.0],"rotation":0,"texture":"#0","tintindex":0},"south":{"uv":[10.75,14.5,11.5,16.0],"rotation":0,"texture":"#0","tintindex":0},"north":{"uv":[9.0,14.5,9.75,16.0],"rotation":0,"texture":"#0","tintindex":0},"west":{"uv":[8.0,14.5,9.0,16.0],"rotation":0,"texture":"#0","tintindex":0},"up":{"uv":[13.0,5.0,12.0,4.0],"rotation":0,"texture":"#0","tintindex":0},"down":{"uv":[12.5,4.0,11.75,5.0],"rotation":0,"texture":"#0","tintindex":0}}},{"from":[6.5714283,4.285714,6.5714283],"to":[9.428572,8.0,9.428572],"rotation":{"angle":0.0,"axis":"y","origin":[6.857143,-1.7142859,3.4285712]},"faces":{"east":{"uv":[12.0,14.5,13.0,16.0],"rotation":0,"texture":"#0","tintindex":0},"south":{"uv":[14.75,14.5,15.5,16.0],"rotation":0,"texture":"#0","tintindex":0},"north":{"uv":[13.0,14.5,13.75,16.0],"rotation":0,"texture":"#0","tintindex":0},"west":{"uv":[13.75,14.5,14.75,16.0],"rotation":0,"texture":"#0","tintindex":0},"up":{"uv":[14.0,13.0,13.0,12.0],"rotation":0,"texture":"#0","tintindex":0},"down":{"uv":[15.0,12.0,14.0,13.0],"rotation":0,"texture":"#0","tintindex":0}}}],"textures":{"0":"modelengine:entity/npc_timid_slim1"},"display":{"head":{"translation":[0.0,-6.4,0.0],"scale":[4.0,4.0,4.0]}}}