{"elements":[{"from":[6.5714283,4.8571424,6.5714283],"to":[9.428572,8.285714,9.428572],"rotation":{"angle":0.0,"axis":"y","origin":[4.5714283,5.714286,3.4285712]},"faces":{"east":{"uv":[0.0,14.5,1.0,16.0],"rotation":0,"texture":"#0","tintindex":0},"south":{"uv":[3.0,14.5,4.0,16.0],"rotation":0,"texture":"#0","tintindex":0},"north":{"uv":[1.0,14.5,2.0,16.0],"rotation":0,"texture":"#0","tintindex":0},"west":{"uv":[2.0,14.5,3.0,16.0],"rotation":0,"texture":"#0","tintindex":0},"up":{"uv":[2.0,13.0,1.0,12.0],"rotation":0,"texture":"#0","tintindex":0},"down":{"uv":[3.0,12.0,2.0,13.0],"rotation":0,"texture":"#0","tintindex":0}}},{"from":[6.857143,5.142857,6.857143],"to":[9.142858,8.571428,9.142858],"rotation":{"angle":0.0,"axis":"y","origin":[4.5714283,5.428571,3.4285712]},"faces":{"east":{"uv":[4.0,14.5,5.0,16.0],"rotation":0,"texture":"#0","tintindex":0},"south":{"uv":[7.0,14.5,8.0,16.0],"rotation":0,"texture":"#0","tintindex":0},"north":{"uv":[5.0,14.5,6.0,16.0],"rotation":0,"texture":"#0","tintindex":0},"west":{"uv":[6.0,14.5,7.0,16.0],"rotation":0,"texture":"#0","tintindex":0},"up":{"uv":[7.0,13.0,6.0,12.0],"rotation":0,"texture":"#0","tintindex":0},"down":{"uv":[7.0,12.0,6.0,13.0],"rotation":0,"texture":"#0","tintindex":0}}}],"textures":{"0":"modelengine:entity/npc_timid_slim1"},"display":{"head":{"translation":[0.0,-6.4,0.0],"scale":[4.0,4.0,4.0]}}}