{"elements":[{"from":[6.857143,5.142857,6.857143],"to":[8.571428,8.571428,9.142858],"rotation":{"angle":0.0,"axis":"y","origin":[0.0,-4.8571434,3.4285712]},"faces":{"east":{"uv":[10.0,5.0,11.0,6.5],"rotation":0,"texture":"#0","tintindex":0},"south":{"uv":[12.75,5.0,13.5,6.5],"rotation":0,"texture":"#0","tintindex":0},"north":{"uv":[11.0,5.0,11.75,6.5],"rotation":0,"texture":"#0","tintindex":0},"west":{"uv":[11.75,5.0,12.75,6.5],"rotation":0,"texture":"#0","tintindex":0},"up":{"uv":[11.75,5.0,11.0,4.0],"rotation":0,"texture":"#0","tintindex":0},"down":{"uv":[11.0,12.0,10.0,13.0],"rotation":0,"texture":"#0","tintindex":0}}},{"from":[6.5714283,5.142857,6.5714283],"to":[8.857143,8.857143,9.428572],"rotation":{"angle":0.0,"axis":"y","origin":[0.0,-4.5714293,3.4285712]},"faces":{"east":{"uv":[10.0,9.0,11.0,10.5],"rotation":0,"texture":"#0","tintindex":0},"south":{"uv":[12.75,9.0,13.5,10.5],"rotation":0,"texture":"#0","tintindex":0},"north":{"uv":[11.0,9.0,11.75,10.5],"rotation":0,"texture":"#0","tintindex":0},"west":{"uv":[11.75,9.0,12.75,10.5],"rotation":0,"texture":"#0","tintindex":0},"up":{"uv":[12.0,9.0,11.0,8.0],"rotation":0,"texture":"#0","tintindex":0},"down":{"uv":[12.0,8.0,11.0,9.0],"rotation":0,"texture":"#0","tintindex":0}}}],"textures":{"0":"modelengine:entity/npc_timid_slim1"},"display":{"head":{"translation":[0.0,-6.4,0.0],"scale":[4.0,4.0,4.0]}}}