{"elements":[{"from":[5.714286,8.011429,5.428571],"to":[10.285714,11.440001,8.285714],"rotation":{"angle":0.0,"axis":"y","origin":[3.4285712,-1.4285717,2.2857141]},"faces":{"east":{"uv":[4.0,9.0,5.0,10.5],"rotation":0,"texture":"#0","tintindex":0},"south":{"uv":[8.0,9.0,10.0,10.5],"rotation":0,"texture":"#0","tintindex":0},"north":{"uv":[5.0,9.0,7.0,10.5],"rotation":0,"texture":"#0","tintindex":0},"west":{"uv":[7.0,9.0,8.0,10.5],"rotation":0,"texture":"#0","tintindex":0},"up":{"uv":[7.0,9.0,5.0,8.0],"rotation":0,"texture":"#0","tintindex":0},"down":{"uv":[9.0,8.0,7.0,9.0],"rotation":0,"texture":"#0","tintindex":0}}},{"from":[5.714286,8.285714,5.714286],"to":[10.285714,11.714286,8.0],"rotation":{"angle":0.0,"axis":"y","origin":[8.0,8.285714,6.857143]},"faces":{"east":{"uv":[4.0,5.0,5.0,6.5],"rotation":0,"texture":"#0","tintindex":0},"south":{"uv":[8.0,5.0,10.0,6.5],"rotation":0,"texture":"#0","tintindex":0},"north":{"uv":[5.0,5.0,7.0,6.5],"rotation":0,"texture":"#0","tintindex":0},"west":{"uv":[7.0,5.0,8.0,6.5],"rotation":0,"texture":"#0","tintindex":0},"up":{"uv":[7.0,5.0,5.0,4.0],"rotation":0,"texture":"#0","tintindex":0},"down":{"uv":[9.0,4.0,7.0,5.0],"rotation":0,"texture":"#0","tintindex":0}}}],"textures":{"0":"modelengine:entity/npc_timid_slim1"},"display":{"head":{"translation":[0.0,-6.4,0.0],"scale":[4.0,4.0,4.0]}}}