{"elements":[{"from":[-10.285715,-4.57143,12.571428],"to":[26.285715,32.0,12.571428],"rotation":{"angle":0.0,"axis":"y","origin":[3.4285712,-4.57143,8.571428]},"faces":{"east":{"uv":[0.0,0.0,0.0,16.0],"rotation":0,"texture":"#0","tintindex":0},"south":{"uv":[0.0,0.0,16.0,16.0],"rotation":0,"texture":"#0","tintindex":0},"north":{"uv":[16.0,0.0,0.0,16.0],"rotation":0,"texture":"#0","tintindex":0},"west":{"uv":[0.0,0.0,0.0,16.0],"rotation":0,"texture":"#0","tintindex":0},"up":{"uv":[0.0,0.0,16.0,0.0],"rotation":0,"texture":"#0","tintindex":0},"down":{"uv":[0.0,0.0,16.0,0.0],"rotation":0,"texture":"#0","tintindex":0}}}],"textures":{"0":"modelengine:entity/deep_creature_dust"},"display":{"head":{"translation":[0.0,27.885721,0.0],"scale":[4.0,4.0,4.0]}}}