{"elements":[{"from":[4.285714,6.714286,4.285714],"to":[11.714286,8.142858,11.714286],"rotation":{"angle":0.0,"axis":"y","origin":[12.857143,6.142857,-16.857143]},"faces":{"east":{"uv":[7.5,3.75,10.75,4.5],"rotation":0,"texture":"#0","tintindex":0},"south":{"uv":[7.5,4.5,10.75,5.25],"rotation":0,"texture":"#0","tintindex":0},"north":{"uv":[7.5,3.0,10.75,3.75],"rotation":0,"texture":"#0","tintindex":0},"west":{"uv":[7.5,5.25,10.75,6.0],"rotation":0,"texture":"#0","tintindex":0},"up":{"uv":[7.5,3.25,4.25,0.0],"rotation":0,"texture":"#0","tintindex":0},"down":{"uv":[7.5,3.25,4.25,6.5],"rotation":0,"texture":"#0","tintindex":0}}}],"textures":{"0":"modelengine:entity/deep_debris_small"},"display":{"head":{"translation":[0.0,-6.4,0.0],"scale":[4.0,4.0,4.0]}}}