{"parent":"minecraft:item/generated","textures":{"layer0":"minecraft:item/leather_horse_armor"},"overrides":[{"predicate":{"custom_model_data":1},"model":"modelengine:deep_creature/body"},{"predicate":{"custom_model_data":2},"model":"modelengine:deep_creature/head"},{"predicate":{"custom_model_data":3},"model":"modelengine:deep_creature/jaw"},{"predicate":{"custom_model_data":4},"model":"modelengine:deep_creature/belly"},{"predicate":{"custom_model_data":5},"model":"modelengine:deep_creature/heart"},{"predicate":{"custom_model_data":6},"model":"modelengine:deep_creature/left_arm"},{"predicate":{"custom_model_data":7},"model":"modelengine:deep_creature/left_forearm"},{"predicate":{"custom_model_data":8},"model":"modelengine:deep_creature/left_hand"},{"predicate":{"custom_model_data":9},"model":"modelengine:deep_creature/left_thumb"},{"predicate":{"custom_model_data":10},"model":"modelengine:deep_creature/left_mid"},{"predicate":{"custom_model_data":11},"model":"modelengine:deep_creature/left_pinky"},{"predicate":{"custom_model_data":12},"model":"modelengine:deep_creature/right_arm"},{"predicate":{"custom_model_data":13},"model":"modelengine:deep_creature/right_forearm"},{"predicate":{"custom_model_data":14},"model":"modelengine:deep_creature/right_hand"},{"predicate":{"custom_model_data":15},"model":"modelengine:deep_creature/right_thumb"},{"predicate":{"custom_model_data":16},"model":"modelengine:deep_creature/right_mid"},{"predicate":{"custom_model_data":17},"model":"modelengine:deep_creature/right_pinky"},{"predicate":{"custom_model_data":18},"model":"modelengine:deep_creature/hip"},{"predicate":{"custom_model_data":19},"model":"modelengine:deep_creature/left_leg"},{"predicate":{"custom_model_data":20},"model":"modelengine:deep_creature/left_foreleg"},{"predicate":{"custom_model_data":21},"model":"modelengine:deep_creature/right_leg"},{"predicate":{"custom_model_data":22},"model":"modelengine:deep_creature/right_foreleg"},{"predicate":{"custom_model_data":23},"model":"modelengine:deep_creature_dust_double/bone"},{"predicate":{"custom_model_data":24},"model":"modelengine:deep_creature_dust_double/bone2"},{"predicate":{"custom_model_data":25},"model":"modelengine:deep_creature_dust_ring/1"},{"predicate":{"custom_model_data":26},"model":"modelengine:deep_creature_dust_ring/2"},{"predicate":{"custom_model_data":27},"model":"modelengine:deep_creature_dust_ring/3"},{"predicate":{"custom_model_data":28},"model":"modelengine:deep_creature_dust_ring/4"},{"predicate":{"custom_model_data":29},"model":"modelengine:deep_creature_dust_ring/5"},{"predicate":{"custom_model_data":30},"model":"modelengine:deep_creature_dust_ring/6"},{"predicate":{"custom_model_data":31},"model":"modelengine:deep_creature_dust_ring/7"},{"predicate":{"custom_model_data":32},"model":"modelengine:deep_creature_dust_ring/8"},{"predicate":{"custom_model_data":33},"model":"modelengine:deep_creature_still/body"},{"predicate":{"custom_model_data":34},"model":"modelengine:deep_creature_still/head"},{"predicate":{"custom_model_data":35},"model":"modelengine:deep_creature_still/jaw"},{"predicate":{"custom_model_data":36},"model":"modelengine:deep_creature_still/belly"},{"predicate":{"custom_model_data":37},"model":"modelengine:deep_creature_still/heart"},{"predicate":{"custom_model_data":38},"model":"modelengine:deep_creature_still/left_arm"},{"predicate":{"custom_model_data":39},"model":"modelengine:deep_creature_still/left_forearm"},{"predicate":{"custom_model_data":40},"model":"modelengine:deep_creature_still/left_hand"},{"predicate":{"custom_model_data":41},"model":"modelengine:deep_creature_still/left_thumb"},{"predicate":{"custom_model_data":42},"model":"modelengine:deep_creature_still/left_mid"},{"predicate":{"custom_model_data":43},"model":"modelengine:deep_creature_still/left_pinky"},{"predicate":{"custom_model_data":44},"model":"modelengine:deep_creature_still/right_arm"},{"predicate":{"custom_model_data":45},"model":"modelengine:deep_creature_still/right_forearm"},{"predicate":{"custom_model_data":46},"model":"modelengine:deep_creature_still/right_hand"},{"predicate":{"custom_model_data":47},"model":"modelengine:deep_creature_still/right_thumb"},{"predicate":{"custom_model_data":48},"model":"modelengine:deep_creature_still/right_mid"},{"predicate":{"custom_model_data":49},"model":"modelengine:deep_creature_still/right_pinky"},{"predicate":{"custom_model_data":50},"model":"modelengine:deep_creature_still/hip"},{"predicate":{"custom_model_data":51},"model":"modelengine:deep_creature_still/left_leg"},{"predicate":{"custom_model_data":52},"model":"modelengine:deep_creature_still/left_foreleg"},{"predicate":{"custom_model_data":53},"model":"modelengine:deep_creature_still/right_leg"},{"predicate":{"custom_model_data":54},"model":"modelengine:deep_creature_still/right_foreleg"},{"predicate":{"custom_model_data":55},"model":"modelengine:deep_explosion/body"},{"predicate":{"custom_model_data":56},"model":"modelengine:deep_explosion_small/body"}]}