{"overrides":[{"predicate":{"custom_model_data":1},"model":"modelengine:toro_wither/body"},{"predicate":{"custom_model_data":2},"model":"modelengine:toro_wither/head"},{"predicate":{"custom_model_data":3},"model":"modelengine:toro_wither/left_rib"},{"predicate":{"custom_model_data":4},"model":"modelengine:toro_wither/core"},{"predicate":{"custom_model_data":5},"model":"modelengine:toro_wither/right_arm"},{"predicate":{"custom_model_data":6},"model":"modelengine:toro_wither/right_neck"},{"predicate":{"custom_model_data":7},"model":"modelengine:toro_wither/left_arm"},{"predicate":{"custom_model_data":8},"model":"modelengine:toro_wither/right_rib"},{"predicate":{"custom_model_data":9},"model":"modelengine:toro_wither/left_neck"},{"predicate":{"custom_model_data":10},"model":"modelengine:toro_wither/spine"},{"predicate":{"custom_model_data":11},"model":"modelengine:toro_wither/jaw"},{"predicate":{"custom_model_data":12},"model":"modelengine:toro_wither/right_forearm"},{"predicate":{"custom_model_data":13},"model":"modelengine:toro_wither/right_head"},{"predicate":{"custom_model_data":14},"model":"modelengine:toro_wither/left_forearm"},{"predicate":{"custom_model_data":15},"model":"modelengine:toro_wither/left_head"},{"predicate":{"custom_model_data":16},"model":"modelengine:toro_wither/spine2"},{"predicate":{"custom_model_data":17},"model":"modelengine:toro_wither/right_claw"},{"predicate":{"custom_model_data":18},"model":"modelengine:toro_wither/left_claw"},{"predicate":{"custom_model_data":19},"model":"modelengine:toro_wither_pool/pool"},{"predicate":{"custom_model_data":20},"model":"modelengine:toro_wither_skull/left_head"},{"predicate":{"custom_model_data":21},"model":"modelengine:toro_wither_skull_2ndphase/head"},{"predicate":{"custom_model_data":22},"model":"modelengine:toro_wither_skull_2ndphase/jaw"},{"predicate":{"custom_model_data":23},"model":"modelengine:toro_wither_still/body"},{"predicate":{"custom_model_data":24},"model":"modelengine:toro_wither_still/nothing"},{"predicate":{"custom_model_data":25},"model":"modelengine:toro_wither_still/head"},{"predicate":{"custom_model_data":26},"model":"modelengine:toro_wither_still/left_rib"},{"predicate":{"custom_model_data":27},"model":"modelengine:toro_wither_still/core"},{"predicate":{"custom_model_data":28},"model":"modelengine:toro_wither_still/right_arm"},{"predicate":{"custom_model_data":29},"model":"modelengine:toro_wither_still/right_neck"},{"predicate":{"custom_model_data":30},"model":"modelengine:toro_wither_still/left_arm"},{"predicate":{"custom_model_data":31},"model":"modelengine:toro_wither_still/right_rib"},{"predicate":{"custom_model_data":32},"model":"modelengine:toro_wither_still/left_neck"},{"predicate":{"custom_model_data":33},"model":"modelengine:toro_wither_still/spine"},{"predicate":{"custom_model_data":34},"model":"modelengine:toro_wither_still/jaw"},{"predicate":{"custom_model_data":35},"model":"modelengine:toro_wither_still/right_forearm"},{"predicate":{"custom_model_data":36},"model":"modelengine:toro_wither_still/right_head"},{"predicate":{"custom_model_data":37},"model":"modelengine:toro_wither_still/left_forearm"},{"predicate":{"custom_model_data":38},"model":"modelengine:toro_wither_still/left_head"},{"predicate":{"custom_model_data":39},"model":"modelengine:toro_wither_still/spine2"},{"predicate":{"custom_model_data":40},"model":"modelengine:toro_wither_still/right_claw"},{"predicate":{"custom_model_data":41},"model":"modelengine:toro_wither_still/left_claw"},{"predicate":{"custom_model_data":42},"model":"modelengine:toro_wither_terror/body"},{"predicate":{"custom_model_data":43},"model":"modelengine:toro_wither_terror/tail1"},{"predicate":{"custom_model_data":44},"model":"modelengine:toro_wither_terror/right_arm"},{"predicate":{"custom_model_data":45},"model":"modelengine:toro_wither_terror/left_arm"},{"predicate":{"custom_model_data":46},"model":"modelengine:toro_wither_terror/neck"},{"predicate":{"custom_model_data":47},"model":"modelengine:toro_wither_terror/tail2"},{"predicate":{"custom_model_data":48},"model":"modelengine:toro_wither_terror/right_forearm"},{"predicate":{"custom_model_data":49},"model":"modelengine:toro_wither_terror/left_forearm"},{"predicate":{"custom_model_data":50},"model":"modelengine:toro_wither_terror/head"},{"predicate":{"custom_model_data":51},"model":"modelengine:toro_wither_terror/tail3"},{"predicate":{"custom_model_data":52},"model":"modelengine:toro_wither_terror/right_hand"},{"predicate":{"custom_model_data":53},"model":"modelengine:toro_wither_terror/left_hand"},{"predicate":{"custom_model_data":54},"model":"modelengine:toro_wither_terror/jaw"},{"predicate":{"custom_model_data":55},"model":"modelengine:toro_wither_terror/right_finger_pinky"},{"predicate":{"custom_model_data":56},"model":"modelengine:toro_wither_terror/head_on_hand"},{"predicate":{"custom_model_data":57},"model":"modelengine:toro_wither_terror/right_finger_index"},{"predicate":{"custom_model_data":58},"model":"modelengine:toro_wither_terror/right_finger_mid"},{"predicate":{"custom_model_data":59},"model":"modelengine:toro_wither_terror/right_thumb"},{"predicate":{"custom_model_data":60},"model":"modelengine:toro_wither_terror/left_finger_index"},{"predicate":{"custom_model_data":61},"model":"modelengine:toro_wither_terror/left_finger_pinky"},{"predicate":{"custom_model_data":62},"model":"modelengine:toro_wither_terror/left_thumb"},{"predicate":{"custom_model_data":63},"model":"modelengine:toro_wither_terror/left_finger_mid"},{"predicate":{"custom_model_data":64},"model":"modelengine:toro_wither_terror/jaw2"},{"predicate":{"custom_model_data":65},"model":"modelengine:slimegirlprincess/head"},{"predicate":{"custom_model_data":66},"model":"modelengine:slimegirlprincess/rightclaw"},{"predicate":{"custom_model_data":67},"model":"modelengine:slimegirlprincess/body"},{"predicate":{"custom_model_data":68},"model":"modelengine:slimegirlprincess/leftclaw"},{"predicate":{"custom_model_data":69},"model":"modelengine:slimegirlprincess/bottom"},{"predicate":{"custom_model_data":70},"model":"modelengine:slimegirlprincess/righthair"},{"predicate":{"custom_model_data":71},"model":"modelengine:slimegirlprincess/lefthair"},{"predicate":{"custom_model_data":72},"model":"modelengine:slimegirlprincess/rightthumb"},{"predicate":{"custom_model_data":73},"model":"modelengine:slimegirlprincess/rightfinger2"},{"predicate":{"custom_model_data":74},"model":"modelengine:slimegirlprincess/rightfinger1"},{"predicate":{"custom_model_data":75},"model":"modelengine:slimegirlprincess/rightfinger3"},{"predicate":{"custom_model_data":76},"model":"modelengine:slimegirlprincess/rightarm"},{"predicate":{"custom_model_data":77},"model":"modelengine:slimegirlprincess/leftarm"},{"predicate":{"custom_model_data":78},"model":"modelengine:slimegirlprincess/leftfinger1"},{"predicate":{"custom_model_data":79},"model":"modelengine:slimegirlprincess/leftthumb"},{"predicate":{"custom_model_data":80},"model":"modelengine:slimegirlprincess/leftfinger2"},{"predicate":{"custom_model_data":81},"model":"modelengine:slimegirlprincess/leftfinger3"},{"predicate":{"custom_model_data":82},"model":"modelengine:slimegirlprincess/bottomback"},{"predicate":{"custom_model_data":83},"model":"modelengine:slimegirlprincess/righthand"},{"predicate":{"custom_model_data":84},"model":"modelengine:slimegirlprincess/lefthand"},{"predicate":{"custom_model_data":85},"model":"modelengine:slimegirlprincessspawn/head"},{"predicate":{"custom_model_data":86},"model":"modelengine:slimegirlprincessspawn/rightclaw"},{"predicate":{"custom_model_data":87},"model":"modelengine:slimegirlprincessspawn/body"},{"predicate":{"custom_model_data":88},"model":"modelengine:slimegirlprincessspawn/leftclaw"},{"predicate":{"custom_model_data":89},"model":"modelengine:slimegirlprincessspawn/bottom"},{"predicate":{"custom_model_data":90},"model":"modelengine:slimegirlprincessspawn/righthair"},{"predicate":{"custom_model_data":91},"model":"modelengine:slimegirlprincessspawn/lefthair"},{"predicate":{"custom_model_data":92},"model":"modelengine:slimegirlprincessspawn/rightthumb"},{"predicate":{"custom_model_data":93},"model":"modelengine:slimegirlprincessspawn/rightfinger2"},{"predicate":{"custom_model_data":94},"model":"modelengine:slimegirlprincessspawn/rightfinger1"},{"predicate":{"custom_model_data":95},"model":"modelengine:slimegirlprincessspawn/rightfinger3"},{"predicate":{"custom_model_data":96},"model":"modelengine:slimegirlprincessspawn/rightarm"},{"predicate":{"custom_model_data":97},"model":"modelengine:slimegirlprincessspawn/leftarm"},{"predicate":{"custom_model_data":98},"model":"modelengine:slimegirlprincessspawn/leftfinger1"},{"predicate":{"custom_model_data":99},"model":"modelengine:slimegirlprincessspawn/leftthumb"},{"predicate":{"custom_model_data":100},"model":"modelengine:slimegirlprincessspawn/leftfinger2"},{"predicate":{"custom_model_data":101},"model":"modelengine:slimegirlprincessspawn/leftfinger3"},{"predicate":{"custom_model_data":102},"model":"modelengine:slimegirlprincessspawn/bottomback"},{"predicate":{"custom_model_data":103},"model":"modelengine:slimegirlprincessspawn/righthand"},{"predicate":{"custom_model_data":104},"model":"modelengine:slimegirlprincessspawn/lefthand"},{"predicate":{"custom_model_data":105},"model":"modelengine:deep_creature/body"},{"predicate":{"custom_model_data":106},"model":"modelengine:deep_creature/hip"},{"predicate":{"custom_model_data":107},"model":"modelengine:deep_creature/head"},{"predicate":{"custom_model_data":108},"model":"modelengine:deep_creature/belly"},{"predicate":{"custom_model_data":109},"model":"modelengine:deep_creature/right_arm"},{"predicate":{"custom_model_data":110},"model":"modelengine:deep_creature/left_arm"},{"predicate":{"custom_model_data":111},"model":"modelengine:deep_creature/left_leg"},{"predicate":{"custom_model_data":112},"model":"modelengine:deep_creature/right_leg"},{"predicate":{"custom_model_data":113},"model":"modelengine:deep_creature/jaw"},{"predicate":{"custom_model_data":114},"model":"modelengine:deep_creature/heart"},{"predicate":{"custom_model_data":115},"model":"modelengine:deep_creature/right_forearm"},{"predicate":{"custom_model_data":116},"model":"modelengine:deep_creature/left_forearm"},{"predicate":{"custom_model_data":117},"model":"modelengine:deep_creature/left_foreleg"},{"predicate":{"custom_model_data":118},"model":"modelengine:deep_creature/right_foreleg"},{"predicate":{"custom_model_data":119},"model":"modelengine:deep_creature/right_hand"},{"predicate":{"custom_model_data":120},"model":"modelengine:deep_creature/left_hand"},{"predicate":{"custom_model_data":121},"model":"modelengine:deep_creature/right_pinky"},{"predicate":{"custom_model_data":122},"model":"modelengine:deep_creature/right_mid"},{"predicate":{"custom_model_data":123},"model":"modelengine:deep_creature/right_thumb"},{"predicate":{"custom_model_data":124},"model":"modelengine:deep_creature/left_mid"},{"predicate":{"custom_model_data":125},"model":"modelengine:deep_creature/left_pinky"},{"predicate":{"custom_model_data":126},"model":"modelengine:deep_creature/left_thumb"},{"predicate":{"custom_model_data":127},"model":"modelengine:deep_creature_dust_double/bone"},{"predicate":{"custom_model_data":128},"model":"modelengine:deep_creature_dust_double/bone2"},{"predicate":{"custom_model_data":129},"model":"modelengine:deep_creature_dust_ring/1"},{"predicate":{"custom_model_data":130},"model":"modelengine:deep_creature_dust_ring/2"},{"predicate":{"custom_model_data":131},"model":"modelengine:deep_creature_dust_ring/3"},{"predicate":{"custom_model_data":132},"model":"modelengine:deep_creature_dust_ring/4"},{"predicate":{"custom_model_data":133},"model":"modelengine:deep_creature_dust_ring/5"},{"predicate":{"custom_model_data":134},"model":"modelengine:deep_creature_dust_ring/6"},{"predicate":{"custom_model_data":135},"model":"modelengine:deep_creature_dust_ring/7"},{"predicate":{"custom_model_data":136},"model":"modelengine:deep_creature_dust_ring/8"},{"predicate":{"custom_model_data":137},"model":"modelengine:deep_creature_still/body"},{"predicate":{"custom_model_data":138},"model":"modelengine:deep_creature_still/hip"},{"predicate":{"custom_model_data":139},"model":"modelengine:deep_creature_still/head"},{"predicate":{"custom_model_data":140},"model":"modelengine:deep_creature_still/belly"},{"predicate":{"custom_model_data":141},"model":"modelengine:deep_creature_still/right_arm"},{"predicate":{"custom_model_data":142},"model":"modelengine:deep_creature_still/left_arm"},{"predicate":{"custom_model_data":143},"model":"modelengine:deep_creature_still/left_leg"},{"predicate":{"custom_model_data":144},"model":"modelengine:deep_creature_still/right_leg"},{"predicate":{"custom_model_data":145},"model":"modelengine:deep_creature_still/jaw"},{"predicate":{"custom_model_data":146},"model":"modelengine:deep_creature_still/heart"},{"predicate":{"custom_model_data":147},"model":"modelengine:deep_creature_still/right_forearm"},{"predicate":{"custom_model_data":148},"model":"modelengine:deep_creature_still/left_forearm"},{"predicate":{"custom_model_data":149},"model":"modelengine:deep_creature_still/left_foreleg"},{"predicate":{"custom_model_data":150},"model":"modelengine:deep_creature_still/right_foreleg"},{"predicate":{"custom_model_data":151},"model":"modelengine:deep_creature_still/right_hand"},{"predicate":{"custom_model_data":152},"model":"modelengine:deep_creature_still/left_hand"},{"predicate":{"custom_model_data":153},"model":"modelengine:deep_creature_still/right_pinky"},{"predicate":{"custom_model_data":154},"model":"modelengine:deep_creature_still/right_mid"},{"predicate":{"custom_model_data":155},"model":"modelengine:deep_creature_still/right_thumb"},{"predicate":{"custom_model_data":156},"model":"modelengine:deep_creature_still/left_mid"},{"predicate":{"custom_model_data":157},"model":"modelengine:deep_creature_still/left_pinky"},{"predicate":{"custom_model_data":158},"model":"modelengine:deep_creature_still/left_thumb"},{"predicate":{"custom_model_data":159},"model":"modelengine:deep_explosion/body"},{"predicate":{"custom_model_data":160},"model":"modelengine:deep_explosion_small/body"},{"predicate":{"custom_model_data":161},"model":"modelengine:deep_shine_vfx/bone"},{"predicate":{"custom_model_data":162},"model":"modelengine:toro_deep_debris_large/11"},{"predicate":{"custom_model_data":163},"model":"modelengine:toro_deep_debris_large/12"},{"predicate":{"custom_model_data":164},"model":"modelengine:toro_deep_debris_large/13"},{"predicate":{"custom_model_data":165},"model":"modelengine:toro_deep_debris_large/14"},{"predicate":{"custom_model_data":166},"model":"modelengine:toro_deep_debris_large/15"},{"predicate":{"custom_model_data":167},"model":"modelengine:toro_deep_debris_large/1"},{"predicate":{"custom_model_data":168},"model":"modelengine:toro_deep_debris_large/2"},{"predicate":{"custom_model_data":169},"model":"modelengine:toro_deep_debris_large/3"},{"predicate":{"custom_model_data":170},"model":"modelengine:toro_deep_debris_large/4"},{"predicate":{"custom_model_data":171},"model":"modelengine:toro_deep_debris_large/5"},{"predicate":{"custom_model_data":172},"model":"modelengine:toro_deep_debris_large/6"},{"predicate":{"custom_model_data":173},"model":"modelengine:toro_deep_debris_large/7"},{"predicate":{"custom_model_data":174},"model":"modelengine:toro_deep_debris_large/8"},{"predicate":{"custom_model_data":175},"model":"modelengine:toro_deep_debris_large/9"},{"predicate":{"custom_model_data":176},"model":"modelengine:toro_deep_debris_large/10"},{"predicate":{"custom_model_data":177},"model":"modelengine:toro_deep_debris_small/11"},{"predicate":{"custom_model_data":178},"model":"modelengine:toro_deep_debris_small/12"},{"predicate":{"custom_model_data":179},"model":"modelengine:toro_deep_debris_small/13"},{"predicate":{"custom_model_data":180},"model":"modelengine:toro_deep_debris_small/14"},{"predicate":{"custom_model_data":181},"model":"modelengine:toro_deep_debris_small/15"},{"predicate":{"custom_model_data":182},"model":"modelengine:toro_deep_debris_small/1"},{"predicate":{"custom_model_data":183},"model":"modelengine:toro_deep_debris_small/2"},{"predicate":{"custom_model_data":184},"model":"modelengine:toro_deep_debris_small/3"},{"predicate":{"custom_model_data":185},"model":"modelengine:toro_deep_debris_small/4"},{"predicate":{"custom_model_data":186},"model":"modelengine:toro_deep_debris_small/5"},{"predicate":{"custom_model_data":187},"model":"modelengine:toro_deep_debris_small/6"},{"predicate":{"custom_model_data":188},"model":"modelengine:toro_deep_debris_small/7"},{"predicate":{"custom_model_data":189},"model":"modelengine:toro_deep_debris_small/8"},{"predicate":{"custom_model_data":190},"model":"modelengine:toro_deep_debris_small/9"},{"predicate":{"custom_model_data":191},"model":"modelengine:toro_deep_debris_small/10"},{"predicate":{"custom_model_data":192},"model":"modelengine:warden_heart/heart"},{"predicate":{"custom_model_data":193},"model":"modelengine:toro_queenbee/body"},{"predicate":{"custom_model_data":194},"model":"modelengine:toro_queenbee/hip"},{"predicate":{"custom_model_data":195},"model":"modelengine:toro_queenbee/right_leg_mid"},{"predicate":{"custom_model_data":196},"model":"modelengine:toro_queenbee/head"},{"predicate":{"custom_model_data":197},"model":"modelengine:toro_queenbee/left_leg_front"},{"predicate":{"custom_model_data":198},"model":"modelengine:toro_queenbee/right_wing"},{"predicate":{"custom_model_data":199},"model":"modelengine:toro_queenbee/left_wing"},{"predicate":{"custom_model_data":200},"model":"modelengine:toro_queenbee/left_leg_back"},{"predicate":{"custom_model_data":201},"model":"modelengine:toro_queenbee/left_leg_mid"},{"predicate":{"custom_model_data":202},"model":"modelengine:toro_queenbee/right_leg_back"},{"predicate":{"custom_model_data":203},"model":"modelengine:toro_queenbee/right_leg_front"},{"predicate":{"custom_model_data":204},"model":"modelengine:toro_queenbee/tail"},{"predicate":{"custom_model_data":205},"model":"modelengine:toro_queenbee/right_ant"},{"predicate":{"custom_model_data":206},"model":"modelengine:toro_queenbee/left_ant"},{"predicate":{"custom_model_data":207},"model":"modelengine:toro_queenbee/crown"},{"predicate":{"custom_model_data":208},"model":"modelengine:toro_queenbee/sting"}],"parent":"minecraft:item/generated","textures":{"layer0":"minecraft:item/leather_horse_armor"}}