{"elements":[{"from":[7.428571,4.5714283,6.857143],"to":[9.142858,8.0,9.142858],"rotation":{"angle":0.0,"axis":"y","origin":[7.428571,-2.0,3.4285712]},"faces":{"east":{"uv":[9.75,14.5,10.75,16.0],"rotation":0,"texture":"#0","tintindex":0},"south":{"uv":[10.75,14.5,11.5,16.0],"rotation":0,"texture":"#0","tintindex":0},"north":{"uv":[9.0,14.5,9.75,16.0],"rotation":0,"texture":"#0","tintindex":0},"west":{"uv":[8.0,14.5,9.0,16.0],"rotation":0,"texture":"#0","tintindex":0},"up":{"uv":[10.5,13.0,9.75,12.0],"rotation":0,"texture":"#0","tintindex":0},"down":{"uv":[10.5,12.0,9.75,13.0],"rotation":0,"texture":"#0","tintindex":0}}},{"from":[7.142857,4.285714,6.5714283],"to":[10.0,8.0,9.428572],"rotation":{"angle":0.0,"axis":"y","origin":[7.428571,-1.7142859,3.4285712]},"faces":{"east":{"uv":[12.0,14.5,13.0,16.0],"rotation":0,"texture":"#0","tintindex":0},"south":{"uv":[14.75,14.5,15.5,16.0],"rotation":0,"texture":"#0","tintindex":0},"north":{"uv":[13.0,14.5,13.75,16.0],"rotation":0,"texture":"#0","tintindex":0},"west":{"uv":[13.75,14.5,14.75,16.0],"rotation":0,"texture":"#0","tintindex":0},"up":{"uv":[14.0,13.0,13.0,12.0],"rotation":0,"texture":"#0","tintindex":0},"down":{"uv":[15.0,12.0,14.0,13.0],"rotation":0,"texture":"#0","tintindex":0}}}],"textures":{"0":"modelengine:entity/npc_aggressive_slim1"},"display":{"head":{"translation":[0.0,-6.4,0.0],"scale":[4.0,4.0,4.0]}}}