{"elements":[{"from":[6.285714,4.5714283,6.857143],"to":[8.0,8.0,9.142858],"rotation":{"angle":0.0,"axis":"y","origin":[-0.57142925,-2.0,3.4285712]},"faces":{"east":{"uv":[10.0,6.5,11.0,8.0],"rotation":0,"texture":"#0","tintindex":0},"south":{"uv":[12.75,6.5,13.5,8.0],"rotation":0,"texture":"#0","tintindex":0},"north":{"uv":[11.0,6.5,11.75,8.0],"rotation":0,"texture":"#0","tintindex":0},"west":{"uv":[11.75,6.5,12.75,8.0],"rotation":0,"texture":"#0","tintindex":0},"up":{"uv":[12.5,5.0,11.75,4.0],"rotation":0,"texture":"#0","tintindex":0},"down":{"uv":[12.5,4.0,11.75,5.0],"rotation":0,"texture":"#0","tintindex":0}}},{"from":[6.0,4.285714,6.5714283],"to":[8.285714,8.0,9.428572],"rotation":{"angle":0.0,"axis":"y","origin":[-0.57142925,-1.7142859,3.4285712]},"faces":{"east":{"uv":[10.0,10.5,11.0,12.0],"rotation":0,"texture":"#0","tintindex":0},"south":{"uv":[12.75,10.5,13.5,12.0],"rotation":0,"texture":"#0","tintindex":0},"north":{"uv":[11.0,10.5,11.75,12.0],"rotation":0,"texture":"#0","tintindex":0},"west":{"uv":[11.75,10.5,12.75,12.0],"rotation":0,"texture":"#0","tintindex":0},"up":{"uv":[12.0,9.0,11.0,8.0],"rotation":0,"texture":"#0","tintindex":0},"down":{"uv":[13.0,8.0,12.0,9.0],"rotation":0,"texture":"#0","tintindex":0}}}],"textures":{"0":"modelengine:entity/npc_aggressive_slim1"},"display":{"head":{"translation":[0.0,-6.4,0.0],"scale":[4.0,4.0,4.0]}}}