{"elements":[{"from":[-5.200001,-3.2000008,8.4],"to":[32.0,19.6,8.4],"rotation":{"angle":0.0,"axis":"y","origin":[1.1999989,-3.2000008,8.0]},"faces":{"east":{"uv":[0.0,0.0,0.0,16.0],"rotation":0,"texture":"#missing","tintindex":0},"south":{"uv":[16.0,0.0,0.0,16.0],"rotation":0,"texture":"#0","tintindex":0},"north":{"uv":[0.0,0.0,16.0,16.0],"rotation":0,"texture":"#0","tintindex":0},"west":{"uv":[0.0,0.0,0.0,16.0],"rotation":0,"texture":"#missing","tintindex":0},"up":{"uv":[0.0,0.0,16.0,0.0],"rotation":0,"texture":"#missing","tintindex":0},"down":{"uv":[0.0,0.0,16.0,0.0],"rotation":0,"texture":"#missing","tintindex":0}}},{"from":[13.599999,-3.2000008,-9.200001],"to":[13.599999,32.0,26.800001],"rotation":{"angle":0.0,"axis":"y","origin":[13.999999,-3.2000008,-4.0]},"faces":{"east":{"uv":[0.0,0.0,16.0,16.0],"rotation":0,"texture":"#0","tintindex":0},"south":{"uv":[0.0,0.0,0.0,16.0],"rotation":0,"texture":"#missing","tintindex":0},"north":{"uv":[0.0,0.0,0.0,16.0],"rotation":0,"texture":"#missing","tintindex":0},"west":{"uv":[16.0,0.0,0.0,16.0],"rotation":0,"texture":"#0","tintindex":0},"up":{"uv":[0.0,0.0,16.0,0.0],"rotation":90,"texture":"#missing","tintindex":0},"down":{"uv":[0.0,0.0,16.0,0.0],"rotation":270,"texture":"#missing","tintindex":0}}}],"textures":{"0":"modelengine:entity/blue_explosion_small"},"display":{"head":{"translation":[27.200005,38.4,0.0],"scale":[4.0,4.0,4.0]}}}