{"stats":{"minecraft:picked_up":{"minecraft:rotten_flesh":12,"minecraft:gunpowder":2,"minecraft:string":2},"minecraft:killed":{"minecraft:spider":1,"minecraft:zombie":1,"minecraft:creeper":1},"minecraft:used":{"minecraft:diamond_sword":6,"minecraft:grass_block":153,"minecraft:stone":172},"minecraft:dropped":{"minecraft:gunpowder":1,"minecraft:string":2},"minecraft:custom":{"minecraft:time_since_rest":210358,"minecraft:crouch_one_cm":1273,"minecraft:play_time":210358,"minecraft:sprint_one_cm":5302,"minecraft:damage_taken":30,"minecraft:walk_one_cm":103606,"minecraft:sneak_time":2030,"minecraft:walk_under_water_one_cm":1544,"minecraft:mob_kills":3,"minecraft:drop":2,"minecraft:jump":50,"minecraft:damage_dealt":460,"minecraft:leave_game":5,"minecraft:walk_on_water_one_cm":267,"minecraft:time_since_death":210358,"minecraft:total_world_time":210358,"minecraft:fall_one_cm":1811,"minecraft:fly_one_cm":679514}},"DataVersion":3465}