{"stats":{"minecraft:custom":{"minecraft:jump":13,"minecraft:time_since_rest":27636,"minecraft:damage_dealt":80,"minecraft:crouch_one_cm":136,"minecraft:play_time":27636,"minecraft:leave_game":3,"minecraft:sprint_one_cm":2869,"minecraft:time_since_death":27636,"minecraft:walk_one_cm":12309,"minecraft:sneak_time":103,"minecraft:total_world_time":27636,"minecraft:mob_kills":1,"minecraft:fall_one_cm":209,"minecraft:fly_one_cm":37718},"minecraft:killed":{"minecraft:sheep":1},"minecraft:picked_up":{"minecraft:mutton":1,"minecraft:white_wool":1}},"DataVersion":3700}