{"stats":{"minecraft:dropped":{"minecraft:gunpowder":1,"minecraft:polished_blackstone_brick_stairs":1,"minecraft:string":2,"minecraft:grass_block":1,"minecraft:soul_lantern":1},"minecraft:custom":{"minecraft:time_since_rest":306358,"minecraft:crouch_one_cm":2682,"minecraft:play_time":306358,"minecraft:sprint_one_cm":12527,"minecraft:damage_taken":30,"minecraft:walk_one_cm":174908,"minecraft:sneak_time":5044,"minecraft:walk_under_water_one_cm":1544,"minecraft:mob_kills":3,"minecraft:drop":5,"minecraft:jump":140,"minecraft:damage_dealt":460,"minecraft:leave_game":5,"minecraft:walk_on_water_one_cm":267,"minecraft:time_since_death":306358,"minecraft:total_world_time":306358,"minecraft:fall_one_cm":1811,"minecraft:fly_one_cm":1046346},"minecraft:used":{"minecraft:soul_lantern":22,"minecraft:polished_blackstone_bricks":316,"minecraft:chiseled_polished_blackstone":18,"minecraft:diamond_sword":6,"minecraft:magma_block":30,"minecraft:prismarine_bricks":6,"minecraft:grass_block":153,"minecraft:chain":6,"minecraft:blackstone_stairs":48,"minecraft:deepslate_brick_slab":3,"minecraft:polished_blackstone_brick_stairs":71,"minecraft:blackstone":66,"minecraft:ochre_froglight":22,"minecraft:black_glazed_terracotta":226,"minecraft:stone":240},"minecraft:killed":{"minecraft:spider":1,"minecraft:zombie":1,"minecraft:creeper":1},"minecraft:picked_up":{"minecraft:rotten_flesh":12,"minecraft:soul_lantern":4,"minecraft:grass_block":1,"minecraft:gunpowder":2,"minecraft:polished_blackstone_brick_stairs":1,"minecraft:string":2}},"DataVersion":3465}