{"stats":{"minecraft:dropped":{"minecraft:gunpowder":1,"minecraft:polished_blackstone_brick_stairs":1,"minecraft:soul_lantern":1,"minecraft:string":2,"minecraft:grass_block":1},"minecraft:custom":{"minecraft:time_since_rest":402358,"minecraft:sprint_one_cm":36653,"minecraft:damage_taken":30,"minecraft:walk_one_cm":367455,"minecraft:mob_kills":4,"minecraft:drop":5,"minecraft:damage_dealt":510,"minecraft:fly_one_cm":1218470,"minecraft:crouch_one_cm":5719,"minecraft:play_time":402358,"minecraft:sneak_time":8691,"minecraft:walk_under_water_one_cm":4683,"minecraft:jump":317,"minecraft:leave_game":5,"minecraft:time_since_death":402358,"minecraft:walk_on_water_one_cm":334,"minecraft:total_world_time":402358,"minecraft:fall_one_cm":1811},"minecraft:used":{"minecraft:glass":214,"minecraft:chiseled_polished_blackstone":72,"minecraft:lava_bucket":298,"minecraft:grass_block":153,"minecraft:blackstone_stairs":75,"minecraft:blackstone":89,"minecraft:polished_basalt":307,"minecraft:stone":475,"minecraft:polished_blackstone_brick_stairs":78,"minecraft:black_glazed_terracotta":286,"minecraft:soul_lantern":22,"minecraft:polished_blackstone_bricks":362,"minecraft:diamond_sword":6,"minecraft:magma_block":30,"minecraft:prismarine_bricks":6,"minecraft:chain":6,"minecraft:deepslate_brick_slab":3,"minecraft:ochre_froglight":25},"minecraft:killed":{"minecraft:zombie":1,"minecraft:spider":1,"minecraft:creeper":1},"minecraft:picked_up":{"minecraft:gunpowder":2,"minecraft:grass_block":1,"minecraft:polished_blackstone_brick_stairs":1,"minecraft:string":2,"minecraft:rotten_flesh":12,"minecraft:soul_lantern":6}},"DataVersion":3465}