{"stats":{"minecraft:dropped":{"minecraft:gunpowder":1,"minecraft:polished_blackstone_brick_stairs":1,"minecraft:polished_blackstone":1,"minecraft:soul_lantern":1,"minecraft:string":2,"minecraft:grass_block":1},"minecraft:custom":{"minecraft:time_since_rest":636358,"minecraft:sprint_one_cm":73450,"minecraft:damage_taken":30,"minecraft:walk_one_cm":846636,"minecraft:mob_kills":4,"minecraft:drop":6,"minecraft:damage_dealt":530,"minecraft:fly_one_cm":2295265,"minecraft:crouch_one_cm":12905,"minecraft:play_time":636358,"minecraft:sneak_time":18857,"minecraft:walk_under_water_one_cm":4683,"minecraft:jump":659,"minecraft:leave_game":5,"minecraft:time_since_death":636358,"minecraft:walk_on_water_one_cm":1874,"minecraft:total_world_time":636358,"minecraft:fall_one_cm":1811},"minecraft:used":{"minecraft:birch_fence":51,"minecraft:crimson_stem":296,"minecraft:oak_fence":21,"minecraft:glass":371,"minecraft:chiseled_polished_blackstone":153,"minecraft:polished_blackstone_brick_slab":48,"minecraft:lava_bucket":366,"minecraft:stripped_acacia_log":12,"minecraft:crying_obsidian":133,"minecraft:flint_and_steel":4,"minecraft:grass_block":153,"minecraft:ladder":35,"minecraft:polished_blackstone":192,"minecraft:blackstone_stairs":214,"minecraft:verdant_froglight":4,"minecraft:polished_blackstone_brick_wall":29,"minecraft:blackstone":116,"minecraft:polished_basalt":1831,"minecraft:stone":493,"minecraft:polished_blackstone_brick_stairs":134,"minecraft:black_glazed_terracotta":424,"minecraft:red_nether_brick_stairs":1,"minecraft:soul_lantern":28,"minecraft:blackstone_slab":112,"minecraft:polished_blackstone_bricks":497,"minecraft:gilded_blackstone":27,"minecraft:chiseled_red_sandstone":43,"minecraft:diamond_sword":6,"minecraft:magma_block":42,"minecraft:prismarine_bricks":6,"minecraft:glass_pane":14,"minecraft:chain":6,"minecraft:deepslate_brick_slab":3,"minecraft:stone_brick_wall":8,"minecraft:ochre_froglight":363,"minecraft:pearlescent_froglight":6,"minecraft:spruce_fence":1,"minecraft:obsidian":44},"minecraft:killed":{"minecraft:zombie":1,"minecraft:spider":1,"minecraft:creeper":1},"minecraft:picked_up":{"minecraft:gunpowder":2,"minecraft:grass_block":1,"minecraft:polished_blackstone_brick_stairs":1,"minecraft:string":2,"minecraft:rotten_flesh":12,"minecraft:soul_lantern":7,"minecraft:polished_blackstone":1}},"DataVersion":3465}