{"stats":{"minecraft:custom":{"minecraft:time_since_rest":87947,"minecraft:crouch_one_cm":577,"minecraft:sprint_one_cm":3388,"minecraft:play_time":87947,"minecraft:damage_taken":30,"minecraft:walk_one_cm":90943,"minecraft:sneak_time":401,"minecraft:mob_kills":3,"minecraft:drop":2,"minecraft:jump":25,"minecraft:damage_dealt":460,"minecraft:leave_game":3,"minecraft:time_since_death":87947,"minecraft:total_world_time":87947,"minecraft:fall_one_cm":1811,"minecraft:fly_one_cm":126495},"minecraft:killed":{"minecraft:spider":1,"minecraft:zombie":1,"minecraft:creeper":1},"minecraft:used":{"minecraft:diamond_sword":6},"minecraft:picked_up":{"minecraft:rotten_flesh":12,"minecraft:gunpowder":2,"minecraft:string":2},"minecraft:dropped":{"minecraft:gunpowder":1,"minecraft:string":2}},"DataVersion":3465}