{"stats":{"minecraft:dropped":{"minecraft:iron_sword":1,"minecraft:wheat_seeds":1,"minecraft:stone_sword":2,"minecraft:cobblestone":3,"minecraft:rotten_flesh":3,"minecraft:oxeye_daisy":1,"minecraft:dirt":1,"minecraft:sunflower":1,"minecraft:paper":4},"minecraft:mined":{"minecraft:lily_of_the_valley":1,"minecraft:dandelion":1,"minecraft:cornflower":3,"minecraft:allium":2,"minecraft:grass_block":2,"minecraft:rose_bush":3,"minecraft:tall_grass":46,"minecraft:oxeye_daisy":3,"minecraft:lilac":3,"minecraft:peony":5,"minecraft:azure_bluet":2,"minecraft:grass":14,"minecraft:red_tulip":1,"minecraft:sunflower":5,"minecraft:pink_tulip":2,"minecraft:blue_orchid":1,"minecraft:white_tulip":2,"minecraft:fern":1},"minecraft:picked_up":{"minecraft:feather":2,"minecraft:allium":2,"minecraft:azure_bluet":2,"minecraft:lilac":3,"minecraft:chicken":2,"minecraft:clay_ball":1,"minecraft:leather":3,"minecraft:gunpowder":9,"minecraft:cornflower":3,"minecraft:dirt":64,"minecraft:string":9,"minecraft:bone":14,"minecraft:bow":1,"minecraft:wheat_seeds":16,"minecraft:beef":8,"minecraft:white_tulip":1,"minecraft:rose_bush":3,"minecraft:light_gray_wool":1,"minecraft:quartz_stairs":2,"minecraft:oak_planks":1,"minecraft:iron_sword":1,"minecraft:phantom_membrane":2,"minecraft:dandelion":1,"minecraft:lily_of_the_valley":1,"minecraft:spider_eye":5,"minecraft:quartz_block":3,"minecraft:rotten_flesh":98,"minecraft:arrow":20,"minecraft:peony":5,"minecraft:red_tulip":1,"minecraft:pink_tulip":3,"minecraft:sunflower":3,"minecraft:ender_pearl":1,"minecraft:cobblestone":87,"minecraft:oxeye_daisy":4},"minecraft:broken":{"minecraft:stone_sword":1,"minecraft:bow":1},"minecraft:custom":{"minecraft:mob_kills":277,"minecraft:leave_game":43,"minecraft:time_since_death":1145663,"minecraft:climb_one_cm":315,"minecraft:time_since_rest":1145683,"minecraft:sprint_one_cm":12440,"minecraft:damage_taken":3575,"minecraft:walk_one_cm":1560515,"minecraft:drop":13,"minecraft:damage_dealt":20767,"minecraft:fly_one_cm":3240060,"minecraft:open_chest":1,"minecraft:crouch_one_cm":8946,"minecraft:play_time":1664329,"minecraft:deaths":4,"minecraft:sneak_time":10541,"minecraft:walk_under_water_one_cm":20701,"minecraft:jump":1040,"minecraft:walk_on_water_one_cm":31135,"minecraft:total_world_time":1664329,"minecraft:fall_one_cm":34605},"minecraft:killed_by":{"minecraft:spider":1,"minecraft:zombie":3},"minecraft:used":{"minecraft:stone_sword":278,"minecraft:iron_sword":53,"minecraft:dirt":5,"minecraft:bow":1,"minecraft:white_concrete":1},"minecraft:killed":{"minecraft:wolf":1,"minecraft:pig":5,"minecraft:witch":1,"minecraft:zombie_villager":1,"minecraft:spider":21,"minecraft:creeper":24,"minecraft:squid":7,"minecraft:phantom":23,"minecraft:sheep":5,"minecraft:skeleton":38,"minecraft:zombie":114,"minecraft:chicken":3,"minecraft:drowned":14,"minecraft:enderman":5,"minecraft:cow":9}},"DataVersion":3465}