{"stats":{"minecraft:dropped":{"minecraft:polished_blackstone":1,"minecraft:soul_lantern":1,"minecraft:grass_block":1,"minecraft:dirt":1,"minecraft:gunpowder":1,"minecraft:polished_blackstone_brick_stairs":1,"minecraft:wooden_axe":3,"minecraft:potion":1,"minecraft:string":2},"minecraft:custom":{"minecraft:mob_kills":5,"minecraft:leave_game":7,"minecraft:time_since_death":1236783,"minecraft:climb_one_cm":112,"minecraft:time_since_rest":1236783,"minecraft:sprint_one_cm":108002,"minecraft:damage_taken":30,"minecraft:walk_one_cm":1593253,"minecraft:drop":11,"minecraft:damage_dealt":700,"minecraft:swim_one_cm":1543,"minecraft:fly_one_cm":6750967,"minecraft:crouch_one_cm":25779,"minecraft:play_time":1236783,"minecraft:sneak_time":39200,"minecraft:walk_under_water_one_cm":65258,"minecraft:jump":1346,"minecraft:walk_on_water_one_cm":33385,"minecraft:total_world_time":1236783,"minecraft:fall_one_cm":1811},"minecraft:used":{"minecraft:crimson_stem":296,"minecraft:oak_trapdoor":32,"minecraft:wheat_seeds":91,"minecraft:oak_fence":868,"minecraft:chiseled_polished_blackstone":1400,"minecraft:nether_brick_fence":25,"minecraft:water_bucket":377,"minecraft:polished_blackstone_brick_slab":162,"minecraft:flint_and_steel":4,"minecraft:stripped_acacia_log":12,"minecraft:polished_andesite":18,"minecraft:blackstone_stairs":216,"minecraft:polished_blackstone":1735,"minecraft:ladder":55,"minecraft:blackstone":116,"minecraft:polished_basalt":3664,"minecraft:stone":493,"minecraft:black_glazed_terracotta":424,"minecraft:composter":34,"minecraft:red_nether_brick_stairs":1,"minecraft:polished_blackstone_wall":31,"minecraft:farmland":10,"minecraft:polished_blackstone_bricks":497,"minecraft:gilded_blackstone":27,"minecraft:torch":58,"minecraft:chiseled_red_sandstone":55,"minecraft:dirt":113,"minecraft:oak_slab":53,"minecraft:prismarine_bricks":6,"minecraft:cobblestone_wall":2,"minecraft:carrot":72,"minecraft:deepslate_brick_slab":3,"minecraft:campfire":217,"minecraft:ochre_froglight":595,"minecraft:stone_brick_wall":8,"minecraft:glow_lichen":265,"minecraft:spruce_fence":104,"minecraft:obsidian":44,"minecraft:birch_fence":51,"minecraft:glass":371,"minecraft:lava_bucket":413,"minecraft:apple":227,"minecraft:crying_obsidian":133,"minecraft:lantern":161,"minecraft:grass_block":404,"minecraft:verdant_froglight":4,"minecraft:polished_deepslate_wall":395,"minecraft:polished_blackstone_brick_wall":29,"minecraft:jungle_stairs":1657,"minecraft:netherite_hoe":165,"minecraft:polished_blackstone_brick_stairs":526,"minecraft:spruce_trapdoor":61,"minecraft:melon_seeds":23,"minecraft:soul_lantern":88,"minecraft:blackstone_slab":112,"minecraft:diamond_sword":6,"minecraft:magma_block":42,"minecraft:azalea_leaves":116,"minecraft:oak_sapling":23,"minecraft:glass_pane":14,"minecraft:chain":33,"minecraft:pearlescent_froglight":6,"minecraft:stripped_oak_log":161,"minecraft:dragon_head":11,"minecraft:polished_blackstone_stairs":283,"minecraft:bone_meal":324,"minecraft:splash_potion":776},"minecraft:killed":{"minecraft:spider":2,"minecraft:creeper":1,"minecraft:zombie":1},"minecraft:picked_up":{"minecraft:wooden_axe":1,"minecraft:potion":1,"minecraft:gunpowder":2,"minecraft:string":4,"minecraft:polished_blackstone_brick_stairs":1,"minecraft:lantern":4,"minecraft:kelp":1,"minecraft:wheat_seeds":84,"minecraft:grass_block":1,"minecraft:rotten_flesh":15,"minecraft:soul_lantern":9,"minecraft:bone_meal":1,"minecraft:polished_blackstone":1,"minecraft:melon_seeds":7}},"DataVersion":3465}