{"stats":{"minecraft:killed_by":{"minecraft:zombie":1},"minecraft:picked_up":{"minecraft:rotten_flesh":2,"minecraft:dirt":1},"minecraft:mined":{"minecraft:grass_block":1},"minecraft:custom":{"minecraft:jump":78,"minecraft:time_since_rest":7292,"minecraft:damage_taken":260,"minecraft:leave_game":2,"minecraft:damage_dealt":23,"minecraft:crouch_one_cm":725,"minecraft:sprint_one_cm":8327,"minecraft:play_time":15856,"minecraft:walk_one_cm":43045,"minecraft:time_since_death":7260,"minecraft:deaths":3,"minecraft:sneak_time":184,"minecraft:total_world_time":15856,"minecraft:fall_one_cm":1508,"minecraft:fly_one_cm":65074},"minecraft:used":{"minecraft:dirt":1}},"DataVersion":3465}