{"stats":{"minecraft:dropped":{"minecraft:gunpowder":1,"minecraft:polished_blackstone_brick_stairs":1,"minecraft:soul_lantern":1,"minecraft:string":2,"minecraft:grass_block":1},"minecraft:custom":{"minecraft:time_since_rest":330358,"minecraft:sprint_one_cm":20526,"minecraft:damage_taken":30,"minecraft:walk_one_cm":197463,"minecraft:mob_kills":3,"minecraft:drop":5,"minecraft:damage_dealt":460,"minecraft:fly_one_cm":1076311,"minecraft:crouch_one_cm":3371,"minecraft:play_time":330358,"minecraft:sneak_time":5768,"minecraft:walk_under_water_one_cm":1544,"minecraft:jump":174,"minecraft:leave_game":5,"minecraft:time_since_death":330358,"minecraft:walk_on_water_one_cm":267,"minecraft:total_world_time":330358,"minecraft:fall_one_cm":1811},"minecraft:used":{"minecraft:chiseled_polished_blackstone":18,"minecraft:lava_bucket":2,"minecraft:grass_block":153,"minecraft:blackstone_stairs":48,"minecraft:blackstone":66,"minecraft:polished_basalt":105,"minecraft:stone":281,"minecraft:polished_blackstone_brick_stairs":71,"minecraft:black_glazed_terracotta":226,"minecraft:soul_lantern":22,"minecraft:polished_blackstone_bricks":316,"minecraft:diamond_sword":6,"minecraft:magma_block":30,"minecraft:prismarine_bricks":6,"minecraft:chain":6,"minecraft:deepslate_brick_slab":3,"minecraft:ochre_froglight":23},"minecraft:killed":{"minecraft:zombie":1,"minecraft:spider":1,"minecraft:creeper":1},"minecraft:picked_up":{"minecraft:gunpowder":2,"minecraft:grass_block":1,"minecraft:polished_blackstone_brick_stairs":1,"minecraft:string":2,"minecraft:rotten_flesh":12,"minecraft:soul_lantern":4}},"DataVersion":3465}