{"stats":{"minecraft:dropped":{"minecraft:gunpowder":1,"minecraft:string":2},"minecraft:custom":{"minecraft:time_since_rest":234358,"minecraft:crouch_one_cm":1462,"minecraft:play_time":234358,"minecraft:sprint_one_cm":11019,"minecraft:damage_taken":30,"minecraft:walk_one_cm":107470,"minecraft:sneak_time":2336,"minecraft:walk_under_water_one_cm":1544,"minecraft:mob_kills":3,"minecraft:drop":2,"minecraft:jump":61,"minecraft:damage_dealt":460,"minecraft:leave_game":5,"minecraft:walk_on_water_one_cm":267,"minecraft:time_since_death":234358,"minecraft:total_world_time":234358,"minecraft:fall_one_cm":1811,"minecraft:fly_one_cm":772598},"minecraft:used":{"minecraft:diamond_sword":6,"minecraft:grass_block":153,"minecraft:blackstone":10,"minecraft:ochre_froglight":5,"minecraft:black_glazed_terracotta":188,"minecraft:stone":212},"minecraft:killed":{"minecraft:spider":1,"minecraft:zombie":1,"minecraft:creeper":1},"minecraft:picked_up":{"minecraft:rotten_flesh":12,"minecraft:gunpowder":2,"minecraft:string":2}},"DataVersion":3465}