{"stats":{"minecraft:dropped":{"minecraft:polished_blackstone":2,"minecraft:soul_lantern":1,"minecraft:grass_block":1,"minecraft:dirt":1,"minecraft:gunpowder":1,"minecraft:polished_blackstone_brick_stairs":1,"minecraft:wooden_axe":3,"minecraft:potion":1,"minecraft:string":2},"minecraft:crafted":{"minecraft:jungle_wood":21,"minecraft:crafting_table":1,"minecraft:jungle_planks":84,"minecraft:chest":1},"minecraft:used":{"minecraft:crimson_stem":296,"minecraft:oak_trapdoor":32,"minecraft:wheat_seeds":91,"minecraft:oak_fence":868,"minecraft:chiseled_polished_blackstone":1400,"minecraft:nether_brick_fence":25,"minecraft:water_bucket":377,"minecraft:leather_leggings":1,"minecraft:netherite_sword":17,"minecraft:polished_blackstone_brick_slab":162,"minecraft:flint_and_steel":4,"minecraft:stripped_acacia_log":12,"minecraft:polished_andesite":18,"minecraft:blackstone_stairs":216,"minecraft:polished_blackstone":1736,"minecraft:redstone":4,"minecraft:ladder":55,"minecraft:blackstone":116,"minecraft:polished_basalt":3779,"minecraft:chest":1,"minecraft:leather_chestplate":1,"minecraft:black_glazed_terracotta":424,"minecraft:stone":506,"minecraft:iron_sword":10,"minecraft:composter":34,"minecraft:red_nether_brick_stairs":1,"minecraft:polished_blackstone_wall":31,"minecraft:leather_boots":1,"minecraft:farmland":10,"minecraft:polished_blackstone_bricks":497,"minecraft:gilded_blackstone":27,"minecraft:torch":58,"minecraft:chiseled_red_sandstone":55,"minecraft:dirt":113,"minecraft:oak_slab":53,"minecraft:crafting_table":1,"minecraft:prismarine_bricks":6,"minecraft:cobblestone_wall":2,"minecraft:carrot":72,"minecraft:campfire":217,"minecraft:crossbow":3,"minecraft:deepslate_brick_slab":3,"minecraft:ochre_froglight":595,"minecraft:stone_brick_wall":8,"minecraft:glow_lichen":265,"minecraft:spruce_fence":104,"minecraft:obsidian":44,"minecraft:birch_fence":51,"minecraft:glass":371,"minecraft:diamond_pickaxe":22,"minecraft:apple":227,"minecraft:lava_bucket":413,"minecraft:crying_obsidian":133,"minecraft:command_block":4,"minecraft:iron_axe":17,"minecraft:lantern":161,"minecraft:grass_block":405,"minecraft:polished_deepslate_wall":395,"minecraft:verdant_froglight":4,"minecraft:polished_blackstone_brick_wall":29,"minecraft:jungle_stairs":1657,"minecraft:netherite_hoe":165,"minecraft:polished_blackstone_brick_stairs":526,"minecraft:spruce_trapdoor":61,"minecraft:melon_seeds":23,"minecraft:soul_lantern":88,"minecraft:blackstone_slab":112,"minecraft:diamond_sword":6,"minecraft:magma_block":42,"minecraft:azalea_leaves":116,"minecraft:oak_sapling":23,"minecraft:chain":33,"minecraft:glass_pane":14,"minecraft:polished_blackstone_button":8,"minecraft:stripped_oak_log":161,"minecraft:pearlescent_froglight":6,"minecraft:dragon_head":11,"minecraft:splash_potion":776,"minecraft:bone_meal":324,"minecraft:polished_blackstone_stairs":283},"minecraft:killed":{"minecraft:spider":2,"minecraft:slime":1,"minecraft:creeper":1,"minecraft:horse":1,"minecraft:sheep":3,"minecraft:zombie":2,"minecraft:chicken":1,"minecraft:villager":2,"minecraft:cow":1},"minecraft:picked_up":{"minecraft:wooden_axe":1,"minecraft:feather":1,"minecraft:chicken":1,"minecraft:jungle_log":42,"minecraft:leather":1,"minecraft:potion":1,"minecraft:gunpowder":2,"minecraft:polished_blackstone_brick_stairs":1,"minecraft:string":4,"minecraft:lantern":4,"minecraft:kelp":1,"minecraft:wheat_seeds":84,"minecraft:beef":1,"minecraft:jungle_sapling":3,"minecraft:light_gray_wool":1,"minecraft:grass_block":1,"minecraft:rotten_flesh":15,"minecraft:soul_lantern":9,"minecraft:polished_blackstone_button":1,"minecraft:bone_meal":1,"minecraft:polished_blackstone":2,"minecraft:melon_seeds":7,"minecraft:mutton":6,"minecraft:white_wool":2},"minecraft:mined":{"minecraft:jungle_log":12,"minecraft:polished_blackstone_button":1,"minecraft:grass":7,"minecraft:vine":5,"minecraft:fern":4},"minecraft:custom":{"minecraft:mob_kills":15,"minecraft:interact_with_crafting_table":1,"minecraft:leave_game":14,"minecraft:time_since_death":1368327,"minecraft:climb_one_cm":538,"minecraft:time_since_rest":1368327,"minecraft:sprint_one_cm":173391,"minecraft:damage_taken":60,"minecraft:walk_one_cm":1697694,"minecraft:drop":12,"minecraft:damage_dealt":2928,"minecraft:swim_one_cm":1543,"minecraft:fly_one_cm":7486589,"minecraft:open_chest":3,"minecraft:crouch_one_cm":28065,"minecraft:play_time":1368327,"minecraft:sneak_time":41452,"minecraft:walk_under_water_one_cm":83532,"minecraft:jump":1515,"minecraft:walk_on_water_one_cm":33389,"minecraft:total_world_time":1368327,"minecraft:fall_one_cm":2380}},"DataVersion":3465}