{"stats":{"minecraft:dropped":{"minecraft:gunpowder":1,"minecraft:polished_blackstone_brick_stairs":1,"minecraft:soul_lantern":1,"minecraft:string":2,"minecraft:grass_block":1},"minecraft:custom":{"minecraft:time_since_rest":564358,"minecraft:sprint_one_cm":60538,"minecraft:damage_taken":30,"minecraft:walk_one_cm":661152,"minecraft:mob_kills":4,"minecraft:drop":5,"minecraft:damage_dealt":520,"minecraft:fly_one_cm":1948832,"minecraft:crouch_one_cm":10802,"minecraft:play_time":564358,"minecraft:sneak_time":15193,"minecraft:walk_under_water_one_cm":4683,"minecraft:jump":537,"minecraft:leave_game":5,"minecraft:time_since_death":564358,"minecraft:walk_on_water_one_cm":334,"minecraft:total_world_time":564358,"minecraft:fall_one_cm":1811},"minecraft:used":{"minecraft:crimson_stem":296,"minecraft:glass":272,"minecraft:chiseled_polished_blackstone":84,"minecraft:lava_bucket":366,"minecraft:crying_obsidian":133,"minecraft:flint_and_steel":4,"minecraft:grass_block":153,"minecraft:polished_blackstone":32,"minecraft:blackstone_stairs":199,"minecraft:verdant_froglight":4,"minecraft:blackstone":115,"minecraft:polished_basalt":1320,"minecraft:stone":484,"minecraft:polished_blackstone_brick_stairs":78,"minecraft:black_glazed_terracotta":382,"minecraft:red_nether_brick_stairs":1,"minecraft:soul_lantern":28,"minecraft:blackstone_slab":111,"minecraft:polished_blackstone_bricks":489,"minecraft:gilded_blackstone":27,"minecraft:diamond_sword":6,"minecraft:magma_block":42,"minecraft:prismarine_bricks":6,"minecraft:chain":6,"minecraft:deepslate_brick_slab":3,"minecraft:ochre_froglight":357,"minecraft:pearlescent_froglight":6,"minecraft:obsidian":44},"minecraft:killed":{"minecraft:zombie":1,"minecraft:spider":1,"minecraft:creeper":1},"minecraft:picked_up":{"minecraft:gunpowder":2,"minecraft:grass_block":1,"minecraft:polished_blackstone_brick_stairs":1,"minecraft:string":2,"minecraft:rotten_flesh":12,"minecraft:soul_lantern":7}},"DataVersion":3465}