{"stats":{"minecraft:dropped":{"minecraft:gunpowder":1,"minecraft:polished_blackstone_brick_stairs":1,"minecraft:polished_blackstone":1,"minecraft:wooden_axe":1,"minecraft:soul_lantern":1,"minecraft:string":2,"minecraft:grass_block":1},"minecraft:custom":{"minecraft:time_since_rest":758262,"minecraft:sprint_one_cm":77860,"minecraft:damage_taken":30,"minecraft:walk_one_cm":1001008,"minecraft:mob_kills":4,"minecraft:drop":7,"minecraft:damage_dealt":530,"minecraft:fly_one_cm":3674137,"minecraft:crouch_one_cm":16243,"minecraft:play_time":758262,"minecraft:sneak_time":25890,"minecraft:walk_under_water_one_cm":22484,"minecraft:jump":854,"minecraft:leave_game":6,"minecraft:time_since_death":758262,"minecraft:walk_on_water_one_cm":14000,"minecraft:total_world_time":758262,"minecraft:fall_one_cm":1811},"minecraft:used":{"minecraft:birch_fence":51,"minecraft:crimson_stem":296,"minecraft:oak_fence":268,"minecraft:glass":371,"minecraft:chiseled_polished_blackstone":176,"minecraft:polished_blackstone_brick_slab":131,"minecraft:lava_bucket":413,"minecraft:crying_obsidian":133,"minecraft:stripped_acacia_log":12,"minecraft:flint_and_steel":4,"minecraft:polished_deepslate_wall":224,"minecraft:grass_block":260,"minecraft:polished_blackstone":481,"minecraft:blackstone_stairs":214,"minecraft:ladder":35,"minecraft:verdant_froglight":4,"minecraft:polished_blackstone_brick_wall":29,"minecraft:polished_basalt":2269,"minecraft:blackstone":116,"minecraft:black_glazed_terracotta":424,"minecraft:stone":493,"minecraft:polished_blackstone_brick_stairs":207,"minecraft:red_nether_brick_stairs":1,"minecraft:polished_blackstone_wall":9,"minecraft:soul_lantern":28,"minecraft:polished_blackstone_bricks":497,"minecraft:blackstone_slab":112,"minecraft:gilded_blackstone":27,"minecraft:chiseled_red_sandstone":43,"minecraft:diamond_sword":6,"minecraft:dirt":31,"minecraft:magma_block":42,"minecraft:oak_slab":53,"minecraft:prismarine_bricks":6,"minecraft:cobblestone_wall":2,"minecraft:stripped_oak_log":107,"minecraft:chain":6,"minecraft:glass_pane":14,"minecraft:deepslate_brick_slab":3,"minecraft:ochre_froglight":363,"minecraft:stone_brick_wall":8,"minecraft:pearlescent_froglight":6,"minecraft:dragon_head":1,"minecraft:spruce_fence":3,"minecraft:obsidian":44},"minecraft:killed":{"minecraft:zombie":1,"minecraft:spider":1,"minecraft:creeper":1},"minecraft:picked_up":{"minecraft:grass_block":1,"minecraft:gunpowder":2,"minecraft:polished_blackstone_brick_stairs":1,"minecraft:string":2,"minecraft:rotten_flesh":13,"minecraft:kelp":1,"minecraft:wheat_seeds":82,"minecraft:soul_lantern":7,"minecraft:polished_blackstone":1}},"DataVersion":3465}