{"stats":{"minecraft:dropped":{"minecraft:gunpowder":1,"minecraft:polished_blackstone_brick_stairs":1,"minecraft:soul_lantern":1,"minecraft:string":2,"minecraft:grass_block":1},"minecraft:custom":{"minecraft:time_since_rest":426358,"minecraft:sprint_one_cm":47395,"minecraft:damage_taken":30,"minecraft:walk_one_cm":428640,"minecraft:mob_kills":4,"minecraft:drop":5,"minecraft:damage_dealt":510,"minecraft:fly_one_cm":1338673,"minecraft:crouch_one_cm":6916,"minecraft:play_time":426358,"minecraft:sneak_time":10033,"minecraft:walk_under_water_one_cm":4683,"minecraft:jump":378,"minecraft:leave_game":5,"minecraft:time_since_death":426358,"minecraft:walk_on_water_one_cm":334,"minecraft:total_world_time":426358,"minecraft:fall_one_cm":1811},"minecraft:used":{"minecraft:glass":256,"minecraft:chiseled_polished_blackstone":72,"minecraft:lava_bucket":337,"minecraft:grass_block":153,"minecraft:blackstone_stairs":85,"minecraft:blackstone":89,"minecraft:polished_basalt":695,"minecraft:stone":479,"minecraft:polished_blackstone_brick_stairs":78,"minecraft:black_glazed_terracotta":286,"minecraft:soul_lantern":22,"minecraft:polished_blackstone_bricks":473,"minecraft:diamond_sword":6,"minecraft:magma_block":30,"minecraft:prismarine_bricks":6,"minecraft:chain":6,"minecraft:deepslate_brick_slab":3,"minecraft:ochre_froglight":30},"minecraft:killed":{"minecraft:zombie":1,"minecraft:spider":1,"minecraft:creeper":1},"minecraft:picked_up":{"minecraft:gunpowder":2,"minecraft:grass_block":1,"minecraft:polished_blackstone_brick_stairs":1,"minecraft:string":2,"minecraft:rotten_flesh":12,"minecraft:soul_lantern":6}},"DataVersion":3465}