{"stats":{"minecraft:custom":{"minecraft:mob_kills":27,"minecraft:interact_with_crafting_table":7,"minecraft:leave_game":21,"minecraft:time_since_death":1799145,"minecraft:climb_one_cm":1239,"minecraft:sprint_one_cm":233514,"minecraft:walk_one_cm":1817790,"minecraft:drop":15,"minecraft:play_time":1799145,"minecraft:sneak_time":42479,"minecraft:walk_under_water_one_cm":86768,"minecraft:jump":1666,"minecraft:walk_on_water_one_cm":33389,"minecraft:total_world_time":1799145,"minecraft:time_since_rest":1799145,"minecraft:damage_taken":60,"minecraft:damage_dealt":5260,"minecraft:swim_one_cm":1543,"minecraft:fly_one_cm":7639304,"minecraft:open_chest":3,"minecraft:crouch_one_cm":31123,"minecraft:fall_one_cm":2380},"minecraft:used":{"minecraft:oak_trapdoor":32,"minecraft:oak_fence":868,"minecraft:nether_brick_fence":25,"minecraft:netherite_sword":17,"minecraft:polished_blackstone_brick_slab":162,"minecraft:flint_and_steel":4,"minecraft:polished_blackstone":1736,"minecraft:redstone":4,"minecraft:ladder":55,"minecraft:polished_basalt":3779,"minecraft:chest":1,"minecraft:stone":506,"minecraft:iron_sword":58,"minecraft:red_nether_brick_stairs":1,"minecraft:wooden_shovel":47,"minecraft:polished_blackstone_wall":31,"minecraft:farmland":10,"minecraft:torch":58,"minecraft:chiseled_red_sandstone":55,"minecraft:dirt":120,"minecraft:prismarine_bricks":6,"minecraft:cobblestone_wall":2,"minecraft:carrot":72,"minecraft:deepslate_brick_slab":3,"minecraft:glow_lichen":265,"minecraft:spruce_fence":104,"minecraft:obsidian":44,"minecraft:glass":371,"minecraft:lava_bucket":413,"minecraft:lantern":161,"minecraft:grass_block":430,"minecraft:iron_axe":19,"minecraft:polished_deepslate_wall":395,"minecraft:polished_blackstone_brick_wall":29,"minecraft:netherite_hoe":165,"minecraft:polished_blackstone_brick_stairs":526,"minecraft:melon_seeds":23,"minecraft:light_gray_wool":1,"minecraft:golden_sword":1,"minecraft:magma_block":42,"minecraft:oak_sapling":23,"minecraft:pearlescent_froglight":6,"minecraft:dragon_head":11,"minecraft:polished_blackstone_stairs":283,"minecraft:crimson_stem":296,"minecraft:wheat_seeds":91,"minecraft:chiseled_polished_blackstone":1400,"minecraft:water_bucket":377,"minecraft:leather_leggings":1,"minecraft:stripped_acacia_log":12,"minecraft:polished_andesite":18,"minecraft:blackstone_stairs":216,"minecraft:blackstone":116,"minecraft:leather_chestplate":1,"minecraft:wooden_pickaxe":14,"minecraft:black_glazed_terracotta":424,"minecraft:composter":34,"minecraft:leather_boots":1,"minecraft:polished_blackstone_bricks":497,"minecraft:gilded_blackstone":27,"minecraft:oak_slab":53,"minecraft:crafting_table":2,"minecraft:crossbow":3,"minecraft:campfire":217,"minecraft:ochre_froglight":595,"minecraft:stone_brick_wall":8,"minecraft:birch_fence":51,"minecraft:diamond_pickaxe":22,"minecraft:apple":227,"minecraft:crying_obsidian":133,"minecraft:command_block":4,"minecraft:verdant_froglight":4,"minecraft:jungle_stairs":1657,"minecraft:spruce_trapdoor":61,"minecraft:soul_lantern":88,"minecraft:blackstone_slab":112,"minecraft:stone_axe":4,"minecraft:diamond_sword":6,"minecraft:azalea_leaves":116,"minecraft:chain":33,"minecraft:glass_pane":14,"minecraft:polished_blackstone_button":8,"minecraft:stripped_oak_log":161,"minecraft:bone_meal":324,"minecraft:splash_potion":776},"minecraft:killed":{"minecraft:spider":5,"minecraft:slime":1,"minecraft:horse":1,"minecraft:skeleton":1,"minecraft:chicken":1,"minecraft:creeper":1,"minecraft:sheep":3,"minecraft:zombie":9,"minecraft:villager":2,"minecraft:cow":1},"minecraft:mined":{"minecraft:grass_block":3,"minecraft:jungle_log":13,"minecraft:polished_blackstone_button":1,"minecraft:vine":6,"minecraft:bamboo":1,"minecraft:stone":14,"minecraft:crafting_table":1,"minecraft:chest":1,"minecraft:grass":7,"minecraft:oak_log":8,"minecraft:dirt":44,"minecraft:oak_leaves":1,"minecraft:fern":4},"minecraft:dropped":{"minecraft:iron_sword":1,"minecraft:polished_blackstone":2,"minecraft:grass_block":1,"minecraft:dirt":1,"minecraft:polished_blackstone_brick_stairs":1,"minecraft:wooden_axe":4,"minecraft:potion":1,"minecraft:string":2,"minecraft:soul_lantern":1,"minecraft:shield":1,"minecraft:gunpowder":1},"minecraft:crafted":{"minecraft:oak_planks":24,"minecraft:chest":1,"minecraft:wooden_shovel":1,"minecraft:jungle_wood":21,"minecraft:crafting_table":2,"minecraft:wooden_pickaxe":1,"minecraft:oak_wood":3,"minecraft:stone_axe":1,"minecraft:jungle_planks":84,"minecraft:stick":16,"minecraft:wooden_axe":1},"minecraft:picked_up":{"minecraft:wooden_axe":1,"minecraft:crafting_table":1,"minecraft:chicken":1,"minecraft:potion":1,"minecraft:shield":1,"minecraft:string":5,"minecraft:polished_blackstone_brick_stairs":1,"minecraft:beef":1,"minecraft:jungle_sapling":9,"minecraft:light_gray_wool":1,"minecraft:chest":1,"minecraft:arrow":6,"minecraft:rotten_flesh":25,"minecraft:polished_blackstone":2,"minecraft:mutton":6,"minecraft:white_wool":2,"minecraft:cobblestone":15,"minecraft:feather":1,"minecraft:jungle_log":60,"minecraft:leather":1,"minecraft:flint":1,"minecraft:oak_log":50,"minecraft:gunpowder":2,"minecraft:dirt":49,"minecraft:lantern":4,"minecraft:bone":5,"minecraft:apple":7,"minecraft:kelp":1,"minecraft:wheat_seeds":84,"minecraft:iron_ingot":63,"minecraft:bamboo":7,"minecraft:iron_sword":1,"minecraft:gravel":17,"minecraft:grass_block":1,"minecraft:diamond":64,"minecraft:soul_lantern":9,"minecraft:polished_blackstone_button":1,"minecraft:bone_meal":1,"minecraft:golden_apple":2,"minecraft:oak_sapling":25,"minecraft:melon_seeds":7}},"DataVersion":3465}