{"stats":{"minecraft:dropped":{"minecraft:polished_blackstone":1,"minecraft:soul_lantern":1,"minecraft:grass_block":1,"minecraft:gunpowder":1,"minecraft:polished_blackstone_brick_stairs":1,"minecraft:wooden_axe":2,"minecraft:potion":1,"minecraft:string":2},"minecraft:custom":{"minecraft:mob_kills":4,"minecraft:leave_game":6,"minecraft:time_since_death":878262,"minecraft:time_since_rest":878262,"minecraft:sprint_one_cm":82067,"minecraft:damage_taken":30,"minecraft:walk_one_cm":1218010,"minecraft:drop":9,"minecraft:damage_dealt":530,"minecraft:swim_one_cm":1543,"minecraft:fly_one_cm":4395473,"minecraft:crouch_one_cm":19996,"minecraft:play_time":878262,"minecraft:sneak_time":28528,"minecraft:walk_under_water_one_cm":24433,"minecraft:jump":986,"minecraft:walk_on_water_one_cm":25862,"minecraft:total_world_time":878262,"minecraft:fall_one_cm":1811},"minecraft:used":{"minecraft:crimson_stem":296,"minecraft:wheat_seeds":91,"minecraft:oak_fence":583,"minecraft:chiseled_polished_blackstone":271,"minecraft:nether_brick_fence":25,"minecraft:water_bucket":23,"minecraft:polished_blackstone_brick_slab":139,"minecraft:flint_and_steel":4,"minecraft:stripped_acacia_log":12,"minecraft:polished_andesite":18,"minecraft:blackstone_stairs":214,"minecraft:polished_blackstone":729,"minecraft:ladder":35,"minecraft:blackstone":116,"minecraft:polished_basalt":2478,"minecraft:stone":493,"minecraft:black_glazed_terracotta":424,"minecraft:composter":34,"minecraft:red_nether_brick_stairs":1,"minecraft:polished_blackstone_wall":31,"minecraft:farmland":10,"minecraft:polished_blackstone_bricks":497,"minecraft:gilded_blackstone":27,"minecraft:chiseled_red_sandstone":55,"minecraft:dirt":31,"minecraft:oak_slab":53,"minecraft:prismarine_bricks":6,"minecraft:cobblestone_wall":2,"minecraft:carrot":45,"minecraft:deepslate_brick_slab":3,"minecraft:campfire":149,"minecraft:ochre_froglight":380,"minecraft:stone_brick_wall":8,"minecraft:glow_lichen":265,"minecraft:spruce_fence":3,"minecraft:obsidian":44,"minecraft:birch_fence":51,"minecraft:glass":371,"minecraft:lava_bucket":413,"minecraft:apple":227,"minecraft:crying_obsidian":133,"minecraft:lantern":33,"minecraft:grass_block":391,"minecraft:verdant_froglight":4,"minecraft:polished_deepslate_wall":224,"minecraft:polished_blackstone_brick_wall":29,"minecraft:netherite_hoe":165,"minecraft:polished_blackstone_brick_stairs":250,"minecraft:spruce_trapdoor":61,"minecraft:melon_seeds":23,"minecraft:soul_lantern":28,"minecraft:blackstone_slab":112,"minecraft:diamond_sword":6,"minecraft:magma_block":42,"minecraft:azalea_leaves":116,"minecraft:oak_sapling":23,"minecraft:glass_pane":14,"minecraft:chain":33,"minecraft:pearlescent_froglight":6,"minecraft:stripped_oak_log":107,"minecraft:dragon_head":1,"minecraft:bone_meal":324,"minecraft:splash_potion":588},"minecraft:killed":{"minecraft:spider":1,"minecraft:creeper":1,"minecraft:zombie":1},"minecraft:picked_up":{"minecraft:wooden_axe":1,"minecraft:potion":1,"minecraft:gunpowder":2,"minecraft:string":2,"minecraft:polished_blackstone_brick_stairs":1,"minecraft:lantern":2,"minecraft:kelp":1,"minecraft:wheat_seeds":84,"minecraft:grass_block":1,"minecraft:rotten_flesh":13,"minecraft:soul_lantern":7,"minecraft:bone_meal":1,"minecraft:polished_blackstone":1,"minecraft:melon_seeds":7}},"DataVersion":3465}