{"stats":{"minecraft:dropped":{"minecraft:gunpowder":1,"minecraft:string":2,"minecraft:grass_block":1},"minecraft:custom":{"minecraft:time_since_rest":246358,"minecraft:crouch_one_cm":1462,"minecraft:play_time":246358,"minecraft:sprint_one_cm":11019,"minecraft:damage_taken":30,"minecraft:walk_one_cm":108447,"minecraft:sneak_time":2449,"minecraft:walk_under_water_one_cm":1544,"minecraft:mob_kills":3,"minecraft:drop":3,"minecraft:jump":66,"minecraft:damage_dealt":460,"minecraft:leave_game":5,"minecraft:walk_on_water_one_cm":267,"minecraft:time_since_death":246358,"minecraft:total_world_time":246358,"minecraft:fall_one_cm":1811,"minecraft:fly_one_cm":797210},"minecraft:used":{"minecraft:soul_lantern":18,"minecraft:polished_blackstone_bricks":49,"minecraft:chiseled_polished_blackstone":18,"minecraft:diamond_sword":6,"minecraft:grass_block":153,"minecraft:polished_blackstone_brick_stairs":12,"minecraft:blackstone":66,"minecraft:ochre_froglight":8,"minecraft:black_glazed_terracotta":224,"minecraft:stone":212},"minecraft:killed":{"minecraft:spider":1,"minecraft:zombie":1,"minecraft:creeper":1},"minecraft:picked_up":{"minecraft:rotten_flesh":12,"minecraft:grass_block":1,"minecraft:gunpowder":2,"minecraft:string":2}},"DataVersion":3465}