{"stats":{"minecraft:crafted":{"minecraft:oak_planks":24,"minecraft:chest":1,"minecraft:wooden_shovel":1,"minecraft:jungle_wood":21,"minecraft:crafting_table":2,"minecraft:wooden_pickaxe":1,"minecraft:oak_wood":3,"minecraft:stone_axe":1,"minecraft:jungle_planks":84,"minecraft:stick":16,"minecraft:wooden_axe":1},"minecraft:dropped":{"minecraft:iron_sword":1,"minecraft:polished_blackstone":2,"minecraft:grass_block":1,"minecraft:dirt":1,"minecraft:polished_blackstone_brick_stairs":1,"minecraft:wooden_axe":4,"minecraft:potion":1,"minecraft:string":2,"minecraft:stone_sword":2,"minecraft:soul_lantern":1,"minecraft:shield":1,"minecraft:gunpowder":1},"minecraft:custom":{"minecraft:mob_kills":190,"minecraft:interact_with_crafting_table":7,"minecraft:leave_game":44,"minecraft:time_since_death":2789950,"minecraft:climb_one_cm":1239,"minecraft:sprint_one_cm":251961,"minecraft:walk_one_cm":2977100,"minecraft:drop":17,"minecraft:play_time":2789950,"minecraft:sneak_time":48448,"minecraft:walk_under_water_one_cm":90495,"minecraft:jump":2115,"minecraft:walk_on_water_one_cm":37173,"minecraft:total_world_time":2789950,"minecraft:time_since_rest":2789950,"minecraft:damage_taken":247,"minecraft:damage_dealt":7690,"minecraft:swim_one_cm":1543,"minecraft:fly_one_cm":8474110,"minecraft:open_chest":3,"minecraft:crouch_one_cm":45756,"minecraft:fall_one_cm":2591},"minecraft:mined":{"minecraft:grass_block":5,"minecraft:jungle_log":13,"minecraft:polished_blackstone_button":1,"minecraft:vine":6,"minecraft:bamboo":1,"minecraft:stone":14,"minecraft:crafting_table":1,"minecraft:chest":1,"minecraft:grass":8,"minecraft:oak_log":8,"minecraft:dirt":45,"minecraft:oak_leaves":1,"minecraft:fern":4},"minecraft:killed":{"minecraft:spider":22,"minecraft:slime":1,"minecraft:phantom":9,"minecraft:horse":1,"minecraft:skeleton":10,"minecraft:bee":28,"minecraft:chicken":1,"minecraft:pig":4,"minecraft:zombie_villager":1,"minecraft:wandering_trader":1,"minecraft:creeper":9,"minecraft:sheep":9,"minecraft:trader_llama":2,"minecraft:pillager":3,"minecraft:zombie":61,"minecraft:wither_skeleton":2,"minecraft:villager":2,"minecraft:enderman":7,"minecraft:cow":3},"minecraft:picked_up":{"minecraft:wooden_axe":1,"minecraft:crafting_table":1,"minecraft:chicken":1,"minecraft:potion":1,"minecraft:shield":1,"minecraft:polished_blackstone_brick_stairs":1,"minecraft:string":12,"minecraft:beef":1,"minecraft:jungle_sapling":9,"minecraft:light_gray_wool":1,"minecraft:chest":1,"minecraft:phantom_membrane":2,"minecraft:porkchop":2,"minecraft:stone_sword":2,"minecraft:arrow":17,"minecraft:rotten_flesh":68,"minecraft:polished_blackstone":2,"minecraft:mutton":9,"minecraft:white_wool":4,"minecraft:cobblestone":43,"minecraft:feather":1,"minecraft:jungle_log":60,"minecraft:leather":1,"minecraft:flint":2,"minecraft:oak_log":50,"minecraft:gunpowder":2,"minecraft:dirt":94,"minecraft:lantern":4,"minecraft:bone":13,"minecraft:apple":7,"minecraft:kelp":1,"minecraft:wheat_seeds":84,"minecraft:iron_ingot":63,"minecraft:bamboo":7,"minecraft:iron_sword":1,"minecraft:gravel":27,"minecraft:grass_block":2,"minecraft:spider_eye":2,"minecraft:diamond":64,"minecraft:soul_lantern":9,"minecraft:polished_blackstone_button":1,"minecraft:bone_meal":1,"minecraft:golden_apple":2,"minecraft:oak_sapling":25,"minecraft:melon_seeds":7,"minecraft:ender_pearl":1},"minecraft:used":{"minecraft:oak_trapdoor":32,"minecraft:oak_fence":868,"minecraft:nether_brick_fence":25,"minecraft:netherite_sword":17,"minecraft:polished_blackstone_brick_slab":162,"minecraft:stone_sword":75,"minecraft:flint_and_steel":4,"minecraft:polished_blackstone":1751,"minecraft:redstone":4,"minecraft:ladder":55,"minecraft:polished_basalt":3779,"minecraft:chest":1,"minecraft:stone":506,"minecraft:iron_sword":58,"minecraft:red_nether_brick_stairs":1,"minecraft:wooden_shovel":47,"minecraft:polished_blackstone_wall":31,"minecraft:farmland":10,"minecraft:torch":58,"minecraft:chiseled_red_sandstone":55,"minecraft:dirt":159,"minecraft:prismarine_bricks":6,"minecraft:cobblestone_wall":2,"minecraft:carrot":72,"minecraft:deepslate_brick_slab":3,"minecraft:glow_lichen":265,"minecraft:spruce_fence":104,"minecraft:obsidian":44,"minecraft:glass":371,"minecraft:lava_bucket":413,"minecraft:iron_axe":25,"minecraft:lantern":161,"minecraft:grass_block":499,"minecraft:polished_deepslate_wall":395,"minecraft:polished_blackstone_brick_wall":29,"minecraft:netherite_hoe":165,"minecraft:polished_blackstone_brick_stairs":526,"minecraft:melon_seeds":23,"minecraft:light_gray_wool":1,"minecraft:golden_sword":1,"minecraft:magma_block":42,"minecraft:bow":1,"minecraft:oak_sapling":23,"minecraft:pearlescent_froglight":6,"minecraft:dragon_head":11,"minecraft:polished_blackstone_stairs":283,"minecraft:crimson_stem":296,"minecraft:wheat_seeds":91,"minecraft:chiseled_polished_blackstone":1401,"minecraft:water_bucket":377,"minecraft:leather_leggings":2,"minecraft:stripped_acacia_log":12,"minecraft:blackstone_stairs":216,"minecraft:polished_andesite":18,"minecraft:blackstone":116,"minecraft:leather_chestplate":3,"minecraft:wooden_pickaxe":14,"minecraft:black_glazed_terracotta":424,"minecraft:composter":34,"minecraft:leather_boots":2,"minecraft:polished_blackstone_bricks":497,"minecraft:gilded_blackstone":27,"minecraft:oak_slab":53,"minecraft:crafting_table":2,"minecraft:crossbow":3,"minecraft:campfire":217,"minecraft:ochre_froglight":595,"minecraft:stone_brick_wall":8,"minecraft:birch_fence":51,"minecraft:diamond_pickaxe":22,"minecraft:apple":227,"minecraft:crying_obsidian":133,"minecraft:command_block":4,"minecraft:verdant_froglight":4,"minecraft:jungle_stairs":1657,"minecraft:spruce_trapdoor":61,"minecraft:soul_lantern":88,"minecraft:blackstone_slab":112,"minecraft:stone_axe":4,"minecraft:diamond_sword":6,"minecraft:azalea_leaves":116,"minecraft:chain":33,"minecraft:glass_pane":14,"minecraft:polished_blackstone_button":8,"minecraft:stripped_oak_log":161,"minecraft:bone_meal":324,"minecraft:splash_potion":776}},"DataVersion":3465}