{"stats":{"minecraft:dropped":{"minecraft:gunpowder":1,"minecraft:polished_blackstone_brick_stairs":1,"minecraft:soul_lantern":1,"minecraft:string":2,"minecraft:grass_block":1},"minecraft:custom":{"minecraft:time_since_rest":468358,"minecraft:sprint_one_cm":47577,"minecraft:damage_taken":30,"minecraft:walk_one_cm":462209,"minecraft:mob_kills":4,"minecraft:drop":5,"minecraft:damage_dealt":520,"minecraft:fly_one_cm":1502189,"minecraft:crouch_one_cm":8584,"minecraft:play_time":468358,"minecraft:sneak_time":11735,"minecraft:walk_under_water_one_cm":4683,"minecraft:jump":422,"minecraft:leave_game":5,"minecraft:time_since_death":468358,"minecraft:walk_on_water_one_cm":334,"minecraft:total_world_time":468358,"minecraft:fall_one_cm":1811},"minecraft:used":{"minecraft:glass":263,"minecraft:chiseled_polished_blackstone":84,"minecraft:lava_bucket":338,"minecraft:grass_block":153,"minecraft:blackstone_stairs":88,"minecraft:verdant_froglight":4,"minecraft:blackstone":89,"minecraft:polished_basalt":796,"minecraft:stone":480,"minecraft:polished_blackstone_brick_stairs":78,"minecraft:black_glazed_terracotta":286,"minecraft:soul_lantern":22,"minecraft:blackstone_slab":40,"minecraft:polished_blackstone_bricks":488,"minecraft:gilded_blackstone":27,"minecraft:diamond_sword":6,"minecraft:magma_block":30,"minecraft:prismarine_bricks":6,"minecraft:chain":6,"minecraft:deepslate_brick_slab":3,"minecraft:ochre_froglight":115,"minecraft:pearlescent_froglight":6},"minecraft:killed":{"minecraft:zombie":1,"minecraft:spider":1,"minecraft:creeper":1},"minecraft:picked_up":{"minecraft:gunpowder":2,"minecraft:grass_block":1,"minecraft:polished_blackstone_brick_stairs":1,"minecraft:string":2,"minecraft:rotten_flesh":12,"minecraft:soul_lantern":7}},"DataVersion":3465}