{"stats":{"minecraft:used":{"minecraft:netherite_sword":352},"minecraft:killed":{"minecraft:sheep":1,"minecraft:parrot":1,"minecraft:wither_skeleton":1,"minecraft:salmon":1},"minecraft:picked_up":{"minecraft:bone":3,"minecraft:wheat_seeds":2,"minecraft:mutton":1,"minecraft:white_wool":1,"minecraft:dirt":16},"minecraft:custom":{"minecraft:time_since_rest":152617,"minecraft:crouch_one_cm":754,"minecraft:play_time":152617,"minecraft:sprint_one_cm":7522,"minecraft:walk_one_cm":67567,"minecraft:sneak_time":540,"minecraft:walk_under_water_one_cm":2710,"minecraft:mob_kills":4,"minecraft:jump":52,"minecraft:damage_dealt":5656,"minecraft:leave_game":5,"minecraft:walk_on_water_one_cm":231,"minecraft:time_since_death":152617,"minecraft:total_world_time":152617,"minecraft:fall_one_cm":209,"minecraft:fly_one_cm":167315}},"DataVersion":3700}