{"elements":[{"from":[5.714286,8.0,5.714286],"to":[10.285714,12.571428,10.285714],"rotation":{"angle":0.0,"axis":"y","origin":[3.4285712,-5.4285717,3.4285712]},"faces":{"east":{"uv":[0.0,2.0,2.0,4.0],"rotation":0,"texture":"#0","tintindex":0},"south":{"uv":[6.0,2.0,8.0,4.0],"rotation":0,"texture":"#0","tintindex":0},"north":{"uv":[2.0,2.0,4.0,4.0],"rotation":0,"texture":"#0","tintindex":0},"west":{"uv":[4.0,2.0,6.0,4.0],"rotation":0,"texture":"#0","tintindex":0},"up":{"uv":[4.0,2.0,2.0,0.0],"rotation":0,"texture":"#0","tintindex":0},"down":{"uv":[6.0,0.0,4.0,2.0],"rotation":0,"texture":"#0","tintindex":0}}},{"from":[5.428571,7.714286,5.428571],"to":[10.571428,12.857143,10.571428],"rotation":{"angle":0.0,"axis":"y","origin":[3.4285712,-5.1428576,3.4285712]},"faces":{"east":{"uv":[8.0,2.0,10.0,4.0],"rotation":0,"texture":"#0","tintindex":0},"south":{"uv":[14.0,2.0,16.0,4.0],"rotation":0,"texture":"#0","tintindex":0},"north":{"uv":[10.0,2.0,12.0,4.0],"rotation":0,"texture":"#0","tintindex":0},"west":{"uv":[12.0,2.0,14.0,4.0],"rotation":0,"texture":"#0","tintindex":0},"up":{"uv":[12.0,2.0,10.0,0.0],"rotation":0,"texture":"#0","tintindex":0},"down":{"uv":[14.0,0.0,12.0,2.0],"rotation":0,"texture":"#0","tintindex":0}}}],"textures":{"0":"modelengine:entity/npc_normal_slim1"},"display":{"head":{"translation":[0.0,-6.4,0.0],"scale":[4.0,4.0,4.0]}}}