{"elements":[{"from":[6.857143,5.142857,6.857143],"to":[9.142858,8.571428,9.142858],"rotation":{"angle":0.0,"axis":"y","origin":[4.5714283,1.9999995,3.4285712]},"faces":{"east":{"uv":[4.0,13.0,5.0,14.5],"rotation":0,"texture":"#0","tintindex":0},"south":{"uv":[7.0,13.0,8.0,14.5],"rotation":0,"texture":"#0","tintindex":0},"north":{"uv":[5.0,13.0,6.0,14.5],"rotation":0,"texture":"#0","tintindex":0},"west":{"uv":[6.0,13.0,7.0,14.5],"rotation":0,"texture":"#0","tintindex":0},"up":{"uv":[6.0,13.0,5.0,12.0],"rotation":0,"texture":"#0","tintindex":0},"down":{"uv":[7.0,12.0,6.0,13.0],"rotation":0,"texture":"#0","tintindex":0}}},{"from":[6.5714283,4.8571424,6.5714283],"to":[9.428572,8.285714,9.428572],"rotation":{"angle":0.0,"axis":"y","origin":[4.5714283,2.2857141,3.4285712]},"faces":{"east":{"uv":[0.0,13.0,1.0,14.5],"rotation":0,"texture":"#0","tintindex":0},"south":{"uv":[3.0,13.0,4.0,14.5],"rotation":0,"texture":"#0","tintindex":0},"north":{"uv":[1.0,13.0,2.0,14.5],"rotation":0,"texture":"#0","tintindex":0},"west":{"uv":[2.0,13.0,3.0,14.5],"rotation":0,"texture":"#0","tintindex":0},"up":{"uv":[2.0,13.0,1.0,12.0],"rotation":0,"texture":"#0","tintindex":0},"down":{"uv":[2.0,12.0,1.0,13.0],"rotation":0,"texture":"#0","tintindex":0}}}],"textures":{"0":"modelengine:entity/npc_normal_slim1"},"display":{"head":{"translation":[0.0,-6.4,0.0],"scale":[4.0,4.0,4.0]}}}