{"elements":[{"from":[6.857143,5.142857,6.857143],"to":[8.571428,8.571428,9.142858],"rotation":{"angle":0.0,"axis":"y","origin":[6.857143,-4.8571434,3.4285712]},"faces":{"east":{"uv":[9.75,13.0,10.75,14.5],"rotation":0,"texture":"#0","tintindex":0},"south":{"uv":[10.75,13.0,11.5,14.5],"rotation":0,"texture":"#0","tintindex":0},"north":{"uv":[9.0,13.0,9.75,14.5],"rotation":0,"texture":"#0","tintindex":0},"west":{"uv":[8.0,13.0,9.0,14.5],"rotation":0,"texture":"#0","tintindex":0},"up":{"uv":[9.75,13.0,9.0,12.0],"rotation":0,"texture":"#0","tintindex":0},"down":{"uv":[10.5,12.0,9.75,13.0],"rotation":0,"texture":"#0","tintindex":0}}},{"from":[6.5714283,5.142857,6.5714283],"to":[9.428572,8.857143,9.428572],"rotation":{"angle":0.0,"axis":"y","origin":[6.857143,-4.5714293,3.4285712]},"faces":{"east":{"uv":[12.0,13.0,13.0,14.5],"rotation":0,"texture":"#0","tintindex":0},"south":{"uv":[14.75,13.0,15.5,14.5],"rotation":0,"texture":"#0","tintindex":0},"north":{"uv":[13.0,13.0,13.75,14.5],"rotation":0,"texture":"#0","tintindex":0},"west":{"uv":[13.75,13.0,14.75,14.5],"rotation":0,"texture":"#0","tintindex":0},"up":{"uv":[14.0,13.0,13.0,12.0],"rotation":0,"texture":"#0","tintindex":0},"down":{"uv":[14.0,12.0,13.0,13.0],"rotation":0,"texture":"#0","tintindex":0}}}],"textures":{"0":"modelengine:entity/npc_normal_slim1"},"display":{"head":{"translation":[0.0,-6.4,0.0],"scale":[4.0,4.0,4.0]}}}