{"textures":{"0":"modelengine:entity/toro_deep_creature","1":"modelengine:entity/toro_deep_creature_antenna"},"elements":[{"from":[-8.375,6.875,0.25],"to":[5.125,19.875,0.25],"faces":{"south":{"uv":[12.0,0.0,0.0,11.5],"tintindex":0,"rotation":0,"texture":"#1"},"north":{"uv":[0.0,0.0,12.0,11.5],"tintindex":0,"rotation":0,"texture":"#1"}}},{"from":[7.0,7.5,-3.25],"to":[9.0,9.0,-2.25],"faces":{"east":{"uv":[2.65625,7.1875,2.71875,7.28125],"tintindex":0,"rotation":0,"texture":"#0"},"south":{"uv":[0.25,5.40625,0.375,5.5],"tintindex":0,"rotation":0,"texture":"#0"},"north":{"uv":[0.125,5.40625,0.25,5.5],"tintindex":0,"rotation":0,"texture":"#0"},"west":{"uv":[0.75,7.21875,0.8125,7.3125],"tintindex":0,"rotation":0,"texture":"#0"},"up":{"uv":[4.9375,2.625,4.8125,2.5625],"tintindex":0,"rotation":0,"texture":"#0"},"down":{"uv":[3.375,4.84375,3.25,4.90625],"tintindex":0,"rotation":0,"texture":"#0"}}},{"from":[11.25,7.5,-3.25],"to":[13.25,9.0,-2.25],"faces":{"east":{"uv":[3.4375,1.625,3.5,1.71875],"tintindex":0,"rotation":0,"texture":"#0"},"south":{"uv":[4.96875,3.5,5.09375,3.59375],"tintindex":0,"rotation":0,"texture":"#0"},"north":{"uv":[4.84375,3.5,4.96875,3.59375],"tintindex":0,"rotation":0,"texture":"#0"},"west":{"uv":[6.65625,6.75,6.71875,6.84375],"tintindex":0,"rotation":0,"texture":"#0"},"up":{"uv":[1.34375,4.34375,1.21875,4.28125],"tintindex":0,"rotation":0,"texture":"#0"},"down":{"uv":[1.46875,4.28125,1.34375,4.34375],"tintindex":0,"rotation":0,"texture":"#0"}}},{"from":[2.75,7.5,-3.25],"to":[4.75,9.0,-2.25],"faces":{"east":{"uv":[7.09375,1.9375,7.15625,2.03125],"tintindex":0,"rotation":0,"texture":"#0"},"south":{"uv":[0.0,5.40625,0.125,5.5],"tintindex":0,"rotation":0,"texture":"#0"},"north":{"uv":[5.09375,3.5,5.21875,3.59375],"tintindex":0,"rotation":0,"texture":"#0"},"west":{"uv":[7.09375,2.03125,7.15625,2.125],"tintindex":0,"rotation":0,"texture":"#0"},"up":{"uv":[4.8125,2.625,4.6875,2.5625],"tintindex":0,"rotation":0,"texture":"#0"},"down":{"uv":[2.375,4.78125,2.25,4.84375],"tintindex":0,"rotation":0,"texture":"#0"}}},{"from":[10.875,6.875,0.25],"to":[24.375,19.875,0.25],"faces":{"south":{"uv":[0.0,0.0,12.0,11.5],"tintindex":0,"rotation":0,"texture":"#1"},"north":{"uv":[12.0,0.0,0.0,11.5],"tintindex":0,"rotation":0,"texture":"#1"}}},{"from":[2.25,12.5,1.75],"to":[13.75,18.0,7.75],"faces":{"east":{"uv":[7.3125,2.46875,7.6875,2.8125],"tintindex":0,"rotation":0,"texture":"#0"},"south":{"uv":[5.71875,2.90625,6.4375,3.25],"tintindex":0,"rotation":0,"texture":"#0"},"north":{"uv":[5.59375,4.40625,6.3125,4.75],"tintindex":0,"rotation":0,"texture":"#0"},"west":{"uv":[7.3125,6.09375,7.6875,6.4375],"tintindex":0,"rotation":0,"texture":"#0"},"up":{"uv":[3.21875,5.9375,2.5,5.5625],"tintindex":0,"rotation":0,"texture":"#0"},"down":{"uv":[6.28125,4.75,5.5625,5.125],"tintindex":0,"rotation":0,"texture":"#0"}},"rotation":{"origin":[8.0,11.75,10.5],"angle":-22.5,"axis":"x"}},{"from":[1.75,9.0,-3.25],"to":[14.25,14.5,4.25],"faces":{"east":{"uv":[6.78125,5.46875,7.25,5.8125],"tintindex":0,"rotation":0,"texture":"#0"},"south":{"uv":[5.5625,5.46875,6.34375,5.8125],"tintindex":0,"rotation":0,"texture":"#0"},"north":{"uv":[5.5625,5.125,6.34375,5.46875],"tintindex":0,"rotation":0,"texture":"#0"},"west":{"uv":[5.34375,6.9375,5.8125,7.28125],"tintindex":0,"rotation":0,"texture":"#0"},"up":{"uv":[5.21875,4.0625,4.4375,3.59375],"tintindex":0,"rotation":0,"texture":"#0"},"down":{"uv":[5.28125,1.125,4.5,1.59375],"tintindex":0,"rotation":0,"texture":"#0"}}}],"display":{"gui":{"rotation":[30,225,0]}}}