{"elements":[{"from":[5.714286,-12.57143,2.2857141],"to":[16.0,8.0,13.142858],"rotation":{"angle":0.0,"axis":"y","origin":[29.714287,5.714286,13.142858]},"faces":{"east":{"uv":[1.0625,2.59375,1.65625,3.71875],"rotation":0,"texture":"#0","tintindex":0},"south":{"uv":[0.0,3.3125,0.5625,4.4375],"rotation":0,"texture":"#0","tintindex":0},"north":{"uv":[2.84375,2.65625,3.40625,3.78125],"rotation":0,"texture":"#0","tintindex":0},"west":{"uv":[1.65625,2.59375,2.25,3.71875],"rotation":0,"texture":"#0","tintindex":0},"up":{"uv":[5.21875,1.09375,4.65625,0.5],"rotation":0,"texture":"#0","tintindex":0},"down":{"uv":[0.9375,4.90625,0.375,5.5],"rotation":0,"texture":"#0","tintindex":0}}},{"from":[4.0,-13.1428585,3.4285712],"to":[6.285714,-0.57142925,12.0],"rotation":{"angle":0.0,"axis":"y","origin":[29.714287,5.714286,13.142858]},"faces":{"east":{"uv":[5.09375,5.03125,5.5625,5.71875],"rotation":0,"texture":"#0","tintindex":0},"south":{"uv":[7.09375,7.78125,7.21875,8.46875],"rotation":0,"texture":"#0","tintindex":0},"north":{"uv":[6.3125,7.71875,6.4375,8.40625],"rotation":0,"texture":"#0","tintindex":0},"west":{"uv":[5.125,4.0625,5.59375,4.75],"rotation":0,"texture":"#0","tintindex":0},"up":{"uv":[2.34375,8.53125,2.21875,8.0625],"rotation":0,"texture":"#0","tintindex":0},"down":{"uv":[5.375,8.0625,5.25,8.53125],"rotation":0,"texture":"#0","tintindex":0}}},{"from":[3.4285712,-13.714287,6.857143],"to":[6.285714,-7.4285717,11.428572],"rotation":{"angle":0.0,"axis":"y","origin":[29.714287,5.714286,13.142858]},"faces":{"east":{"uv":[5.78125,7.8125,6.03125,8.15625],"rotation":0,"texture":"#0","tintindex":0},"south":{"uv":[5.0625,7.40625,5.21875,7.75],"rotation":0,"texture":"#0","tintindex":0},"north":{"uv":[6.40625,0.0,6.5625,0.34375],"rotation":0,"texture":"#0","tintindex":0},"west":{"uv":[0.0,7.84375,0.25,8.1875],"rotation":0,"texture":"#0","tintindex":0},"up":{"uv":[1.25,8.8125,1.09375,8.5625],"rotation":0,"texture":"#0","tintindex":0},"down":{"uv":[1.5625,8.5625,1.40625,8.8125],"rotation":0,"texture":"#0","tintindex":0}}},{"from":[3.4285712,-13.714287,2.8571424],"to":[6.285714,-10.857143,5.714286],"rotation":{"angle":0.0,"axis":"y","origin":[29.714287,5.714286,13.142858]},"faces":{"east":{"uv":[4.53125,8.78125,4.6875,8.9375],"rotation":0,"texture":"#0","tintindex":0},"south":{"uv":[8.78125,4.53125,8.9375,4.6875],"rotation":0,"texture":"#0","tintindex":0},"north":{"uv":[8.78125,4.09375,8.9375,4.25],"rotation":0,"texture":"#0","tintindex":0},"west":{"uv":[4.6875,8.78125,4.84375,8.9375],"rotation":0,"texture":"#0","tintindex":0},"up":{"uv":[8.9375,4.84375,8.78125,4.6875],"rotation":0,"texture":"#0","tintindex":0},"down":{"uv":[8.9375,4.84375,8.78125,5.0],"rotation":0,"texture":"#0","tintindex":0}}},{"from":[5.142857,-13.1428585,1.7142854],"to":[9.714286,-4.000001,2.8571424],"rotation":{"angle":0.0,"axis":"y","origin":[29.714287,5.714286,13.142858]},"faces":{"east":{"uv":[4.625,2.125,4.6875,2.625],"rotation":0,"texture":"#0","tintindex":0},"south":{"uv":[4.5625,7.34375,4.8125,7.84375],"rotation":0,"texture":"#0","tintindex":0},"north":{"uv":[0.0,7.34375,0.25,7.84375],"rotation":0,"texture":"#0","tintindex":0},"west":{"uv":[5.9375,8.4375,6.0,8.9375],"rotation":0,"texture":"#0","tintindex":0},"up":{"uv":[2.5,2.65625,2.25,2.59375],"rotation":0,"texture":"#0","tintindex":0},"down":{"uv":[1.75,3.71875,1.5,3.78125],"rotation":0,"texture":"#0","tintindex":0}}},{"from":[10.857143,-13.1428585,1.7142854],"to":[13.142858,-9.1428585,2.8571424],"rotation":{"angle":0.0,"axis":"y","origin":[29.714287,5.714286,13.142858]},"faces":{"east":{"uv":[4.1875,6.15625,4.25,6.375],"rotation":0,"texture":"#0","tintindex":0},"south":{"uv":[3.875,8.71875,4.0,8.9375],"rotation":0,"texture":"#0","tintindex":0},"north":{"uv":[3.75,8.71875,3.875,8.9375],"rotation":0,"texture":"#0","tintindex":0},"west":{"uv":[6.28125,4.84375,6.34375,5.0625],"rotation":0,"texture":"#0","tintindex":0},"up":{"uv":[6.28125,4.40625,6.15625,4.34375],"rotation":0,"texture":"#0","tintindex":0},"down":{"uv":[6.34375,2.375,6.21875,2.4375],"rotation":0,"texture":"#0","tintindex":0}}},{"from":[14.285715,-13.1428585,1.7142854],"to":[16.57143,-5.714287,6.285714],"rotation":{"angle":0.0,"axis":"y","origin":[29.714287,5.714286,13.142858]},"faces":{"east":{"uv":[2.40625,7.5625,2.65625,7.96875],"rotation":0,"texture":"#0","tintindex":0},"south":{"uv":[8.0625,8.34375,8.1875,8.75],"rotation":0,"texture":"#0","tintindex":0},"north":{"uv":[3.625,8.34375,3.75,8.75],"rotation":0,"texture":"#0","tintindex":0},"west":{"uv":[3.25,7.625,3.5,8.03125],"rotation":0,"texture":"#0","tintindex":0},"up":{"uv":[8.0625,8.875,7.9375,8.625],"rotation":0,"texture":"#0","tintindex":0},"down":{"uv":[0.125,8.65625,0.0,8.90625],"rotation":0,"texture":"#0","tintindex":0}}},{"from":[14.285715,-13.1428585,9.142858],"to":[16.57143,-9.1428585,13.714286],"rotation":{"angle":0.0,"axis":"y","origin":[29.714287,5.714286,13.142858]},"faces":{"east":{"uv":[8.25,6.59375,8.5,6.8125],"rotation":0,"texture":"#0","tintindex":0},"south":{"uv":[4.0,8.71875,4.125,8.9375],"rotation":0,"texture":"#0","tintindex":0},"north":{"uv":[8.71875,3.875,8.84375,4.09375],"rotation":0,"texture":"#0","tintindex":0},"west":{"uv":[7.59375,8.25,7.84375,8.46875],"rotation":0,"texture":"#0","tintindex":0},"up":{"uv":[8.78125,0.78125,8.65625,0.53125],"rotation":0,"texture":"#0","tintindex":0},"down":{"uv":[8.78125,4.84375,8.65625,5.09375],"rotation":0,"texture":"#0","tintindex":0}}},{"from":[8.571428,-13.1428585,9.142858],"to":[12.571428,-3.4285717,13.714286],"rotation":{"angle":0.0,"axis":"y","origin":[29.714287,5.714286,13.142858]},"faces":{"east":{"uv":[7.09375,7.25,7.34375,7.78125],"rotation":0,"texture":"#0","tintindex":0},"south":{"uv":[4.25,7.4375,4.46875,7.96875],"rotation":0,"texture":"#0","tintindex":0},"north":{"uv":[1.1875,7.4375,1.40625,7.96875],"rotation":0,"texture":"#0","tintindex":0},"west":{"uv":[1.5,7.28125,1.75,7.8125],"rotation":0,"texture":"#0","tintindex":0},"up":{"uv":[2.78125,8.53125,2.5625,8.28125],"rotation":0,"texture":"#0","tintindex":0},"down":{"uv":[8.53125,0.625,8.3125,0.875],"rotation":0,"texture":"#0","tintindex":0}}},{"from":[5.142857,-13.1428585,9.142858],"to":[7.428571,-8.57143,13.714286],"rotation":{"angle":0.0,"axis":"y","origin":[29.714287,5.714286,13.142858]},"faces":{"east":{"uv":[8.0625,0.65625,8.3125,0.90625],"rotation":0,"texture":"#0","tintindex":0},"south":{"uv":[8.65625,5.09375,8.78125,5.34375],"rotation":0,"texture":"#0","tintindex":0},"north":{"uv":[4.90625,8.65625,5.03125,8.90625],"rotation":0,"texture":"#0","tintindex":0},"west":{"uv":[8.0625,1.34375,8.3125,1.59375],"rotation":0,"texture":"#0","tintindex":0},"up":{"uv":[5.84375,8.90625,5.71875,8.65625],"rotation":0,"texture":"#0","tintindex":0},"down":{"uv":[6.125,8.65625,6.0,8.90625],"rotation":0,"texture":"#0","tintindex":0}}}],"textures":{"0":"modelengine:entity/toro_deep_creature"},"display":{"head":{"translation":[0.0,-6.4,0.0],"scale":[4.0,4.0,4.0]}}}