{"textures":{"0":"modelengine:entity/toro_deep_creature"},"elements":[{"from":[6.5,-10.5,2.5],"to":[10.5,-2.5,3.5],"faces":{"east":{"uv":[5.53125,8.5,5.59375,9.0],"tintindex":0,"rotation":0,"texture":"#0"},"south":{"uv":[4.8125,7.40625,5.0625,7.90625],"tintindex":0,"rotation":0,"texture":"#0"},"north":{"uv":[2.65625,7.40625,2.90625,7.90625],"tintindex":0,"rotation":0,"texture":"#0"},"west":{"uv":[2.71875,8.53125,2.78125,9.03125],"tintindex":0,"rotation":0,"texture":"#0"},"up":{"uv":[2.0,3.78125,1.75,3.71875],"tintindex":0,"rotation":0,"texture":"#0"},"down":{"uv":[2.25,3.71875,2.0,3.78125],"tintindex":0,"rotation":0,"texture":"#0"}}},{"from":[9.5,-10.5,4.0],"to":[11.5,0.5,11.5],"faces":{"east":{"uv":[5.21875,0.375,5.6875,1.0625],"tintindex":0,"rotation":0,"texture":"#0"},"south":{"uv":[1.78125,7.8125,1.90625,8.5],"tintindex":0,"rotation":0,"texture":"#0"},"north":{"uv":[7.21875,7.78125,7.34375,8.46875],"tintindex":0,"rotation":0,"texture":"#0"},"west":{"uv":[5.40625,1.0625,5.875,1.75],"tintindex":0,"rotation":0,"texture":"#0"},"up":{"uv":[3.21875,8.59375,3.09375,8.125],"tintindex":0,"rotation":0,"texture":"#0"},"down":{"uv":[0.125,8.1875,0.0,8.65625],"tintindex":0,"rotation":0,"texture":"#0"}}},{"from":[9.5,-11.0,7.0],"to":[12.0,-5.5,11.0],"faces":{"east":{"uv":[4.46875,7.84375,4.71875,8.1875],"tintindex":0,"rotation":0,"texture":"#0"},"south":{"uv":[6.0,8.3125,6.15625,8.65625],"tintindex":0,"rotation":0,"texture":"#0"},"north":{"uv":[4.96875,8.3125,5.125,8.65625],"tintindex":0,"rotation":0,"texture":"#0"},"west":{"uv":[6.65625,7.875,6.90625,8.21875],"tintindex":0,"rotation":0,"texture":"#0"},"up":{"uv":[8.75,6.09375,8.59375,5.84375],"tintindex":0,"rotation":0,"texture":"#0"},"down":{"uv":[0.5625,8.625,0.40625,8.875],"tintindex":0,"rotation":0,"texture":"#0"}}},{"from":[3.5,-10.5,2.5],"to":[5.5,-7.0,3.5],"faces":{"east":{"uv":[2.65625,6.96875,2.71875,7.1875],"tintindex":0,"rotation":0,"texture":"#0"},"south":{"uv":[8.71875,8.65625,8.84375,8.875],"tintindex":0,"rotation":0,"texture":"#0"},"north":{"uv":[8.71875,7.65625,8.84375,7.875],"tintindex":0,"rotation":0,"texture":"#0"},"west":{"uv":[4.5625,7.0,4.625,7.21875],"tintindex":0,"rotation":0,"texture":"#0"},"up":{"uv":[6.46875,2.4375,6.34375,2.375],"tintindex":0,"rotation":0,"texture":"#0"},"down":{"uv":[6.59375,2.375,6.46875,2.4375],"tintindex":0,"rotation":0,"texture":"#0"}}},{"from":[0.5,-10.5,2.5],"to":[2.5,-4.0,6.5],"faces":{"east":{"uv":[7.6875,7.5625,7.9375,7.96875],"tintindex":0,"rotation":0,"texture":"#0"},"south":{"uv":[6.4375,8.375,6.5625,8.78125],"tintindex":0,"rotation":0,"texture":"#0"},"north":{"uv":[5.59375,8.375,5.71875,8.78125],"tintindex":0,"rotation":0,"texture":"#0"},"west":{"uv":[0.53125,7.71875,0.78125,8.125],"tintindex":0,"rotation":0,"texture":"#0"},"up":{"uv":[1.375,8.9375,1.25,8.6875],"tintindex":0,"rotation":0,"texture":"#0"},"down":{"uv":[8.8125,1.9375,8.6875,2.1875],"tintindex":0,"rotation":0,"texture":"#0"}}},{"from":[4.0,-10.5,9.0],"to":[7.5,-2.0,13.0],"faces":{"east":{"uv":[1.75,7.28125,2.0,7.8125],"tintindex":0,"rotation":0,"texture":"#0"},"south":{"uv":[7.46875,5.09375,7.6875,5.625],"tintindex":0,"rotation":0,"texture":"#0"},"north":{"uv":[2.0,7.46875,2.21875,8.0],"tintindex":0,"rotation":0,"texture":"#0"},"west":{"uv":[5.21875,7.28125,5.46875,7.8125],"tintindex":0,"rotation":0,"texture":"#0"},"up":{"uv":[3.4375,8.5625,3.21875,8.3125],"tintindex":0,"rotation":0,"texture":"#0"},"down":{"uv":[8.53125,4.34375,8.3125,4.59375],"tintindex":0,"rotation":0,"texture":"#0"}}},{"from":[0.5,-10.5,9.0],"to":[2.5,-7.0,13.0],"faces":{"east":{"uv":[8.28125,3.75,8.53125,3.96875],"tintindex":0,"rotation":0,"texture":"#0"},"south":{"uv":[8.75,0.96875,8.875,1.1875],"tintindex":0,"rotation":0,"texture":"#0"},"north":{"uv":[0.5625,8.75,0.6875,8.96875],"tintindex":0,"rotation":0,"texture":"#0"},"west":{"uv":[8.3125,1.34375,8.5625,1.5625],"tintindex":0,"rotation":0,"texture":"#0"},"up":{"uv":[2.46875,8.9375,2.34375,8.6875],"tintindex":0,"rotation":0,"texture":"#0"},"down":{"uv":[8.8125,3.0625,8.6875,3.3125],"tintindex":0,"rotation":0,"texture":"#0"}}},{"from":[8.5,-10.5,9.0],"to":[10.5,-6.5,13.0],"faces":{"east":{"uv":[8.0625,4.34375,8.3125,4.59375],"tintindex":0,"rotation":0,"texture":"#0"},"south":{"uv":[8.6875,4.28125,8.8125,4.53125],"tintindex":0,"rotation":0,"texture":"#0"},"north":{"uv":[8.6875,3.625,8.8125,3.875],"tintindex":0,"rotation":0,"texture":"#0"},"west":{"uv":[5.0,8.0625,5.25,8.3125],"tintindex":0,"rotation":0,"texture":"#0"},"up":{"uv":[8.8125,6.34375,8.6875,6.09375],"tintindex":0,"rotation":0,"texture":"#0"},"down":{"uv":[6.40625,8.6875,6.28125,8.9375],"tintindex":0,"rotation":0,"texture":"#0"}}},{"from":[1.0,-10.0,3.0],"to":[10.0,8.0,12.5],"faces":{"east":{"uv":[2.25,2.59375,1.65625,3.71875],"tintindex":0,"rotation":0,"texture":"#0"},"south":{"uv":[0.5625,3.3125,0.0,4.4375],"tintindex":0,"rotation":0,"texture":"#0"},"north":{"uv":[3.40625,2.65625,2.84375,3.78125],"tintindex":0,"rotation":0,"texture":"#0"},"west":{"uv":[1.65625,2.59375,1.0625,3.71875],"tintindex":0,"rotation":0,"texture":"#0"},"up":{"uv":[4.65625,1.09375,5.21875,0.5],"tintindex":0,"rotation":0,"texture":"#0"},"down":{"uv":[0.375,4.90625,0.9375,5.5],"tintindex":0,"rotation":0,"texture":"#0"}}},{"from":[9.5,-11.0,3.5],"to":[12.0,-8.5,6.0],"faces":{"east":{"uv":[8.78125,5.15625,8.9375,5.3125],"tintindex":0,"rotation":0,"texture":"#0"},"south":{"uv":[8.78125,5.3125,8.9375,5.46875],"tintindex":0,"rotation":0,"texture":"#0"},"north":{"uv":[8.78125,5.0,8.9375,5.15625],"tintindex":0,"rotation":0,"texture":"#0"},"west":{"uv":[5.375,8.78125,5.53125,8.9375],"tintindex":0,"rotation":0,"texture":"#0"},"up":{"uv":[8.9375,5.625,8.78125,5.46875],"tintindex":0,"rotation":0,"texture":"#0"},"down":{"uv":[6.5625,8.78125,6.40625,8.9375],"tintindex":0,"rotation":0,"texture":"#0"}}}],"display":{"gui":{"rotation":[30,225,0]}}}