{"textures":{"0":"modelengine:entity/toro_deep_creature"},"elements":[{"from":[10.0,-14.0,9.5],"to":[13.0,-7.0,13.5],"faces":{"east":{"uv":[2.03125,8.75,2.15625,8.96875],"tintindex":0,"rotation":0,"texture":"#0"},"south":{"uv":[8.875,0.0,8.96875,0.21875],"tintindex":0,"rotation":0,"texture":"#0"},"north":{"uv":[8.84375,3.875,8.9375,4.09375],"tintindex":0,"rotation":0,"texture":"#0"},"west":{"uv":[8.75,2.75,8.875,2.96875],"tintindex":0,"rotation":0,"texture":"#0"},"up":{"uv":[9.0,3.75,8.90625,3.625],"tintindex":0,"rotation":0,"texture":"#0"},"down":{"uv":[9.0,3.75,8.90625,3.875],"tintindex":0,"rotation":0,"texture":"#0"}}},{"from":[4.0,-13.0,4.5],"to":[12.0,9.0,12.5],"faces":{"east":{"uv":[6.78125,4.78125,7.03125,5.46875],"tintindex":0,"rotation":0,"texture":"#0"},"south":{"uv":[3.5,6.8125,3.75,7.5],"tintindex":0,"rotation":0,"texture":"#0"},"north":{"uv":[6.40625,6.75,6.65625,7.4375],"tintindex":0,"rotation":0,"texture":"#0"},"west":{"uv":[3.75,6.8125,4.0,7.5],"tintindex":0,"rotation":0,"texture":"#0"},"up":{"uv":[8.34375,3.5625,8.09375,3.3125],"tintindex":0,"rotation":0,"texture":"#0"},"down":{"uv":[3.75,8.09375,3.5,8.34375],"tintindex":0,"rotation":0,"texture":"#0"}}},{"from":[3.0,-14.0,9.5],"to":[6.0,-9.0,13.5],"faces":{"east":{"uv":[0.8125,8.875,0.9375,9.03125],"tintindex":0,"rotation":0,"texture":"#0"},"south":{"uv":[8.90625,2.375,9.0,2.53125],"tintindex":0,"rotation":0,"texture":"#0"},"north":{"uv":[8.90625,1.96875,9.0,2.125],"tintindex":0,"rotation":0,"texture":"#0"},"west":{"uv":[8.875,0.84375,9.0,1.0],"tintindex":0,"rotation":0,"texture":"#0"},"up":{"uv":[9.0,3.3125,8.90625,3.1875],"tintindex":0,"rotation":0,"texture":"#0"},"down":{"uv":[3.59375,8.90625,3.5,9.03125],"tintindex":0,"rotation":0,"texture":"#0"}}},{"from":[10.0,-14.0,3.5],"to":[13.0,-4.0,6.5],"faces":{"east":{"uv":[5.03125,8.65625,5.125,8.96875],"tintindex":0,"rotation":0,"texture":"#0"},"south":{"uv":[5.84375,8.65625,5.9375,8.96875],"tintindex":0,"rotation":0,"texture":"#0"},"north":{"uv":[1.6875,8.5625,1.78125,8.875],"tintindex":0,"rotation":0,"texture":"#0"},"west":{"uv":[2.46875,8.6875,2.5625,9.0],"tintindex":0,"rotation":0,"texture":"#0"},"up":{"uv":[8.59375,5.9375,8.5,5.84375],"tintindex":0,"rotation":0,"texture":"#0"},"down":{"uv":[8.625,6.40625,8.53125,6.5],"tintindex":0,"rotation":0,"texture":"#0"}}},{"from":[5.0,-14.0,3.5],"to":[8.0,-9.0,4.5],"faces":{"east":{"uv":[2.21875,5.3125,2.25,5.46875],"tintindex":0,"rotation":0,"texture":"#0"},"south":{"uv":[8.90625,1.8125,9.0,1.96875],"tintindex":0,"rotation":0,"texture":"#0"},"north":{"uv":[8.90625,1.1875,9.0,1.34375],"tintindex":0,"rotation":0,"texture":"#0"},"west":{"uv":[1.46875,5.5,1.5,5.65625],"tintindex":0,"rotation":0,"texture":"#0"},"up":{"uv":[4.84375,1.125,4.75,1.09375],"tintindex":0,"rotation":0,"texture":"#0"},"down":{"uv":[4.9375,1.09375,4.84375,1.125],"tintindex":0,"rotation":0,"texture":"#0"}}},{"from":[3.0,3.0,3.0],"to":[12.0,12.0,14.0],"faces":{"east":{"uv":[7.75,3.0625,8.09375,3.34375],"tintindex":0,"rotation":0,"texture":"#0"},"south":{"uv":[7.5625,7.96875,7.84375,8.25],"tintindex":0,"rotation":0,"texture":"#0"},"north":{"uv":[7.96875,6.59375,8.25,6.875],"tintindex":0,"rotation":0,"texture":"#0"},"west":{"uv":[7.75,3.34375,8.09375,3.625],"tintindex":0,"rotation":0,"texture":"#0"},"up":{"uv":[8.0625,0.6875,7.78125,0.34375],"tintindex":0,"rotation":0,"texture":"#0"},"down":{"uv":[8.0625,0.6875,7.78125,1.03125],"tintindex":0,"rotation":0,"texture":"#0"}},"rotation":{"origin":[8.0,7.5,9.0],"angle":-22.5,"axis":"z"}}],"display":{"gui":{"rotation":[30,225,0]}}}