{
    "parent": "item/generated",
    "textures": {
        "layer0": "item/paper"
    },
	"overrides": [	
		{"predicate": {"custom_model_data":2217}, "model": "archer_model/archer_bow_spirit_1"},
		{"predicate": {"custom_model_data":2218}, "model": "archer_model/archer_bow_spirit_2"},
		{"predicate": {"custom_model_data":2219}, "model": "archer_model/archer_bow_spirit_3"},
		{"predicate": {"custom_model_data":2220}, "model": "archer_model/archer_bow_spirit_4"},
		{"predicate": {"custom_model_data":2221}, "model": "archer_model/archer_bow_spirit_dragon_1"},
		{"predicate": {"custom_model_data":2222}, "model": "archer_model/archer_bow_spirit_dragon_2"},
		{"predicate": {"custom_model_data":2223}, "model": "archer_model/archer_bow_spirit_dragon_3"},
		{"predicate": {"custom_model_data":2224}, "model": "archer_model/archer_bow_spirit_dragon_4"},
		{"predicate": {"custom_model_data":2225}, "model": "archer_model/backstep_1"},
		{"predicate": {"custom_model_data":2226}, "model": "archer_model/backstep_2"},
		{"predicate": {"custom_model_data":2227}, "model": "archer_model/backstep_3"},
		{"predicate": {"custom_model_data":2228}, "model": "archer_model/backstep_4"},
		{"predicate": {"custom_model_data":2229}, "model": "archer_model/backstep_5"},
		{"predicate": {"custom_model_data":2230}, "model": "archer_model/dragon_arrow"},
		{"predicate": {"custom_model_data":2231}, "model": "archer_model/dragon_spirit_1"},
		{"predicate": {"custom_model_data":2232}, "model": "archer_model/dragon_spirit_2"},
		{"predicate": {"custom_model_data":2233}, "model": "archer_model/dragon_spirit_3"},
		{"predicate": {"custom_model_data":2234}, "model": "archer_model/dragon_spirit_4"},
		{"predicate": {"custom_model_data":2235}, "model": "archer_model/dragon_spirit_open"},
		{"predicate": {"custom_model_data":2236}, "model": "archer_model/hunters_focus_1"},
		{"predicate": {"custom_model_data":2237}, "model": "archer_model/hunters_focus_2"},
		{"predicate": {"custom_model_data":2238}, "model": "archer_model/hunters_focus_3"},
		{"predicate": {"custom_model_data":2239}, "model": "archer_model/javelin"},
		{"predicate": {"custom_model_data":2240}, "model": "archer_model/quick_shot"}
    ]
}