{"elements":[{"from":[4.845714,13.142858,11.785143],"to":[11.154285,13.714286,12.416],"rotation":{"angle":0.0,"axis":"y","origin":[8.0,8.0,8.0]},"faces":{"east":{"uv":[3.625,6.375,3.75,6.5],"rotation":0,"texture":"#0","tintindex":0},"south":{"uv":[7.875,2.625,9.25,2.75],"rotation":0,"texture":"#0","tintindex":0},"north":{"uv":[7.75,6.75,9.125,6.875],"rotation":0,"texture":"#0","tintindex":0},"west":{"uv":[3.375,6.75,3.5,6.875],"rotation":0,"texture":"#0","tintindex":0},"up":{"uv":[9.25,2.875,7.875,2.75],"rotation":0,"texture":"#0","tintindex":0},"down":{"uv":[9.25,2.875,7.875,3.0],"rotation":0,"texture":"#0","tintindex":0}}},{"from":[4.214857,13.142858,4.214857],"to":[11.785143,13.714286,11.785143],"rotation":{"angle":0.0,"axis":"y","origin":[8.0,8.0,8.0]},"faces":{"east":{"uv":[7.75,4.5,9.375,4.625],"rotation":0,"texture":"#0","tintindex":0},"south":{"uv":[7.75,4.625,9.375,4.75],"rotation":0,"texture":"#0","tintindex":0},"north":{"uv":[7.5,7.125,9.125,7.25],"rotation":0,"texture":"#0","tintindex":0},"west":{"uv":[7.75,4.75,9.375,4.875],"rotation":0,"texture":"#0","tintindex":0},"up":{"uv":[1.625,1.625,0.0,0.0],"rotation":0,"texture":"#0","tintindex":0},"down":{"uv":[1.625,1.625,0.0,3.25],"rotation":0,"texture":"#0","tintindex":0}}},{"from":[3.5839996,13.142858,4.845714],"to":[4.214857,13.714286,11.154285],"rotation":{"angle":0.0,"axis":"y","origin":[8.0,8.0,8.0]},"faces":{"east":{"uv":[5.75,2.625,7.125,2.75],"rotation":0,"texture":"#0","tintindex":0},"south":{"uv":[4.25,5.625,4.375,5.75],"rotation":0,"texture":"#0","tintindex":0},"north":{"uv":[4.125,5.625,4.25,5.75],"rotation":0,"texture":"#0","tintindex":0},"west":{"uv":[7.75,4.875,9.125,5.0],"rotation":0,"texture":"#0","tintindex":0},"up":{"uv":[5.125,9.125,5.0,7.75],"rotation":0,"texture":"#0","tintindex":0},"down":{"uv":[5.25,7.75,5.125,9.125],"rotation":0,"texture":"#0","tintindex":0}}},{"from":[11.785143,13.142858,4.845714],"to":[12.416,13.714286,11.154285],"rotation":{"angle":0.0,"axis":"y","origin":[8.0,8.0,8.0]},"faces":{"east":{"uv":[5.25,7.75,6.625,7.875],"rotation":0,"texture":"#0","tintindex":0},"south":{"uv":[3.75,6.0,3.875,6.125],"rotation":0,"texture":"#0","tintindex":0},"north":{"uv":[4.375,5.625,4.5,5.75],"rotation":0,"texture":"#0","tintindex":0},"west":{"uv":[7.75,5.75,9.125,5.875],"rotation":0,"texture":"#0","tintindex":0},"up":{"uv":[6.75,9.125,6.625,7.75],"rotation":0,"texture":"#0","tintindex":0},"down":{"uv":[6.875,7.75,6.75,9.125],"rotation":0,"texture":"#0","tintindex":0}}},{"from":[4.845714,13.142858,3.5839996],"to":[11.154285,13.714286,4.214857],"rotation":{"angle":0.0,"axis":"y","origin":[8.0,8.0,8.0]},"faces":{"east":{"uv":[3.875,6.0,4.0,6.125],"rotation":0,"texture":"#0","tintindex":0},"south":{"uv":[7.75,6.0,9.125,6.125],"rotation":0,"texture":"#0","tintindex":0},"north":{"uv":[7.75,5.875,9.125,6.0],"rotation":0,"texture":"#0","tintindex":0},"west":{"uv":[4.0,6.0,4.125,6.125],"rotation":0,"texture":"#0","tintindex":0},"up":{"uv":[9.125,6.625,7.75,6.5],"rotation":0,"texture":"#0","tintindex":0},"down":{"uv":[9.125,6.625,7.75,6.75],"rotation":0,"texture":"#0","tintindex":0}}},{"from":[6.1074286,13.142858,2.9531426],"to":[9.892571,13.714286,3.5839996],"rotation":{"angle":0.0,"axis":"y","origin":[8.0,8.0,8.0]},"faces":{"east":{"uv":[3.5,6.75,3.625,6.875],"rotation":0,"texture":"#0","tintindex":0},"south":{"uv":[8.375,5.125,9.25,5.25],"rotation":0,"texture":"#0","tintindex":0},"north":{"uv":[8.375,5.0,9.25,5.125],"rotation":0,"texture":"#0","tintindex":0},"west":{"uv":[3.0,7.125,3.125,7.25],"rotation":0,"texture":"#0","tintindex":0},"up":{"uv":[6.375,8.5,5.5,8.375],"rotation":0,"texture":"#0","tintindex":0},"down":{"uv":[7.75,8.375,6.875,8.5],"rotation":0,"texture":"#0","tintindex":0}}},{"from":[6.1074286,13.142858,12.416],"to":[9.892571,13.714286,13.046858],"rotation":{"angle":0.0,"axis":"y","origin":[8.0,8.0,8.0]},"faces":{"east":{"uv":[3.125,7.125,3.25,7.25],"rotation":0,"texture":"#0","tintindex":0},"south":{"uv":[8.375,7.375,9.25,7.5],"rotation":0,"texture":"#0","tintindex":0},"north":{"uv":[8.375,7.25,9.25,7.375],"rotation":0,"texture":"#0","tintindex":0},"west":{"uv":[3.25,7.125,3.375,7.25],"rotation":0,"texture":"#0","tintindex":0},"up":{"uv":[8.625,8.5,7.75,8.375],"rotation":0,"texture":"#0","tintindex":0},"down":{"uv":[1.0,8.5,0.125,8.625],"rotation":0,"texture":"#0","tintindex":0}}},{"from":[12.416,13.142858,6.1074286],"to":[13.046858,13.714286,9.892571],"rotation":{"angle":0.0,"axis":"y","origin":[8.0,8.0,8.0]},"faces":{"east":{"uv":[8.5,1.0,9.375,1.125],"rotation":0,"texture":"#0","tintindex":0},"south":{"uv":[2.0,7.625,2.125,7.75],"rotation":0,"texture":"#0","tintindex":0},"north":{"uv":[1.875,7.625,2.0,7.75],"rotation":0,"texture":"#0","tintindex":0},"west":{"uv":[8.5,1.125,9.375,1.25],"rotation":0,"texture":"#0","tintindex":0},"up":{"uv":[6.5,9.25,6.375,8.375],"rotation":0,"texture":"#0","tintindex":0},"down":{"uv":[1.125,8.5,1.0,9.375],"rotation":0,"texture":"#0","tintindex":0}}},{"from":[2.9531426,13.142858,6.1074286],"to":[3.5839996,13.714286,9.892571],"rotation":{"angle":0.0,"axis":"y","origin":[8.0,8.0,8.0]},"faces":{"east":{"uv":[8.5,1.25,9.375,1.375],"rotation":0,"texture":"#0","tintindex":0},"south":{"uv":[6.875,7.75,7.0,7.875],"rotation":0,"texture":"#0","tintindex":0},"north":{"uv":[2.125,7.625,2.25,7.75],"rotation":0,"texture":"#0","tintindex":0},"west":{"uv":[8.5,1.375,9.375,1.5],"rotation":0,"texture":"#0","tintindex":0},"up":{"uv":[1.25,9.375,1.125,8.5],"rotation":0,"texture":"#0","tintindex":0},"down":{"uv":[1.375,8.5,1.25,9.375],"rotation":0,"texture":"#0","tintindex":0}}},{"from":[5.798903,8.571428,10.641316],"to":[10.2010975,9.714286,11.081535],"rotation":{"angle":0.0,"axis":"y","origin":[8.0,3.4285712,8.0]},"faces":{"east":{"uv":[2.5,5.75,2.625,6.0],"rotation":0,"texture":"#0","tintindex":0},"south":{"uv":[7.25,5.5,8.25,5.75],"rotation":0,"texture":"#0","tintindex":0},"north":{"uv":[7.25,5.25,8.25,5.5],"rotation":0,"texture":"#0","tintindex":0},"west":{"uv":[2.25,6.5,2.375,6.75],"rotation":0,"texture":"#0","tintindex":0},"up":{"uv":[9.375,2.375,8.375,2.25],"rotation":0,"texture":"#0","tintindex":0},"down":{"uv":[9.375,2.375,8.375,2.5],"rotation":0,"texture":"#0","tintindex":0}}},{"from":[5.3586836,8.571428,5.3586836],"to":[10.641316,9.714286,10.641316],"rotation":{"angle":0.0,"axis":"y","origin":[8.0,3.4285712,8.0]},"faces":{"east":{"uv":[4.125,7.25,5.25,7.5],"rotation":0,"texture":"#0","tintindex":0},"south":{"uv":[7.25,5.0,8.375,5.25],"rotation":0,"texture":"#0","tintindex":0},"north":{"uv":[3.0,7.25,4.125,7.5],"rotation":0,"texture":"#0","tintindex":0},"west":{"uv":[5.25,7.25,6.375,7.5],"rotation":0,"texture":"#0","tintindex":0},"up":{"uv":[5.625,3.875,4.5,2.75],"rotation":0,"texture":"#0","tintindex":0},"down":{"uv":[5.625,3.875,4.5,5.0],"rotation":0,"texture":"#0","tintindex":0}}},{"from":[4.918464,8.571428,5.798903],"to":[5.3586836,9.714286,10.2010975],"rotation":{"angle":0.0,"axis":"y","origin":[8.0,3.4285712,8.0]},"faces":{"east":{"uv":[6.375,7.25,7.375,7.5],"rotation":0,"texture":"#0","tintindex":0},"south":{"uv":[9.0,0.0,9.125,0.25],"rotation":0,"texture":"#0","tintindex":0},"north":{"uv":[2.375,6.5,2.5,6.75],"rotation":0,"texture":"#0","tintindex":0},"west":{"uv":[7.375,0.0,8.375,0.25],"rotation":0,"texture":"#0","tintindex":0},"up":{"uv":[8.5,4.0,8.375,3.0],"rotation":0,"texture":"#0","tintindex":0},"down":{"uv":[3.5,8.375,3.375,9.375],"rotation":0,"texture":"#0","tintindex":0}}},{"from":[10.641316,8.571428,5.798903],"to":[11.081535,9.714286,10.2010975],"rotation":{"angle":0.0,"axis":"y","origin":[8.0,3.4285712,8.0]},"faces":{"east":{"uv":[7.375,0.25,8.375,0.5],"rotation":0,"texture":"#0","tintindex":0},"south":{"uv":[9.25,0.0,9.375,0.25],"rotation":0,"texture":"#0","tintindex":0},"north":{"uv":[9.125,0.0,9.25,0.25],"rotation":0,"texture":"#0","tintindex":0},"west":{"uv":[7.375,0.5,8.375,0.75],"rotation":0,"texture":"#0","tintindex":0},"up":{"uv":[3.625,9.375,3.5,8.375],"rotation":0,"texture":"#0","tintindex":0},"down":{"uv":[3.75,8.375,3.625,9.375],"rotation":0,"texture":"#0","tintindex":0}}},{"from":[5.798903,8.571428,4.918464],"to":[10.2010975,9.714286,5.3586836],"rotation":{"angle":0.0,"axis":"y","origin":[8.0,3.4285712,8.0]},"faces":{"east":{"uv":[9.25,1.875,9.375,2.125],"rotation":0,"texture":"#0","tintindex":0},"south":{"uv":[7.375,1.0,8.375,1.25],"rotation":0,"texture":"#0","tintindex":0},"north":{"uv":[7.375,0.75,8.375,1.0],"rotation":0,"texture":"#0","tintindex":0},"west":{"uv":[9.25,3.75,9.375,4.0],"rotation":0,"texture":"#0","tintindex":0},"up":{"uv":[9.375,2.625,8.375,2.5],"rotation":0,"texture":"#0","tintindex":0},"down":{"uv":[4.75,8.375,3.75,8.5],"rotation":0,"texture":"#0","tintindex":0}}},{"from":[6.679342,8.571428,4.478245],"to":[9.320658,9.714286,4.918464],"rotation":{"angle":0.0,"axis":"y","origin":[8.0,3.4285712,8.0]},"faces":{"east":{"uv":[9.25,5.25,9.375,5.5],"rotation":0,"texture":"#0","tintindex":0},"south":{"uv":[2.5,8.125,3.125,8.375],"rotation":0,"texture":"#0","tintindex":0},"north":{"uv":[1.875,8.125,2.5,8.375],"rotation":0,"texture":"#0","tintindex":0},"west":{"uv":[5.5,9.25,5.625,9.5],"rotation":0,"texture":"#0","tintindex":0},"up":{"uv":[0.75,8.875,0.125,8.75],"rotation":0,"texture":"#0","tintindex":0},"down":{"uv":[2.875,8.75,2.25,8.875],"rotation":0,"texture":"#0","tintindex":0}}},{"from":[6.679342,8.571428,11.081535],"to":[9.320658,9.714286,11.521755],"rotation":{"angle":0.0,"axis":"y","origin":[8.0,3.4285712,8.0]},"faces":{"east":{"uv":[9.25,5.5,9.375,5.75],"rotation":0,"texture":"#0","tintindex":0},"south":{"uv":[3.75,8.125,4.375,8.375],"rotation":0,"texture":"#0","tintindex":0},"north":{"uv":[3.125,8.125,3.75,8.375],"rotation":0,"texture":"#0","tintindex":0},"west":{"uv":[5.625,9.25,5.75,9.5],"rotation":0,"texture":"#0","tintindex":0},"up":{"uv":[7.5,8.875,6.875,8.75],"rotation":0,"texture":"#0","tintindex":0},"down":{"uv":[8.125,8.75,7.5,8.875],"rotation":0,"texture":"#0","tintindex":0}}},{"from":[11.081535,8.571428,6.679342],"to":[11.521755,9.714286,9.320658],"rotation":{"angle":0.0,"axis":"y","origin":[8.0,3.4285712,8.0]},"faces":{"east":{"uv":[4.375,8.125,5.0,8.375],"rotation":0,"texture":"#0","tintindex":0},"south":{"uv":[9.25,5.75,9.375,6.0],"rotation":0,"texture":"#0","tintindex":0},"north":{"uv":[5.75,9.25,5.875,9.5],"rotation":0,"texture":"#0","tintindex":0},"west":{"uv":[5.25,8.125,5.875,8.375],"rotation":0,"texture":"#0","tintindex":0},"up":{"uv":[0.875,9.375,0.75,8.75],"rotation":0,"texture":"#0","tintindex":0},"down":{"uv":[3.0,8.75,2.875,9.375],"rotation":0,"texture":"#0","tintindex":0}}},{"from":[4.478245,8.571428,6.679342],"to":[4.918464,9.714286,9.320658],"rotation":{"angle":0.0,"axis":"y","origin":[8.0,3.4285712,8.0]},"faces":{"east":{"uv":[5.875,8.125,6.5,8.375],"rotation":0,"texture":"#0","tintindex":0},"south":{"uv":[6.0,9.25,6.125,9.5],"rotation":0,"texture":"#0","tintindex":0},"north":{"uv":[5.875,9.25,6.0,9.5],"rotation":0,"texture":"#0","tintindex":0},"west":{"uv":[6.875,8.125,7.5,8.375],"rotation":0,"texture":"#0","tintindex":0},"up":{"uv":[8.25,9.375,8.125,8.75],"rotation":0,"texture":"#0","tintindex":0},"down":{"uv":[8.375,8.75,8.25,9.375],"rotation":0,"texture":"#0","tintindex":0}}},{"from":[4.478245,17.142857,6.679342],"to":[4.918464,18.285715,9.320658],"rotation":{"angle":0.0,"axis":"y","origin":[8.0,12.0,8.0]},"faces":{"east":{"uv":[8.25,5.5,8.875,5.75],"rotation":0,"texture":"#0","tintindex":0},"south":{"uv":[8.0,9.25,8.125,9.5],"rotation":0,"texture":"#0","tintindex":0},"north":{"uv":[7.875,9.25,8.0,9.5],"rotation":0,"texture":"#0","tintindex":0},"west":{"uv":[8.375,0.0,9.0,0.25],"rotation":0,"texture":"#0","tintindex":0},"up":{"uv":[8.75,9.375,8.625,8.75],"rotation":0,"texture":"#0","tintindex":0},"down":{"uv":[8.875,8.625,8.75,9.25],"rotation":0,"texture":"#0","tintindex":0}}},{"from":[5.798903,17.142857,10.641316],"to":[10.2010975,18.285715,11.081535],"rotation":{"angle":0.0,"axis":"y","origin":[8.0,12.0,8.0]},"faces":{"east":{"uv":[9.25,6.0,9.375,6.25],"rotation":0,"texture":"#0","tintindex":0},"south":{"uv":[7.375,7.25,8.375,7.5],"rotation":0,"texture":"#0","tintindex":0},"north":{"uv":[7.375,1.25,8.375,1.5],"rotation":0,"texture":"#0","tintindex":0},"west":{"uv":[6.125,9.25,6.25,9.5],"rotation":0,"texture":"#0","tintindex":0},"up":{"uv":[9.375,4.125,8.375,4.0],"rotation":0,"texture":"#0","tintindex":0},"down":{"uv":[9.375,4.125,8.375,4.25],"rotation":0,"texture":"#0","tintindex":0}}},{"from":[5.3586836,17.142857,5.3586836],"to":[5.9301124,18.285715,5.9301124],"rotation":{"angle":0.0,"axis":"y","origin":[8.0,12.0,8.0]},"faces":{"east":{"uv":[9.25,6.25,9.375,6.5],"rotation":0,"texture":"#0","tintindex":0},"south":{"uv":[6.375,9.25,6.5,9.5],"rotation":0,"texture":"#0","tintindex":0},"north":{"uv":[6.25,9.25,6.375,9.5],"rotation":0,"texture":"#0","tintindex":0},"west":{"uv":[9.25,6.5,9.375,6.75],"rotation":0,"texture":"#0","tintindex":0},"up":{"uv":[1.375,9.5,1.25,9.375],"rotation":0,"texture":"#0","tintindex":0},"down":{"uv":[9.5,1.25,9.375,1.375],"rotation":0,"texture":"#0","tintindex":0}}},{"from":[5.3586836,17.142857,10.1015415],"to":[5.9301124,18.285715,10.67297],"rotation":{"angle":0.0,"axis":"y","origin":[8.0,12.0,8.0]},"faces":{"east":{"uv":[9.25,8.625,9.375,8.875],"rotation":0,"texture":"#0","tintindex":0},"south":{"uv":[8.75,9.25,8.875,9.5],"rotation":0,"texture":"#0","tintindex":0},"north":{"uv":[9.25,8.375,9.375,8.625],"rotation":0,"texture":"#0","tintindex":0},"west":{"uv":[9.25,8.875,9.375,9.125],"rotation":0,"texture":"#0","tintindex":0},"up":{"uv":[9.5,1.5,9.375,1.375],"rotation":0,"texture":"#0","tintindex":0},"down":{"uv":[9.5,1.5,9.375,1.625],"rotation":0,"texture":"#0","tintindex":0}}},{"from":[10.1015415,17.142857,10.1015415],"to":[10.67297,18.285715,10.67297],"rotation":{"angle":0.0,"axis":"y","origin":[8.0,12.0,8.0]},"faces":{"east":{"uv":[9.25,9.125,9.375,9.375],"rotation":0,"texture":"#0","tintindex":0},"south":{"uv":[9.375,0.0,9.5,0.25],"rotation":0,"texture":"#0","tintindex":0},"north":{"uv":[9.125,9.25,9.25,9.5],"rotation":0,"texture":"#0","tintindex":0},"west":{"uv":[0.75,9.375,0.875,9.625],"rotation":0,"texture":"#0","tintindex":0},"up":{"uv":[9.5,1.75,9.375,1.625],"rotation":0,"texture":"#0","tintindex":0},"down":{"uv":[9.5,1.75,9.375,1.875],"rotation":0,"texture":"#0","tintindex":0}}},{"from":[10.1015415,17.142857,5.301541],"to":[10.67297,18.285715,5.8729696],"rotation":{"angle":0.0,"axis":"y","origin":[8.0,12.0,8.0]},"faces":{"east":{"uv":[1.0,9.375,1.125,9.625],"rotation":0,"texture":"#0","tintindex":0},"south":{"uv":[9.375,1.0,9.5,1.25],"rotation":0,"texture":"#0","tintindex":0},"north":{"uv":[0.875,9.375,1.0,9.625],"rotation":0,"texture":"#0","tintindex":0},"west":{"uv":[1.125,9.375,1.25,9.625],"rotation":0,"texture":"#0","tintindex":0},"up":{"uv":[9.5,2.0,9.375,1.875],"rotation":0,"texture":"#0","tintindex":0},"down":{"uv":[9.5,2.0,9.375,2.125],"rotation":0,"texture":"#0","tintindex":0}}},{"from":[4.918464,17.142857,5.798903],"to":[5.3586836,18.285715,10.2010975],"rotation":{"angle":0.0,"axis":"y","origin":[8.0,12.0,8.0]},"faces":{"east":{"uv":[2.25,7.5,3.25,7.75],"rotation":0,"texture":"#0","tintindex":0},"south":{"uv":[6.875,9.25,7.0,9.5],"rotation":0,"texture":"#0","tintindex":0},"north":{"uv":[9.25,6.75,9.375,7.0],"rotation":0,"texture":"#0","tintindex":0},"west":{"uv":[3.25,7.5,4.25,7.75],"rotation":0,"texture":"#0","tintindex":0},"up":{"uv":[4.875,9.375,4.75,8.375],"rotation":0,"texture":"#0","tintindex":0},"down":{"uv":[5.0,8.375,4.875,9.375],"rotation":0,"texture":"#0","tintindex":0}}},{"from":[10.641316,17.142857,5.798903],"to":[11.081535,18.285715,10.2010975],"rotation":{"angle":0.0,"axis":"y","origin":[8.0,12.0,8.0]},"faces":{"east":{"uv":[4.25,7.5,5.25,7.75],"rotation":0,"texture":"#0","tintindex":0},"south":{"uv":[9.25,7.0,9.375,7.25],"rotation":0,"texture":"#0","tintindex":0},"north":{"uv":[7.0,9.25,7.125,9.5],"rotation":0,"texture":"#0","tintindex":0},"west":{"uv":[5.25,7.5,6.25,7.75],"rotation":0,"texture":"#0","tintindex":0},"up":{"uv":[5.375,9.375,5.25,8.375],"rotation":0,"texture":"#0","tintindex":0},"down":{"uv":[5.5,8.375,5.375,9.375],"rotation":0,"texture":"#0","tintindex":0}}},{"from":[5.798903,17.142857,4.918464],"to":[10.2010975,18.285715,5.3586836],"rotation":{"angle":0.0,"axis":"y","origin":[8.0,12.0,8.0]},"faces":{"east":{"uv":[7.125,9.25,7.25,9.5],"rotation":0,"texture":"#0","tintindex":0},"south":{"uv":[7.5,6.875,8.5,7.125],"rotation":0,"texture":"#0","tintindex":0},"north":{"uv":[6.25,7.5,7.25,7.75],"rotation":0,"texture":"#0","tintindex":0},"west":{"uv":[7.25,9.25,7.375,9.5],"rotation":0,"texture":"#0","tintindex":0},"up":{"uv":[9.375,4.375,8.375,4.25],"rotation":0,"texture":"#0","tintindex":0},"down":{"uv":[9.375,4.375,8.375,4.5],"rotation":0,"texture":"#0","tintindex":0}}},{"from":[6.679342,17.142857,4.478245],"to":[9.320658,18.285715,4.918464],"rotation":{"angle":0.0,"axis":"y","origin":[8.0,12.0,8.0]},"faces":{"east":{"uv":[9.25,7.25,9.375,7.5],"rotation":0,"texture":"#0","tintindex":0},"south":{"uv":[8.125,7.875,8.75,8.125],"rotation":0,"texture":"#0","tintindex":0},"north":{"uv":[7.5,8.125,8.125,8.375],"rotation":0,"texture":"#0","tintindex":0},"west":{"uv":[7.375,9.25,7.5,9.5],"rotation":0,"texture":"#0","tintindex":0},"up":{"uv":[9.375,8.0,8.75,7.875],"rotation":0,"texture":"#0","tintindex":0},"down":{"uv":[9.375,8.0,8.75,8.125],"rotation":0,"texture":"#0","tintindex":0}}},{"from":[6.679342,17.142857,11.081535],"to":[9.320658,18.285715,11.521755],"rotation":{"angle":0.0,"axis":"y","origin":[8.0,12.0,8.0]},"faces":{"east":{"uv":[7.5,9.25,7.625,9.5],"rotation":0,"texture":"#0","tintindex":0},"south":{"uv":[0.125,8.25,0.75,8.5],"rotation":0,"texture":"#0","tintindex":0},"north":{"uv":[8.125,8.125,8.75,8.375],"rotation":0,"texture":"#0","tintindex":0},"west":{"uv":[9.25,7.5,9.375,7.75],"rotation":0,"texture":"#0","tintindex":0},"up":{"uv":[9.375,8.25,8.75,8.125],"rotation":0,"texture":"#0","tintindex":0},"down":{"uv":[9.375,8.25,8.75,8.375],"rotation":0,"texture":"#0","tintindex":0}}},{"from":[11.081535,17.142857,6.679342],"to":[11.521755,18.285715,9.320658],"rotation":{"angle":0.0,"axis":"y","origin":[8.0,12.0,8.0]},"faces":{"east":{"uv":[0.75,8.25,1.375,8.5],"rotation":0,"texture":"#0","tintindex":0},"south":{"uv":[7.75,9.25,7.875,9.5],"rotation":0,"texture":"#0","tintindex":0},"north":{"uv":[7.625,9.25,7.75,9.5],"rotation":0,"texture":"#0","tintindex":0},"west":{"uv":[8.25,5.25,8.875,5.5],"rotation":0,"texture":"#0","tintindex":0},"up":{"uv":[8.5,9.375,8.375,8.75],"rotation":0,"texture":"#0","tintindex":0},"down":{"uv":[8.625,8.75,8.5,9.375],"rotation":0,"texture":"#0","tintindex":0}}},{"from":[5.440585,9.714286,11.071298],"to":[10.559415,11.428572,11.583181],"rotation":{"angle":0.0,"axis":"y","origin":[8.0,4.5714283,8.0]},"faces":{"east":{"uv":[1.75,9.25,1.875,9.625],"rotation":0,"texture":"#0","tintindex":0},"south":{"uv":[6.625,5.75,7.75,6.125],"rotation":0,"texture":"#0","tintindex":0},"north":{"uv":[5.875,6.5,7.0,6.875],"rotation":0,"texture":"#0","tintindex":0},"west":{"uv":[2.25,9.25,2.375,9.625],"rotation":0,"texture":"#0","tintindex":0},"up":{"uv":[9.5,0.875,8.375,0.75],"rotation":0,"texture":"#0","tintindex":0},"down":{"uv":[9.5,0.875,8.375,1.0],"rotation":0,"texture":"#0","tintindex":0}}},{"from":[4.9287024,9.714286,4.9287024],"to":[11.071298,11.428572,11.071298],"rotation":{"angle":0.0,"axis":"y","origin":[8.0,4.5714283,8.0]},"faces":{"east":{"uv":[5.625,3.875,7.0,4.25],"rotation":0,"texture":"#0","tintindex":0},"south":{"uv":[5.625,4.25,7.0,4.625],"rotation":0,"texture":"#0","tintindex":0},"north":{"uv":[5.625,3.5,7.0,3.875],"rotation":0,"texture":"#0","tintindex":0},"west":{"uv":[5.625,4.625,7.0,5.0],"rotation":0,"texture":"#0","tintindex":0},"up":{"uv":[1.375,4.625,0.0,3.25],"rotation":0,"texture":"#0","tintindex":0},"down":{"uv":[4.5,4.25,3.125,5.625],"rotation":0,"texture":"#0","tintindex":0}}},{"from":[4.416819,9.714286,5.440585],"to":[4.9287024,11.428572,10.559415],"rotation":{"angle":0.0,"axis":"y","origin":[8.0,4.5714283,8.0]},"faces":{"east":{"uv":[2.25,6.75,3.375,7.125],"rotation":0,"texture":"#0","tintindex":0},"south":{"uv":[2.5,9.25,2.625,9.625],"rotation":0,"texture":"#0","tintindex":0},"north":{"uv":[2.375,9.25,2.5,9.625],"rotation":0,"texture":"#0","tintindex":0},"west":{"uv":[0.0,6.875,1.125,7.25],"rotation":0,"texture":"#0","tintindex":0},"up":{"uv":[8.5,2.125,8.375,1.0],"rotation":0,"texture":"#0","tintindex":0},"down":{"uv":[2.0,8.375,1.875,9.5],"rotation":0,"texture":"#0","tintindex":0}}},{"from":[11.071298,9.714286,5.440585],"to":[11.583181,11.428572,10.559415],"rotation":{"angle":0.0,"axis":"y","origin":[8.0,4.5714283,8.0]},"faces":{"east":{"uv":[1.125,6.875,2.25,7.25],"rotation":0,"texture":"#0","tintindex":0},"south":{"uv":[9.25,2.625,9.375,3.0],"rotation":0,"texture":"#0","tintindex":0},"north":{"uv":[2.625,9.25,2.75,9.625],"rotation":0,"texture":"#0","tintindex":0},"west":{"uv":[3.375,6.875,4.5,7.25],"rotation":0,"texture":"#0","tintindex":0},"up":{"uv":[2.125,9.5,2.0,8.375],"rotation":0,"texture":"#0","tintindex":0},"down":{"uv":[2.25,8.375,2.125,9.5],"rotation":0,"texture":"#0","tintindex":0}}},{"from":[5.440585,9.714286,4.416819],"to":[10.559415,11.428572,4.9287024],"rotation":{"angle":0.0,"axis":"y","origin":[8.0,4.5714283,8.0]},"faces":{"east":{"uv":[2.75,9.25,2.875,9.625],"rotation":0,"texture":"#0","tintindex":0},"south":{"uv":[5.625,6.875,6.75,7.25],"rotation":0,"texture":"#0","tintindex":0},"north":{"uv":[4.5,6.875,5.625,7.25],"rotation":0,"texture":"#0","tintindex":0},"west":{"uv":[3.0,9.25,3.125,9.625],"rotation":0,"texture":"#0","tintindex":0},"up":{"uv":[9.5,2.25,8.375,2.125],"rotation":0,"texture":"#0","tintindex":0},"down":{"uv":[3.375,8.375,2.25,8.5],"rotation":0,"texture":"#0","tintindex":0}}},{"from":[6.464351,9.714286,3.9049358],"to":[9.535649,11.428572,4.416819],"rotation":{"angle":0.0,"axis":"y","origin":[8.0,4.5714283,8.0]},"faces":{"east":{"uv":[3.125,9.25,3.25,9.625],"rotation":0,"texture":"#0","tintindex":0},"south":{"uv":[7.75,3.0,8.375,3.375],"rotation":0,"texture":"#0","tintindex":0},"north":{"uv":[2.5,7.75,3.125,8.125],"rotation":0,"texture":"#0","tintindex":0},"west":{"uv":[3.25,9.25,3.375,9.625],"rotation":0,"texture":"#0","tintindex":0},"up":{"uv":[7.5,8.75,6.875,8.625],"rotation":0,"texture":"#0","tintindex":0},"down":{"uv":[8.125,8.625,7.5,8.75],"rotation":0,"texture":"#0","tintindex":0}}},{"from":[6.464351,9.714286,11.583181],"to":[9.535649,11.428572,12.095064],"rotation":{"angle":0.0,"axis":"y","origin":[8.0,4.5714283,8.0]},"faces":{"east":{"uv":[9.25,3.375,9.375,3.75],"rotation":0,"texture":"#0","tintindex":0},"south":{"uv":[7.75,3.375,8.375,3.75],"rotation":0,"texture":"#0","tintindex":0},"north":{"uv":[3.125,7.75,3.75,8.125],"rotation":0,"texture":"#0","tintindex":0},"west":{"uv":[4.25,9.25,4.375,9.625],"rotation":0,"texture":"#0","tintindex":0},"up":{"uv":[8.75,8.75,8.125,8.625],"rotation":0,"texture":"#0","tintindex":0},"down":{"uv":[9.25,8.375,8.625,8.5],"rotation":0,"texture":"#0","tintindex":0}}},{"from":[11.583181,9.714286,6.464351],"to":[12.095064,11.428572,9.535649],"rotation":{"angle":0.0,"axis":"y","origin":[8.0,4.5714283,8.0]},"faces":{"east":{"uv":[3.75,7.75,4.375,8.125],"rotation":0,"texture":"#0","tintindex":0},"south":{"uv":[4.5,9.25,4.625,9.625],"rotation":0,"texture":"#0","tintindex":0},"north":{"uv":[4.375,9.25,4.5,9.625],"rotation":0,"texture":"#0","tintindex":0},"west":{"uv":[7.75,3.75,8.375,4.125],"rotation":0,"texture":"#0","tintindex":0},"up":{"uv":[5.875,9.25,5.75,8.625],"rotation":0,"texture":"#0","tintindex":0},"down":{"uv":[6.0,8.625,5.875,9.25],"rotation":0,"texture":"#0","tintindex":0}}},{"from":[3.9049358,9.714286,6.464351],"to":[4.416819,11.428572,9.535649],"rotation":{"angle":0.0,"axis":"y","origin":[8.0,4.5714283,8.0]},"faces":{"east":{"uv":[7.75,4.125,8.375,4.5],"rotation":0,"texture":"#0","tintindex":0},"south":{"uv":[9.25,4.875,9.375,5.25],"rotation":0,"texture":"#0","tintindex":0},"north":{"uv":[4.625,9.25,4.75,9.625],"rotation":0,"texture":"#0","tintindex":0},"west":{"uv":[4.375,7.75,5.0,8.125],"rotation":0,"texture":"#0","tintindex":0},"up":{"uv":[6.125,9.25,6.0,8.625],"rotation":0,"texture":"#0","tintindex":0},"down":{"uv":[6.25,8.625,6.125,9.25],"rotation":0,"texture":"#0","tintindex":0}}},{"from":[5.440585,15.428572,11.071298],"to":[10.559415,17.142857,11.583181],"rotation":{"angle":0.0,"axis":"y","origin":[8.0,10.285714,8.0]},"faces":{"east":{"uv":[6.5,9.125,6.625,9.5],"rotation":0,"texture":"#0","tintindex":0},"south":{"uv":[4.875,6.125,6.0,6.5],"rotation":0,"texture":"#0","tintindex":0},"north":{"uv":[3.75,6.125,4.875,6.5],"rotation":0,"texture":"#0","tintindex":0},"west":{"uv":[6.625,9.125,6.75,9.5],"rotation":0,"texture":"#0","tintindex":0},"up":{"uv":[9.5,0.375,8.375,0.25],"rotation":0,"texture":"#0","tintindex":0},"down":{"uv":[9.5,0.375,8.375,0.5],"rotation":0,"texture":"#0","tintindex":0}}},{"from":[4.9287024,15.428572,4.9287024],"to":[11.071298,17.142857,11.071298],"rotation":{"angle":0.0,"axis":"y","origin":[8.0,10.285714,8.0]},"faces":{"east":{"uv":[0.0,5.0,1.375,5.375],"rotation":0,"texture":"#0","tintindex":0},"south":{"uv":[0.0,5.375,1.375,5.75],"rotation":0,"texture":"#0","tintindex":0},"north":{"uv":[0.0,4.625,1.375,5.0],"rotation":0,"texture":"#0","tintindex":0},"west":{"uv":[5.625,3.125,7.0,3.5],"rotation":0,"texture":"#0","tintindex":0},"up":{"uv":[4.5,2.875,3.125,1.5],"rotation":0,"texture":"#0","tintindex":0},"down":{"uv":[4.5,2.875,3.125,4.25],"rotation":0,"texture":"#0","tintindex":0}}},{"from":[4.416819,15.428572,5.440585],"to":[4.9287024,17.142857,10.559415],"rotation":{"angle":0.0,"axis":"y","origin":[8.0,10.285714,8.0]},"faces":{"east":{"uv":[6.0,6.125,7.125,6.5],"rotation":0,"texture":"#0","tintindex":0},"south":{"uv":[9.125,7.5,9.25,7.875],"rotation":0,"texture":"#0","tintindex":0},"north":{"uv":[6.75,9.125,6.875,9.5],"rotation":0,"texture":"#0","tintindex":0},"west":{"uv":[2.5,6.375,3.625,6.75],"rotation":0,"texture":"#0","tintindex":0},"up":{"uv":[2.75,5.625,2.625,4.5],"rotation":0,"texture":"#0","tintindex":0},"down":{"uv":[2.875,4.5,2.75,5.625],"rotation":0,"texture":"#0","tintindex":0}}},{"from":[11.071298,15.428572,5.440585],"to":[11.583181,17.142857,10.559415],"rotation":{"angle":0.0,"axis":"y","origin":[8.0,10.285714,8.0]},"faces":{"east":{"uv":[0.0,6.5,1.125,6.875],"rotation":0,"texture":"#0","tintindex":0},"south":{"uv":[9.125,8.875,9.25,9.25],"rotation":0,"texture":"#0","tintindex":0},"north":{"uv":[9.125,8.5,9.25,8.875],"rotation":0,"texture":"#0","tintindex":0},"west":{"uv":[1.125,6.5,2.25,6.875],"rotation":0,"texture":"#0","tintindex":0},"up":{"uv":[3.0,5.625,2.875,4.5],"rotation":0,"texture":"#0","tintindex":0},"down":{"uv":[3.125,4.5,3.0,5.625],"rotation":0,"texture":"#0","tintindex":0}}},{"from":[5.440585,15.428572,4.416819],"to":[10.559415,17.142857,4.9287024],"rotation":{"angle":0.0,"axis":"y","origin":[8.0,10.285714,8.0]},"faces":{"east":{"uv":[0.0,9.25,0.125,9.625],"rotation":0,"texture":"#0","tintindex":0},"south":{"uv":[4.75,6.5,5.875,6.875],"rotation":0,"texture":"#0","tintindex":0},"north":{"uv":[3.625,6.5,4.75,6.875],"rotation":0,"texture":"#0","tintindex":0},"west":{"uv":[0.125,9.25,0.25,9.625],"rotation":0,"texture":"#0","tintindex":0},"up":{"uv":[9.5,0.625,8.375,0.5],"rotation":0,"texture":"#0","tintindex":0},"down":{"uv":[9.5,0.625,8.375,0.75],"rotation":0,"texture":"#0","tintindex":0}}},{"from":[6.464351,15.428572,3.9049358],"to":[9.535649,17.142857,4.416819],"rotation":{"angle":0.0,"axis":"y","origin":[8.0,10.285714,8.0]},"faces":{"east":{"uv":[0.25,9.25,0.375,9.625],"rotation":0,"texture":"#0","tintindex":0},"south":{"uv":[0.0,7.625,0.625,8.0],"rotation":0,"texture":"#0","tintindex":0},"north":{"uv":[7.25,7.5,7.875,7.875],"rotation":0,"texture":"#0","tintindex":0},"west":{"uv":[0.375,9.25,0.5,9.625],"rotation":0,"texture":"#0","tintindex":0},"up":{"uv":[7.75,3.125,7.125,3.0],"rotation":0,"texture":"#0","tintindex":0},"down":{"uv":[9.25,3.375,8.625,3.5],"rotation":0,"texture":"#0","tintindex":0}}},{"from":[6.464351,15.428572,11.583181],"to":[9.535649,17.142857,12.095064],"rotation":{"angle":0.0,"axis":"y","origin":[8.0,10.285714,8.0]},"faces":{"east":{"uv":[0.5,9.25,0.625,9.625],"rotation":0,"texture":"#0","tintindex":0},"south":{"uv":[1.25,7.625,1.875,8.0],"rotation":0,"texture":"#0","tintindex":0},"north":{"uv":[0.625,7.625,1.25,8.0],"rotation":0,"texture":"#0","tintindex":0},"west":{"uv":[0.625,9.25,0.75,9.625],"rotation":0,"texture":"#0","tintindex":0},"up":{"uv":[9.25,3.625,8.625,3.5],"rotation":0,"texture":"#0","tintindex":0},"down":{"uv":[9.25,3.625,8.625,3.75],"rotation":0,"texture":"#0","tintindex":0}}},{"from":[11.583181,15.428572,6.464351],"to":[12.095064,17.142857,9.535649],"rotation":{"angle":0.0,"axis":"y","origin":[8.0,10.285714,8.0]},"faces":{"east":{"uv":[7.75,1.5,8.375,1.875],"rotation":0,"texture":"#0","tintindex":0},"south":{"uv":[1.5,9.25,1.625,9.625],"rotation":0,"texture":"#0","tintindex":0},"north":{"uv":[1.375,9.25,1.5,9.625],"rotation":0,"texture":"#0","tintindex":0},"west":{"uv":[1.875,7.75,2.5,8.125],"rotation":0,"texture":"#0","tintindex":0},"up":{"uv":[4.375,9.25,4.25,8.625],"rotation":0,"texture":"#0","tintindex":0},"down":{"uv":[4.5,8.625,4.375,9.25],"rotation":0,"texture":"#0","tintindex":0}}},{"from":[3.9049358,15.428572,6.464351],"to":[4.416819,17.142857,9.535649],"rotation":{"angle":0.0,"axis":"y","origin":[8.0,10.285714,8.0]},"faces":{"east":{"uv":[7.75,1.875,8.375,2.25],"rotation":0,"texture":"#0","tintindex":0},"south":{"uv":[1.625,9.25,1.75,9.625],"rotation":0,"texture":"#0","tintindex":0},"north":{"uv":[9.25,1.5,9.375,1.875],"rotation":0,"texture":"#0","tintindex":0},"west":{"uv":[7.75,2.25,8.375,2.625],"rotation":0,"texture":"#0","tintindex":0},"up":{"uv":[5.625,9.25,5.5,8.625],"rotation":0,"texture":"#0","tintindex":0},"down":{"uv":[5.75,8.625,5.625,9.25],"rotation":0,"texture":"#0","tintindex":0}}},{"from":[5.037714,13.714286,11.554743],"to":[10.962286,15.428572,12.1472],"rotation":{"angle":0.0,"axis":"y","origin":[8.0,8.571428,8.0]},"faces":{"east":{"uv":[7.5,8.875,7.625,9.25],"rotation":0,"texture":"#0","tintindex":0},"south":{"uv":[6.0,5.375,7.25,5.75],"rotation":0,"texture":"#0","tintindex":0},"north":{"uv":[6.0,5.0,7.25,5.375],"rotation":0,"texture":"#0","tintindex":0},"west":{"uv":[7.625,8.875,7.75,9.25],"rotation":0,"texture":"#0","tintindex":0},"up":{"uv":[1.375,8.125,0.125,8.0],"rotation":0,"texture":"#0","tintindex":0},"down":{"uv":[6.5,8.0,5.25,8.125],"rotation":0,"texture":"#0","tintindex":0}}},{"from":[4.445257,13.714286,4.445257],"to":[11.554743,15.428572,11.554743],"rotation":{"angle":0.0,"axis":"y","origin":[8.0,8.571428,8.0]},"faces":{"east":{"uv":[4.5,5.375,6.0,5.75],"rotation":0,"texture":"#0","tintindex":0},"south":{"uv":[2.625,5.625,4.125,6.0],"rotation":0,"texture":"#0","tintindex":0},"north":{"uv":[4.5,5.0,6.0,5.375],"rotation":0,"texture":"#0","tintindex":0},"west":{"uv":[5.625,2.75,7.125,3.125],"rotation":0,"texture":"#0","tintindex":0},"up":{"uv":[3.125,4.5,1.625,3.0],"rotation":0,"texture":"#0","tintindex":0},"down":{"uv":[4.625,0.0,3.125,1.5],"rotation":0,"texture":"#0","tintindex":0}}},{"from":[3.8528,13.714286,5.037714],"to":[4.445257,15.428572,10.962286],"rotation":{"angle":0.0,"axis":"y","origin":[8.0,8.571428,8.0]},"faces":{"east":{"uv":[0.0,6.125,1.25,6.5],"rotation":0,"texture":"#0","tintindex":0},"south":{"uv":[7.875,8.875,8.0,9.25],"rotation":0,"texture":"#0","tintindex":0},"north":{"uv":[7.75,8.875,7.875,9.25],"rotation":0,"texture":"#0","tintindex":0},"west":{"uv":[6.125,0.0,7.375,0.375],"rotation":0,"texture":"#0","tintindex":0},"up":{"uv":[1.5,9.25,1.375,8.0],"rotation":0,"texture":"#0","tintindex":0},"down":{"uv":[1.625,8.0,1.5,9.25],"rotation":0,"texture":"#0","tintindex":0}}},{"from":[11.554743,13.714286,5.037714],"to":[12.1472,15.428572,10.962286],"rotation":{"angle":0.0,"axis":"y","origin":[8.0,8.571428,8.0]},"faces":{"east":{"uv":[6.125,0.375,7.375,0.75],"rotation":0,"texture":"#0","tintindex":0},"south":{"uv":[8.875,8.625,9.0,9.0],"rotation":0,"texture":"#0","tintindex":0},"north":{"uv":[8.0,8.875,8.125,9.25],"rotation":0,"texture":"#0","tintindex":0},"west":{"uv":[6.125,0.75,7.375,1.125],"rotation":0,"texture":"#0","tintindex":0},"up":{"uv":[1.75,9.25,1.625,8.0],"rotation":0,"texture":"#0","tintindex":0},"down":{"uv":[1.875,8.0,1.75,9.25],"rotation":0,"texture":"#0","tintindex":0}}},{"from":[5.037714,13.714286,3.8528],"to":[10.962286,15.428572,4.445257],"rotation":{"angle":0.0,"axis":"y","origin":[8.0,8.571428,8.0]},"faces":{"east":{"uv":[9.0,5.25,9.125,5.625],"rotation":0,"texture":"#0","tintindex":0},"south":{"uv":[1.25,6.125,2.5,6.5],"rotation":0,"texture":"#0","tintindex":0},"north":{"uv":[6.125,1.125,7.375,1.5],"rotation":0,"texture":"#0","tintindex":0},"west":{"uv":[9.0,8.625,9.125,9.0],"rotation":0,"texture":"#0","tintindex":0},"up":{"uv":[8.125,8.125,6.875,8.0],"rotation":0,"texture":"#0","tintindex":0},"down":{"uv":[1.375,8.125,0.125,8.25],"rotation":0,"texture":"#0","tintindex":0}}},{"from":[6.2226286,13.714286,3.2603426],"to":[9.777371,15.428572,3.8528],"rotation":{"angle":0.0,"axis":"y","origin":[8.0,8.571428,8.0]},"faces":{"east":{"uv":[8.875,9.0,9.0,9.375],"rotation":0,"texture":"#0","tintindex":0},"south":{"uv":[7.0,6.5,7.75,6.875],"rotation":0,"texture":"#0","tintindex":0},"north":{"uv":[7.0,4.625,7.75,5.0],"rotation":0,"texture":"#0","tintindex":0},"west":{"uv":[9.0,9.0,9.125,9.375],"rotation":0,"texture":"#0","tintindex":0},"up":{"uv":[3.0,8.75,2.25,8.625],"rotation":0,"texture":"#0","tintindex":0},"down":{"uv":[9.375,3.0,8.625,3.125],"rotation":0,"texture":"#0","tintindex":0}}},{"from":[6.2226286,13.714286,12.1472],"to":[9.777371,15.428572,12.739657],"rotation":{"angle":0.0,"axis":"y","origin":[8.0,8.571428,8.0]},"faces":{"east":{"uv":[5.0,9.125,5.125,9.5],"rotation":0,"texture":"#0","tintindex":0},"south":{"uv":[7.125,2.625,7.875,3.0],"rotation":0,"texture":"#0","tintindex":0},"north":{"uv":[2.25,7.125,3.0,7.5],"rotation":0,"texture":"#0","tintindex":0},"west":{"uv":[5.125,9.125,5.25,9.5],"rotation":0,"texture":"#0","tintindex":0},"up":{"uv":[9.375,3.25,8.625,3.125],"rotation":0,"texture":"#0","tintindex":0},"down":{"uv":[9.375,3.25,8.625,3.375],"rotation":0,"texture":"#0","tintindex":0}}},{"from":[12.1472,13.714286,6.2226286],"to":[12.739657,15.428572,9.777371],"rotation":{"angle":0.0,"axis":"y","origin":[8.0,8.571428,8.0]},"faces":{"east":{"uv":[7.125,6.125,7.875,6.5],"rotation":0,"texture":"#0","tintindex":0},"south":{"uv":[9.125,5.625,9.25,6.0],"rotation":0,"texture":"#0","tintindex":0},"north":{"uv":[9.125,5.25,9.25,5.625],"rotation":0,"texture":"#0","tintindex":0},"west":{"uv":[0.0,7.25,0.75,7.625],"rotation":0,"texture":"#0","tintindex":0},"up":{"uv":[3.875,9.375,3.75,8.625],"rotation":0,"texture":"#0","tintindex":0},"down":{"uv":[4.0,8.625,3.875,9.375],"rotation":0,"texture":"#0","tintindex":0}}},{"from":[3.2603426,13.714286,6.2226286],"to":[3.8528,15.428572,9.777371],"rotation":{"angle":0.0,"axis":"y","origin":[8.0,8.571428,8.0]},"faces":{"east":{"uv":[0.75,7.25,1.5,7.625],"rotation":0,"texture":"#0","tintindex":0},"south":{"uv":[9.125,6.375,9.25,6.75],"rotation":0,"texture":"#0","tintindex":0},"north":{"uv":[9.125,6.0,9.25,6.375],"rotation":0,"texture":"#0","tintindex":0},"west":{"uv":[1.5,7.25,2.25,7.625],"rotation":0,"texture":"#0","tintindex":0},"up":{"uv":[4.125,9.375,4.0,8.625],"rotation":0,"texture":"#0","tintindex":0},"down":{"uv":[4.25,8.625,4.125,9.375],"rotation":0,"texture":"#0","tintindex":0}}},{"from":[5.037714,11.428572,11.554743],"to":[10.962286,13.142858,12.1472],"rotation":{"angle":0.0,"axis":"y","origin":[8.0,6.285714,8.0]},"faces":{"east":{"uv":[0.125,8.875,0.25,9.25],"rotation":0,"texture":"#0","tintindex":0},"south":{"uv":[1.25,5.75,2.5,6.125],"rotation":0,"texture":"#0","tintindex":0},"north":{"uv":[0.0,5.75,1.25,6.125],"rotation":0,"texture":"#0","tintindex":0},"west":{"uv":[0.25,8.875,0.375,9.25],"rotation":0,"texture":"#0","tintindex":0},"up":{"uv":[8.125,8.0,6.875,7.875],"rotation":0,"texture":"#0","tintindex":0},"down":{"uv":[9.125,7.5,7.875,7.625],"rotation":0,"texture":"#0","tintindex":0}}},{"from":[4.445257,11.428572,4.445257],"to":[11.554743,13.142858,11.554743],"rotation":{"angle":0.0,"axis":"y","origin":[8.0,6.285714,8.0]},"faces":{"east":{"uv":[4.625,0.375,6.125,0.75],"rotation":0,"texture":"#0","tintindex":0},"south":{"uv":[4.625,0.75,6.125,1.125],"rotation":0,"texture":"#0","tintindex":0},"north":{"uv":[4.625,0.0,6.125,0.375],"rotation":0,"texture":"#0","tintindex":0},"west":{"uv":[4.625,1.125,6.125,1.5],"rotation":0,"texture":"#0","tintindex":0},"up":{"uv":[3.125,1.5,1.625,0.0],"rotation":0,"texture":"#0","tintindex":0},"down":{"uv":[3.125,1.5,1.625,3.0],"rotation":0,"texture":"#0","tintindex":0}}},{"from":[3.8528,11.428572,5.037714],"to":[4.445257,13.142858,10.962286],"rotation":{"angle":0.0,"axis":"y","origin":[8.0,6.285714,8.0]},"faces":{"east":{"uv":[5.75,1.5,7.0,1.875],"rotation":0,"texture":"#0","tintindex":0},"south":{"uv":[0.5,8.875,0.625,9.25],"rotation":0,"texture":"#0","tintindex":0},"north":{"uv":[0.375,8.875,0.5,9.25],"rotation":0,"texture":"#0","tintindex":0},"west":{"uv":[5.75,1.875,7.0,2.25],"rotation":0,"texture":"#0","tintindex":0},"up":{"uv":[1.5,4.5,1.375,3.25],"rotation":0,"texture":"#0","tintindex":0},"down":{"uv":[1.625,3.25,1.5,4.5],"rotation":0,"texture":"#0","tintindex":0}}},{"from":[11.554743,11.428572,5.037714],"to":[12.1472,13.142858,10.962286],"rotation":{"angle":0.0,"axis":"y","origin":[8.0,6.285714,8.0]},"faces":{"east":{"uv":[5.75,2.25,7.0,2.625],"rotation":0,"texture":"#0","tintindex":0},"south":{"uv":[2.25,8.875,2.375,9.25],"rotation":0,"texture":"#0","tintindex":0},"north":{"uv":[0.625,8.875,0.75,9.25],"rotation":0,"texture":"#0","tintindex":0},"west":{"uv":[4.125,5.75,5.375,6.125],"rotation":0,"texture":"#0","tintindex":0},"up":{"uv":[6.625,9.125,6.5,7.875],"rotation":0,"texture":"#0","tintindex":0},"down":{"uv":[0.125,8.0,0.0,9.25],"rotation":0,"texture":"#0","tintindex":0}}},{"from":[5.037714,11.428572,3.8528],"to":[10.962286,13.142858,4.445257],"rotation":{"angle":0.0,"axis":"y","origin":[8.0,6.285714,8.0]},"faces":{"east":{"uv":[2.375,8.875,2.5,9.25],"rotation":0,"texture":"#0","tintindex":0},"south":{"uv":[2.5,6.0,3.75,6.375],"rotation":0,"texture":"#0","tintindex":0},"north":{"uv":[5.375,5.75,6.625,6.125],"rotation":0,"texture":"#0","tintindex":0},"west":{"uv":[2.5,8.875,2.625,9.25],"rotation":0,"texture":"#0","tintindex":0},"up":{"uv":[9.125,7.75,7.875,7.625],"rotation":0,"texture":"#0","tintindex":0},"down":{"uv":[9.125,7.75,7.875,7.875],"rotation":0,"texture":"#0","tintindex":0}}},{"from":[6.2226286,11.428572,3.2603426],"to":[9.777371,13.142858,3.8528],"rotation":{"angle":0.0,"axis":"y","origin":[8.0,6.285714,8.0]},"faces":{"east":{"uv":[2.625,8.875,2.75,9.25],"rotation":0,"texture":"#0","tintindex":0},"south":{"uv":[7.0,1.5,7.75,1.875],"rotation":0,"texture":"#0","tintindex":0},"north":{"uv":[6.75,6.875,7.5,7.25],"rotation":0,"texture":"#0","tintindex":0},"west":{"uv":[2.75,8.875,2.875,9.25],"rotation":0,"texture":"#0","tintindex":0},"up":{"uv":[9.25,7.125,8.5,7.0],"rotation":0,"texture":"#0","tintindex":0},"down":{"uv":[8.375,8.5,7.625,8.625],"rotation":0,"texture":"#0","tintindex":0}}},{"from":[6.2226286,11.428572,12.1472],"to":[9.777371,13.142858,12.739657],"rotation":{"angle":0.0,"axis":"y","origin":[8.0,6.285714,8.0]},"faces":{"east":{"uv":[8.875,5.25,9.0,5.625],"rotation":0,"texture":"#0","tintindex":0},"south":{"uv":[7.0,2.25,7.75,2.625],"rotation":0,"texture":"#0","tintindex":0},"north":{"uv":[7.0,1.875,7.75,2.25],"rotation":0,"texture":"#0","tintindex":0},"west":{"uv":[6.875,8.875,7.0,9.25],"rotation":0,"texture":"#0","tintindex":0},"up":{"uv":[9.125,8.625,8.375,8.5],"rotation":0,"texture":"#0","tintindex":0},"down":{"uv":[0.875,8.625,0.125,8.75],"rotation":0,"texture":"#0","tintindex":0}}},{"from":[12.1472,11.428572,6.2226286],"to":[12.739657,13.142858,9.777371],"rotation":{"angle":0.0,"axis":"y","origin":[8.0,6.285714,8.0]},"faces":{"east":{"uv":[7.0,3.125,7.75,3.5],"rotation":0,"texture":"#0","tintindex":0},"south":{"uv":[7.125,8.875,7.25,9.25],"rotation":0,"texture":"#0","tintindex":0},"north":{"uv":[7.0,8.875,7.125,9.25],"rotation":0,"texture":"#0","tintindex":0},"west":{"uv":[7.0,3.5,7.75,3.875],"rotation":0,"texture":"#0","tintindex":0},"up":{"uv":[4.625,9.25,4.5,8.5],"rotation":0,"texture":"#0","tintindex":0},"down":{"uv":[4.75,8.5,4.625,9.25],"rotation":0,"texture":"#0","tintindex":0}}},{"from":[3.2603426,11.428572,6.2226286],"to":[3.8528,13.142858,9.777371],"rotation":{"angle":0.0,"axis":"y","origin":[8.0,6.285714,8.0]},"faces":{"east":{"uv":[7.0,3.875,7.75,4.25],"rotation":0,"texture":"#0","tintindex":0},"south":{"uv":[7.375,8.875,7.5,9.25],"rotation":0,"texture":"#0","tintindex":0},"north":{"uv":[7.25,8.875,7.375,9.25],"rotation":0,"texture":"#0","tintindex":0},"west":{"uv":[7.0,4.25,7.75,4.625],"rotation":0,"texture":"#0","tintindex":0},"up":{"uv":[6.375,9.25,6.25,8.5],"rotation":0,"texture":"#0","tintindex":0},"down":{"uv":[1.0,8.625,0.875,9.375],"rotation":0,"texture":"#0","tintindex":0}}},{"from":[5.142857,8.0,5.142857],"to":[10.857143,8.571428,10.857143],"rotation":{"angle":0.0,"axis":"y","origin":[8.0,-2.285715,8.0]},"faces":{"east":{"uv":[7.875,6.125,9.125,6.25],"rotation":0,"texture":"#0","tintindex":0},"south":{"uv":[7.875,6.25,9.125,6.375],"rotation":0,"texture":"#0","tintindex":0},"north":{"uv":[5.25,7.875,6.5,8.0],"rotation":0,"texture":"#0","tintindex":0},"west":{"uv":[7.875,6.375,9.125,6.5],"rotation":0,"texture":"#0","tintindex":0},"up":{"uv":[2.625,5.75,1.375,4.5],"rotation":0,"texture":"#0","tintindex":0},"down":{"uv":[5.75,1.5,4.5,2.75],"rotation":0,"texture":"#0","tintindex":0}}},{"from":[6.285714,8.0,10.857143],"to":[9.714286,8.571428,11.428572],"rotation":{"angle":0.0,"axis":"y","origin":[8.0,-2.285715,8.0]},"faces":{"east":{"uv":[7.0,7.75,7.125,7.875],"rotation":0,"texture":"#0","tintindex":0},"south":{"uv":[8.5,1.625,9.25,1.75],"rotation":0,"texture":"#0","tintindex":0},"north":{"uv":[8.5,1.5,9.25,1.625],"rotation":0,"texture":"#0","tintindex":0},"west":{"uv":[7.125,7.75,7.25,7.875],"rotation":0,"texture":"#0","tintindex":0},"up":{"uv":[9.25,1.875,8.5,1.75],"rotation":0,"texture":"#0","tintindex":0},"down":{"uv":[9.25,1.875,8.5,2.0],"rotation":0,"texture":"#0","tintindex":0}}},{"from":[4.5714283,8.0,6.285714],"to":[5.142857,8.571428,9.714286],"rotation":{"angle":0.0,"axis":"y","origin":[8.0,-2.285715,8.0]},"faces":{"east":{"uv":[8.5,2.0,9.25,2.125],"rotation":0,"texture":"#0","tintindex":0},"south":{"uv":[9.0,5.625,9.125,5.75],"rotation":0,"texture":"#0","tintindex":0},"north":{"uv":[8.875,5.625,9.0,5.75],"rotation":0,"texture":"#0","tintindex":0},"west":{"uv":[2.25,8.5,3.0,8.625],"rotation":0,"texture":"#0","tintindex":0},"up":{"uv":[3.125,9.25,3.0,8.5],"rotation":0,"texture":"#0","tintindex":0},"down":{"uv":[8.625,3.0,8.5,3.75],"rotation":0,"texture":"#0","tintindex":0}}},{"from":[6.285714,8.0,4.5714283],"to":[9.714286,8.571428,5.142857],"rotation":{"angle":0.0,"axis":"y","origin":[8.0,-2.285715,8.0]},"faces":{"east":{"uv":[9.125,4.875,9.25,5.0],"rotation":0,"texture":"#0","tintindex":0},"south":{"uv":[8.5,3.75,9.25,3.875],"rotation":0,"texture":"#0","tintindex":0},"north":{"uv":[3.75,8.5,4.5,8.625],"rotation":0,"texture":"#0","tintindex":0},"west":{"uv":[9.125,6.75,9.25,6.875],"rotation":0,"texture":"#0","tintindex":0},"up":{"uv":[9.25,4.0,8.5,3.875],"rotation":0,"texture":"#0","tintindex":0},"down":{"uv":[6.25,8.5,5.5,8.625],"rotation":0,"texture":"#0","tintindex":0}}},{"from":[10.857143,8.0,6.285714],"to":[11.428572,8.571428,9.714286],"rotation":{"angle":0.0,"axis":"y","origin":[8.0,-2.285715,8.0]},"faces":{"east":{"uv":[6.875,8.5,7.625,8.625],"rotation":0,"texture":"#0","tintindex":0},"south":{"uv":[9.25,7.75,9.375,7.875],"rotation":0,"texture":"#0","tintindex":0},"north":{"uv":[9.125,7.125,9.25,7.25],"rotation":0,"texture":"#0","tintindex":0},"west":{"uv":[8.5,6.875,9.25,7.0],"rotation":0,"texture":"#0","tintindex":0},"up":{"uv":[3.25,9.25,3.125,8.5],"rotation":0,"texture":"#0","tintindex":0},"down":{"uv":[3.375,8.5,3.25,9.25],"rotation":0,"texture":"#0","tintindex":0}}},{"from":[8.0,17.142857,9.177143],"to":[9.302857,17.714287,10.4800005],"rotation":{"angle":0.0,"axis":"y","origin":[5.3942857,8.0,8.0]},"faces":{"east":{"uv":[11.75,9.375,12.125,9.5],"rotation":0,"texture":"#0","tintindex":0},"south":{"uv":[15.625,4.625,16.0,4.75],"rotation":0,"texture":"#0","tintindex":0},"north":{"uv":[11.5,7.125,11.875,7.25],"rotation":0,"texture":"#0","tintindex":0},"west":{"uv":[11.0,2.5,11.375,2.625],"rotation":0,"texture":"#0","tintindex":0},"up":{"uv":[15.625,0.0,16.0,0.375],"rotation":0,"texture":"#0","tintindex":0},"down":{"uv":[0.0,0.0,0.375,0.375],"rotation":0,"texture":"#0","tintindex":0}}},{"from":[7.142857,16.914288,7.977143],"to":[8.285714,18.057144,9.12],"rotation":{"angle":0.0,"axis":"y","origin":[5.3942857,8.0,8.0]},"faces":{"east":{"uv":[11.75,9.375,12.125,9.5],"rotation":0,"texture":"#0","tintindex":0},"south":{"uv":[15.625,4.625,16.0,4.75],"rotation":0,"texture":"#0","tintindex":0},"north":{"uv":[11.5,7.125,11.875,7.25],"rotation":0,"texture":"#0","tintindex":0},"west":{"uv":[11.0,2.5,11.375,2.625],"rotation":0,"texture":"#0","tintindex":0},"up":{"uv":[15.625,0.5,16.0,0.875],"rotation":0,"texture":"#0","tintindex":0},"down":{"uv":[0.0,0.0,0.375,0.375],"rotation":0,"texture":"#0","tintindex":0}}},{"from":[9.142858,17.142857,6.8342857],"to":[10.445715,18.285715,8.137143],"rotation":{"angle":-45.0,"axis":"y","origin":[9.508572,17.714287,7.3714285]},"faces":{"east":{"uv":[11.75,9.25,12.125,9.5],"rotation":0,"texture":"#0","tintindex":0},"south":{"uv":[15.625,4.5,16.0,4.75],"rotation":0,"texture":"#0","tintindex":0},"north":{"uv":[11.5,7.0,11.875,7.25],"rotation":0,"texture":"#0","tintindex":0},"west":{"uv":[11.0,2.375,11.375,2.625],"rotation":0,"texture":"#0","tintindex":0},"up":{"uv":[15.625,0.0,16.0,0.375],"rotation":0,"texture":"#0","tintindex":0},"down":{"uv":[0.0,0.0,0.375,0.375],"rotation":0,"texture":"#0","tintindex":0}}},{"from":[8.114285,18.400002,6.662857],"to":[9.417143,19.714287,7.9657145],"rotation":{"angle":45.0,"axis":"z","origin":[9.508572,17.714287,7.3714285]},"faces":{"east":{"uv":[11.75,9.25,12.125,9.5],"rotation":0,"texture":"#0","tintindex":0},"south":{"uv":[15.625,4.5,16.0,4.75],"rotation":0,"texture":"#0","tintindex":0},"north":{"uv":[11.5,7.0,11.875,7.25],"rotation":0,"texture":"#0","tintindex":0},"west":{"uv":[11.0,2.375,11.375,2.625],"rotation":0,"texture":"#0","tintindex":0},"up":{"uv":[15.625,0.0,16.0,0.375],"rotation":0,"texture":"#0","tintindex":0},"down":{"uv":[0.0,0.0,0.375,0.375],"rotation":0,"texture":"#0","tintindex":0}}},{"from":[8.0,17.142857,5.405714],"to":[9.302857,18.285715,6.7085714],"rotation":{"angle":-22.5,"axis":"x","origin":[9.508572,17.714287,7.3714285]},"faces":{"east":{"uv":[11.75,9.25,12.125,9.5],"rotation":0,"texture":"#0","tintindex":0},"south":{"uv":[15.625,4.5,16.0,4.75],"rotation":0,"texture":"#0","tintindex":0},"north":{"uv":[11.5,7.0,11.875,7.25],"rotation":0,"texture":"#0","tintindex":0},"west":{"uv":[11.0,2.375,11.375,2.625],"rotation":0,"texture":"#0","tintindex":0},"up":{"uv":[15.625,0.0,16.0,0.375],"rotation":0,"texture":"#0","tintindex":0},"down":{"uv":[0.0,0.0,0.375,0.375],"rotation":0,"texture":"#0","tintindex":0}}},{"from":[5.2571425,16.285715,7.062857],"to":[6.56,17.428572,8.365714],"rotation":{"angle":22.5,"axis":"y","origin":[9.222857,17.714287,7.3714285]},"faces":{"east":{"uv":[11.75,9.25,12.125,9.5],"rotation":0,"texture":"#0","tintindex":0},"south":{"uv":[15.625,4.5,16.0,4.75],"rotation":0,"texture":"#0","tintindex":0},"north":{"uv":[11.5,7.0,11.875,7.25],"rotation":0,"texture":"#0","tintindex":0},"west":{"uv":[11.0,2.375,11.375,2.625],"rotation":0,"texture":"#0","tintindex":0},"up":{"uv":[15.625,0.0,16.0,0.375],"rotation":0,"texture":"#0","tintindex":0},"down":{"uv":[0.0,0.0,0.375,0.375],"rotation":0,"texture":"#0","tintindex":0}}},{"from":[6.285714,17.142857,6.1485715],"to":[7.5885715,17.714287,7.4514284],"rotation":{"angle":0.0,"axis":"y","origin":[5.3942857,8.0,8.0]},"faces":{"east":{"uv":[11.75,9.375,12.125,9.5],"rotation":0,"texture":"#0","tintindex":0},"south":{"uv":[15.625,4.625,16.0,4.75],"rotation":0,"texture":"#0","tintindex":0},"north":{"uv":[11.5,7.125,11.875,7.25],"rotation":0,"texture":"#0","tintindex":0},"west":{"uv":[11.0,2.5,11.375,2.625],"rotation":0,"texture":"#0","tintindex":0},"up":{"uv":[15.625,0.0,16.0,0.375],"rotation":0,"texture":"#0","tintindex":0},"down":{"uv":[0.0,0.0,0.375,0.375],"rotation":0,"texture":"#0","tintindex":0}}},{"from":[8.514286,17.714287,9.634286],"to":[8.8,18.285715,9.92],"rotation":{"angle":0.0,"axis":"y","origin":[5.3942857,8.0,8.0]},"faces":{"east":{"uv":[10.5,8.0,10.875,8.125],"rotation":0,"texture":"#0","tintindex":0},"south":{"uv":[11.0,0.0,11.375,0.125],"rotation":0,"texture":"#0","tintindex":0},"north":{"uv":[10.25,9.625,10.625,9.75],"rotation":0,"texture":"#0","tintindex":0},"west":{"uv":[10.875,3.5,11.25,3.625],"rotation":0,"texture":"#0","tintindex":0},"up":{"uv":[11.75,4.0,12.125,4.375],"rotation":0,"texture":"#0","tintindex":0},"down":{"uv":[0.0,0.0,0.375,0.375],"rotation":0,"texture":"#0","tintindex":0}}},{"from":[8.685715,17.714287,9.862857],"to":[8.685715,18.285715,10.72],"rotation":{"angle":0.0,"axis":"y","origin":[5.3942857,8.0,8.0]},"faces":{"east":{"uv":[13.75,0.0,13.375,0.25],"rotation":0,"texture":"#0","tintindex":0},"south":{"uv":[11.0,0.0,11.375,0.125],"rotation":0,"texture":"#0","tintindex":0},"north":{"uv":[10.25,9.625,10.625,9.75],"rotation":0,"texture":"#0","tintindex":0},"west":{"uv":[13.375,0.0,13.75,0.25],"rotation":0,"texture":"#0","tintindex":0},"up":{"uv":[11.75,4.0,12.125,4.375],"rotation":0,"texture":"#0","tintindex":0},"down":{"uv":[0.0,0.0,0.375,0.375],"rotation":0,"texture":"#0","tintindex":0}}},{"from":[8.72,17.542858,5.885714],"to":[9.577143,18.114286,5.885714],"rotation":{"angle":0.0,"axis":"y","origin":[10.005714,18.0,8.685715]},"faces":{"east":{"uv":[11.375,0.0,11.0,0.125],"rotation":0,"texture":"#0","tintindex":0},"south":{"uv":[13.375,0.0,13.75,0.25],"rotation":0,"texture":"#0","tintindex":0},"north":{"uv":[13.75,0.0,13.375,0.25],"rotation":0,"texture":"#0","tintindex":0},"west":{"uv":[10.625,9.625,10.25,9.75],"rotation":0,"texture":"#0","tintindex":0},"up":{"uv":[11.75,4.375,12.125,4.0],"rotation":90,"texture":"#0","tintindex":0},"down":{"uv":[0.0,0.375,0.375,0.0],"rotation":270,"texture":"#0","tintindex":0}}},{"from":[6.285714,17.314285,9.062857],"to":[6.285714,17.885715,9.92],"rotation":{"angle":0.0,"axis":"y","origin":[3.565714,8.285714,7.714286]},"faces":{"east":{"uv":[13.75,0.0,13.375,0.25],"rotation":0,"texture":"#0","tintindex":0},"south":{"uv":[11.0,0.0,11.375,0.125],"rotation":0,"texture":"#0","tintindex":0},"north":{"uv":[10.25,9.625,10.625,9.75],"rotation":0,"texture":"#0","tintindex":0},"west":{"uv":[13.375,0.0,13.75,0.25],"rotation":0,"texture":"#0","tintindex":0},"up":{"uv":[11.75,4.0,12.125,4.375],"rotation":0,"texture":"#0","tintindex":0},"down":{"uv":[0.0,0.0,0.375,0.375],"rotation":0,"texture":"#0","tintindex":0}}},{"from":[5.942857,17.714287,6.8914285],"to":[6.8,18.285715,6.8914285],"rotation":{"angle":0.0,"axis":"y","origin":[8.034286,8.0,3.7142854]},"faces":{"east":{"uv":[10.25,9.625,10.625,9.75],"rotation":0,"texture":"#0","tintindex":0},"south":{"uv":[13.75,0.0,13.375,0.25],"rotation":0,"texture":"#0","tintindex":0},"north":{"uv":[13.375,0.0,13.75,0.25],"rotation":0,"texture":"#0","tintindex":0},"west":{"uv":[11.0,0.0,11.375,0.125],"rotation":0,"texture":"#0","tintindex":0},"up":{"uv":[11.75,4.0,12.125,4.375],"rotation":90,"texture":"#0","tintindex":0},"down":{"uv":[0.0,0.0,0.375,0.375],"rotation":270,"texture":"#0","tintindex":0}}},{"from":[7.4857144,17.6,7.3485713],"to":[8.342857,18.171429,7.3485713],"rotation":{"angle":45.0,"axis":"z","origin":[6.3714285,18.0,6.8914285]},"faces":{"east":{"uv":[10.25,9.625,10.625,9.75],"rotation":0,"texture":"#0","tintindex":0},"south":{"uv":[13.75,0.0,13.375,0.25],"rotation":0,"texture":"#0","tintindex":0},"north":{"uv":[13.375,0.0,13.75,0.25],"rotation":0,"texture":"#0","tintindex":0},"west":{"uv":[11.0,0.0,11.375,0.125],"rotation":0,"texture":"#0","tintindex":0},"up":{"uv":[11.75,4.0,12.125,4.375],"rotation":90,"texture":"#0","tintindex":0},"down":{"uv":[0.0,0.0,0.375,0.375],"rotation":270,"texture":"#0","tintindex":0}}},{"from":[6.8,17.714287,6.72],"to":[7.0857143,18.285715,7.0057144],"rotation":{"angle":0.0,"axis":"y","origin":[5.3942857,8.0,8.0]},"faces":{"east":{"uv":[10.5,8.0,10.875,8.125],"rotation":0,"texture":"#0","tintindex":0},"south":{"uv":[11.0,0.0,11.375,0.125],"rotation":0,"texture":"#0","tintindex":0},"north":{"uv":[10.25,9.625,10.625,9.75],"rotation":0,"texture":"#0","tintindex":0},"west":{"uv":[10.875,3.5,11.25,3.625],"rotation":0,"texture":"#0","tintindex":0},"up":{"uv":[11.75,4.0,12.125,4.375],"rotation":0,"texture":"#0","tintindex":0},"down":{"uv":[0.0,0.0,0.375,0.375],"rotation":0,"texture":"#0","tintindex":0}}},{"from":[7.6571426,17.885715,7.1771426],"to":[7.9428573,18.457142,7.4628572],"rotation":{"angle":45.0,"axis":"z","origin":[6.942857,18.0,6.862857]},"faces":{"east":{"uv":[10.5,8.0,10.875,8.125],"rotation":0,"texture":"#0","tintindex":0},"south":{"uv":[11.0,0.0,11.375,0.125],"rotation":0,"texture":"#0","tintindex":0},"north":{"uv":[10.25,9.625,10.625,9.75],"rotation":0,"texture":"#0","tintindex":0},"west":{"uv":[10.875,3.5,11.25,3.625],"rotation":0,"texture":"#0","tintindex":0},"up":{"uv":[11.75,4.0,12.125,4.375],"rotation":0,"texture":"#0","tintindex":0},"down":{"uv":[0.0,0.0,0.375,0.375],"rotation":0,"texture":"#0","tintindex":0}}},{"from":[8.514286,17.942858,5.805714],"to":[8.8,18.514286,6.0914288],"rotation":{"angle":-22.5,"axis":"x","origin":[8.657143,18.0,6.862857]},"faces":{"east":{"uv":[10.5,8.0,10.875,8.125],"rotation":0,"texture":"#0","tintindex":0},"south":{"uv":[11.0,0.0,11.375,0.125],"rotation":0,"texture":"#0","tintindex":0},"north":{"uv":[10.25,9.625,10.625,9.75],"rotation":0,"texture":"#0","tintindex":0},"west":{"uv":[10.875,3.5,11.25,3.625],"rotation":0,"texture":"#0","tintindex":0},"up":{"uv":[11.75,4.0,12.125,4.375],"rotation":0,"texture":"#0","tintindex":0},"down":{"uv":[0.0,0.0,0.375,0.375],"rotation":0,"texture":"#0","tintindex":0}}},{"from":[9.485714,18.285715,7.52],"to":[9.771429,18.857143,7.805714],"rotation":{"angle":0.0,"axis":"y","origin":[5.68,8.0,8.0]},"faces":{"east":{"uv":[10.5,8.0,10.875,8.125],"rotation":0,"texture":"#0","tintindex":0},"south":{"uv":[11.0,0.0,11.375,0.125],"rotation":0,"texture":"#0","tintindex":0},"north":{"uv":[10.25,9.625,10.625,9.75],"rotation":0,"texture":"#0","tintindex":0},"west":{"uv":[10.875,3.5,11.25,3.625],"rotation":0,"texture":"#0","tintindex":0},"up":{"uv":[11.75,4.0,12.125,4.375],"rotation":0,"texture":"#0","tintindex":0},"down":{"uv":[0.0,0.0,0.375,0.375],"rotation":0,"texture":"#0","tintindex":0}}},{"from":[6.1142855,17.257145,8.891429],"to":[6.4,17.828571,9.177143],"rotation":{"angle":0.0,"axis":"y","origin":[5.3942857,8.0,8.0]},"faces":{"east":{"uv":[10.5,8.0,10.875,8.125],"rotation":0,"texture":"#0","tintindex":0},"south":{"uv":[11.0,0.0,11.375,0.125],"rotation":0,"texture":"#0","tintindex":0},"north":{"uv":[10.25,9.625,10.625,9.75],"rotation":0,"texture":"#0","tintindex":0},"west":{"uv":[10.875,3.5,11.25,3.625],"rotation":0,"texture":"#0","tintindex":0},"up":{"uv":[11.75,4.0,12.125,4.375],"rotation":0,"texture":"#0","tintindex":0},"down":{"uv":[0.0,0.0,0.375,0.375],"rotation":0,"texture":"#0","tintindex":0}}},{"from":[9.705875,18.285715,5.1699624],"to":[9.705875,18.857143,6.0271053],"rotation":{"angle":-45.0,"axis":"y","origin":[6.4144464,8.571428,6.2213907]},"faces":{"east":{"uv":[13.75,0.0,13.375,0.25],"rotation":0,"texture":"#0","tintindex":0},"south":{"uv":[11.0,0.0,11.375,0.125],"rotation":0,"texture":"#0","tintindex":0},"north":{"uv":[10.25,9.625,10.625,9.75],"rotation":0,"texture":"#0","tintindex":0},"west":{"uv":[13.375,0.0,13.75,0.25],"rotation":0,"texture":"#0","tintindex":0},"up":{"uv":[11.75,4.0,12.125,4.375],"rotation":0,"texture":"#0","tintindex":0},"down":{"uv":[0.0,0.0,0.375,0.375],"rotation":0,"texture":"#0","tintindex":0}}}],"textures":{"0":"modelengine:entity/applebarrel"},"display":{"head":{"translation":[0.0,-6.4,0.0],"scale":[4.0,4.0,4.0]}}}