{"textures":{"1":"modelengine:entity/slimegirlqueen"},"elements":[{"from":[3.0,1.0,4.0],"to":[13.0,14.0,14.0],"faces":{"east":{"uv":[1.25,0.0,2.5,1.625],"tintindex":0,"rotation":0,"texture":"#1"},"south":{"uv":[0.0,1.625,1.25,3.25],"tintindex":0,"rotation":0,"texture":"#1"},"north":{"uv":[0.0,0.0,1.25,1.625],"tintindex":0,"rotation":0,"texture":"#1"},"west":{"uv":[1.25,1.625,2.5,3.25],"tintindex":0,"rotation":0,"texture":"#1"},"up":{"uv":[3.75,3.75,2.5,2.5],"tintindex":0,"rotation":0,"texture":"#1"},"down":{"uv":[1.25,3.25,0.0,4.5],"tintindex":0,"rotation":0,"texture":"#1"}},"rotation":{"origin":[8.0,11.0,8.0],"angle":-22.5,"axis":"x"}},{"from":[1.0,1.0,7.0],"to":[3.0,10.0,14.0],"faces":{"east":{"uv":[4.25,4.5,5.125,5.625],"tintindex":0,"rotation":0,"texture":"#1"},"south":{"uv":[8.75,3.125,9.0,4.25],"tintindex":0,"rotation":0,"texture":"#1"},"north":{"uv":[8.625,2.0,8.875,3.125],"tintindex":0,"rotation":0,"texture":"#1"},"west":{"uv":[4.75,2.25,5.625,3.375],"tintindex":0,"rotation":0,"texture":"#1"},"up":{"uv":[6.0,9.875,5.75,9.0],"tintindex":0,"rotation":0,"texture":"#1"},"down":{"uv":[6.25,9.0,6.0,9.875],"tintindex":0,"rotation":0,"texture":"#1"}}},{"from":[12.75,4.0,9.75],"to":[15.25,12.0,13.0],"faces":{"east":{"uv":[5.5,8.0,5.875,9.0],"tintindex":0,"rotation":0,"texture":"#1"},"south":{"uv":[5.875,8.0,6.25,9.0],"tintindex":0,"rotation":0,"texture":"#1"},"north":{"uv":[5.125,8.0,5.5,9.0],"tintindex":0,"rotation":0,"texture":"#1"},"west":{"uv":[0.625,8.125,1.0,9.125],"tintindex":0,"rotation":0,"texture":"#1"},"up":{"uv":[9.75,2.625,9.375,2.25],"tintindex":0,"rotation":0,"texture":"#1"},"down":{"uv":[9.75,8.25,9.375,8.625],"tintindex":0,"rotation":0,"texture":"#1"}}},{"from":[5.0,6.0,4.0],"to":[11.0,16.0,12.0],"faces":{"east":{"uv":[1.25,3.25,2.25,4.5],"tintindex":0,"rotation":0,"texture":"#1"},"south":{"uv":[2.25,5.0,3.0,6.25],"tintindex":0,"rotation":0,"texture":"#1"},"north":{"uv":[1.5,4.5,2.25,5.75],"tintindex":0,"rotation":0,"texture":"#1"},"west":{"uv":[2.25,3.75,3.25,5.0],"tintindex":0,"rotation":0,"texture":"#1"},"up":{"uv":[6.625,1.75,5.875,0.75],"tintindex":0,"rotation":0,"texture":"#1"},"down":{"uv":[0.75,6.0,0.0,7.0],"tintindex":0,"rotation":0,"texture":"#1"}}},{"from":[13.0,1.0,7.0],"to":[15.0,10.0,14.0],"faces":{"east":{"uv":[5.0,0.0,5.875,1.125],"tintindex":0,"rotation":0,"texture":"#1"},"south":{"uv":[8.75,6.0,9.0,7.125],"tintindex":0,"rotation":0,"texture":"#1"},"north":{"uv":[8.75,4.875,9.0,6.0],"tintindex":0,"rotation":0,"texture":"#1"},"west":{"uv":[5.0,1.125,5.875,2.25],"tintindex":0,"rotation":0,"texture":"#1"},"up":{"uv":[9.375,2.875,9.125,2.0],"tintindex":0,"rotation":0,"texture":"#1"},"down":{"uv":[8.0,9.125,7.75,10.0],"tintindex":0,"rotation":0,"texture":"#1"}}},{"from":[0.75,6.0,6.75],"to":[3.0,13.0,10.0],"faces":{"east":{"uv":[8.375,3.5,8.75,4.375],"tintindex":0,"rotation":0,"texture":"#1"},"south":{"uv":[0.625,9.125,0.875,10.0],"tintindex":0,"rotation":0,"texture":"#1"},"north":{"uv":[9.0,6.375,9.25,7.25],"tintindex":0,"rotation":0,"texture":"#1"},"west":{"uv":[8.375,5.75,8.75,6.625],"tintindex":0,"rotation":0,"texture":"#1"},"up":{"uv":[9.75,0.875,9.5,0.5],"tintindex":0,"rotation":0,"texture":"#1"},"down":{"uv":[2.875,9.625,2.625,10.0],"tintindex":0,"rotation":0,"texture":"#1"}}}],"display":{"gui":{"rotation":[30,225,0]}}}