{"textures":{"1":"modelengine:entity/slimegirlqueen"},"elements":[{"from":[6.5,1.0,7.25],"to":[9.0,8.0,9.75],"faces":{"east":{"uv":[2.0,8.375,2.375,9.25],"tintindex":0,"rotation":0,"texture":"#1"},"south":{"uv":[2.375,8.375,2.75,9.25],"tintindex":0,"rotation":0,"texture":"#1"},"north":{"uv":[1.625,8.375,2.0,9.25],"tintindex":0,"rotation":0,"texture":"#1"},"west":{"uv":[2.75,8.375,3.125,9.25],"tintindex":0,"rotation":0,"texture":"#1"},"up":{"uv":[9.625,9.5,9.25,9.125],"tintindex":0,"rotation":0,"texture":"#1"},"down":{"uv":[9.75,1.875,9.375,2.25],"tintindex":0,"rotation":0,"texture":"#1"}}}],"display":{"gui":{"rotation":[30,225,0]}}}