{"textures":{"0":"modelengine:entity/claws"},"elements":[{"from":[-11.5,15.0,1.0],"to":[22.75,28.0,7.0],"faces":{"east":{"uv":[0.1875,7.3125,0.375,7.71875],"tintindex":0,"rotation":0,"texture":"#0"},"south":{"uv":[2.125,2.53125,3.1875,2.9375],"tintindex":0,"rotation":0,"texture":"#0"},"north":{"uv":[2.125,2.125,3.1875,2.53125],"tintindex":0,"rotation":0,"texture":"#0"},"west":{"uv":[0.375,7.3125,0.5625,7.71875],"tintindex":0,"rotation":0,"texture":"#0"},"up":{"uv":[5.875,3.21875,4.8125,3.03125],"tintindex":0,"rotation":0,"texture":"#0"},"down":{"uv":[6.03125,0.34375,4.96875,0.53125],"tintindex":0,"rotation":0,"texture":"#0"}}},{"from":[-11.5,-7.0,7.0],"to":[22.75,26.0,19.0],"faces":{"east":{"uv":[3.1875,0.0,3.5625,1.03125],"tintindex":0,"rotation":0,"texture":"#0"},"south":{"uv":[1.0625,1.03125,2.125,2.0625],"tintindex":0,"rotation":0,"texture":"#0"},"north":{"uv":[1.0625,0.0,2.125,1.03125],"tintindex":0,"rotation":0,"texture":"#0"},"west":{"uv":[3.1875,1.03125,3.5625,2.0625],"tintindex":0,"rotation":0,"texture":"#0"},"up":{"uv":[3.1875,3.3125,2.125,2.9375],"tintindex":0,"rotation":0,"texture":"#0"},"down":{"uv":[1.0625,3.09375,0.0,3.46875],"tintindex":0,"rotation":0,"texture":"#0"}}},{"from":[-9.5,-8.0,-1.0],"to":[20.75,5.0,7.0],"faces":{"east":{"uv":[6.84375,1.46875,7.09375,1.875],"tintindex":0,"rotation":0,"texture":"#0"},"south":{"uv":[3.1875,3.28125,4.125,3.6875],"tintindex":0,"rotation":0,"texture":"#0"},"north":{"uv":[3.1875,2.875,4.125,3.28125],"tintindex":0,"rotation":0,"texture":"#0"},"west":{"uv":[6.84375,5.28125,7.09375,5.6875],"tintindex":0,"rotation":0,"texture":"#0"},"up":{"uv":[5.15625,3.96875,4.21875,3.71875],"tintindex":0,"rotation":0,"texture":"#0"},"down":{"uv":[5.15625,3.96875,4.21875,4.21875],"tintindex":0,"rotation":0,"texture":"#0"}}},{"from":[4.5,21.0,19.0],"to":[24.75,25.0,27.0],"faces":{"east":{"uv":[6.53125,0.71875,6.78125,0.84375],"tintindex":0,"rotation":0,"texture":"#0"},"south":{"uv":[7.28125,4.75,7.90625,4.875],"tintindex":0,"rotation":0,"texture":"#0"},"north":{"uv":[7.28125,4.625,7.90625,4.75],"tintindex":0,"rotation":0,"texture":"#0"},"west":{"uv":[7.875,3.125,8.125,3.25],"tintindex":0,"rotation":0,"texture":"#0"},"up":{"uv":[5.4375,5.84375,4.8125,5.59375],"tintindex":0,"rotation":0,"texture":"#0"},"down":{"uv":[6.0625,5.59375,5.4375,5.84375],"tintindex":0,"rotation":0,"texture":"#0"}}},{"from":[-15.5,-4.0,10.0],"to":[-11.25,18.0,17.0],"faces":{"east":{"uv":[2.46875,5.78125,2.6875,6.46875],"tintindex":0,"rotation":0,"texture":"#0"},"south":{"uv":[3.6875,7.125,3.8125,7.8125],"tintindex":0,"rotation":0,"texture":"#0"},"north":{"uv":[0.8125,6.96875,0.9375,7.65625],"tintindex":0,"rotation":0,"texture":"#0"},"west":{"uv":[4.1875,5.84375,4.40625,6.53125],"tintindex":0,"rotation":0,"texture":"#0"},"up":{"uv":[1.3125,7.5,1.1875,7.28125],"tintindex":0,"rotation":0,"texture":"#0"},"down":{"uv":[0.6875,7.4375,0.5625,7.65625],"tintindex":0,"rotation":0,"texture":"#0"}}},{"from":[-7.5,0.0,19.0],"to":[26.75,21.0,27.0],"faces":{"east":{"uv":[0.5,5.59375,0.75,6.25],"tintindex":0,"rotation":0,"texture":"#0"},"south":{"uv":[2.125,0.65625,3.1875,1.3125],"tintindex":0,"rotation":0,"texture":"#0"},"north":{"uv":[2.125,0.0,3.1875,0.65625],"tintindex":0,"rotation":0,"texture":"#0"},"west":{"uv":[3.59375,5.59375,3.84375,6.25],"tintindex":0,"rotation":0,"texture":"#0"},"up":{"uv":[4.96875,0.5,3.90625,0.25],"tintindex":0,"rotation":0,"texture":"#0"},"down":{"uv":[4.96875,0.5,3.90625,0.75],"tintindex":0,"rotation":0,"texture":"#0"}}}],"display":{"gui":{"rotation":[30,225,0]}}}