{"textures":{"0":"modelengine:entity/claws"},"elements":[{"from":[5.5,5.625,-1.5],"to":[11.0,11.625,6.0],"faces":{"east":{"uv":[0.96875,5.25,1.4375,5.625],"tintindex":0,"rotation":0,"texture":"#0"},"south":{"uv":[6.0625,5.46875,6.40625,5.84375],"tintindex":0,"rotation":0,"texture":"#0"},"north":{"uv":[1.96875,5.0,2.3125,5.375],"tintindex":0,"rotation":0,"texture":"#0"},"west":{"uv":[1.4375,5.34375,1.90625,5.71875],"tintindex":0,"rotation":0,"texture":"#0"},"up":{"uv":[5.84375,1.65625,5.5,1.1875],"tintindex":0,"rotation":0,"texture":"#0"},"down":{"uv":[5.84375,4.65625,5.5,5.125],"tintindex":0,"rotation":0,"texture":"#0"}}},{"from":[6.5,-0.5,4.5],"to":[9.0,5.5,10.0],"faces":{"east":{"uv":[2.09375,6.125,2.4375,6.5],"tintindex":0,"rotation":0,"texture":"#0"},"south":{"uv":[7.46875,7.25,7.625,7.625],"tintindex":0,"rotation":0,"texture":"#0"},"north":{"uv":[3.6875,6.25,3.84375,6.625],"tintindex":0,"rotation":0,"texture":"#0"},"west":{"uv":[5.71875,6.125,6.0625,6.5],"tintindex":0,"rotation":0,"texture":"#0"},"up":{"uv":[5.5,7.90625,5.34375,7.5625],"tintindex":0,"rotation":0,"texture":"#0"},"down":{"uv":[1.34375,7.59375,1.1875,7.9375],"tintindex":0,"rotation":0,"texture":"#0"}},"rotation":{"origin":[3.0,-6.0,22.5],"angle":22.5,"axis":"x"}},{"from":[6.5,11.0,1.0],"to":[10.0,12.0,10.0],"faces":{"east":{"uv":[7.71875,6.625,8.28125,6.6875],"tintindex":0,"rotation":0,"texture":"#0"},"south":{"uv":[1.59375,5.71875,1.8125,5.78125],"tintindex":0,"rotation":0,"texture":"#0"},"north":{"uv":[5.15625,4.15625,5.375,4.21875],"tintindex":0,"rotation":0,"texture":"#0"},"west":{"uv":[7.78125,2.65625,8.34375,2.71875],"tintindex":0,"rotation":0,"texture":"#0"},"up":{"uv":[1.3125,6.71875,1.09375,6.15625],"tintindex":0,"rotation":0,"texture":"#0"},"down":{"uv":[6.40625,1.5625,6.1875,2.125],"tintindex":0,"rotation":0,"texture":"#0"}}},{"from":[6.25,19.5,13.0],"to":[10.25,23.5,20.0],"faces":{"east":{"uv":[6.40625,6.0625,6.84375,6.3125],"tintindex":0,"rotation":0,"texture":"#0"},"south":{"uv":[5.75,7.4375,6.0,7.6875],"tintindex":0,"rotation":0,"texture":"#0"},"north":{"uv":[5.5,7.4375,5.75,7.6875],"tintindex":0,"rotation":0,"texture":"#0"},"west":{"uv":[6.40625,6.3125,6.84375,6.5625],"tintindex":0,"rotation":0,"texture":"#0"},"up":{"uv":[3.6875,6.6875,3.4375,6.25],"tintindex":0,"rotation":0,"texture":"#0"},"down":{"uv":[1.5625,6.40625,1.3125,6.84375],"tintindex":0,"rotation":0,"texture":"#0"}},"rotation":{"origin":[3.0,-6.0,22.5],"angle":-45.0,"axis":"x"}},{"from":[7.375,19.25,10.25],"to":[10.125,22.5,14.0],"faces":{"east":{"uv":[1.8125,3.09375,2.0625,3.3125],"tintindex":0,"rotation":0,"texture":"#0"},"south":{"uv":[6.96875,7.71875,7.15625,7.9375],"tintindex":0,"rotation":0,"texture":"#0"},"north":{"uv":[7.71875,6.34375,7.90625,6.5625],"tintindex":0,"rotation":0,"texture":"#0"},"west":{"uv":[6.96875,7.5,7.21875,7.71875],"tintindex":0,"rotation":0,"texture":"#0"},"up":{"uv":[1.125,7.875,0.9375,7.625],"tintindex":0,"rotation":0,"texture":"#0"},"down":{"uv":[3.09375,7.625,2.90625,7.875],"tintindex":0,"rotation":0,"texture":"#0"}},"rotation":{"origin":[3.0,-6.0,22.5],"angle":-45.0,"axis":"x"}},{"from":[7.875,19.75,19.75],"to":[10.125,22.0,23.5],"faces":{"east":{"uv":[2.34375,7.78125,2.59375,7.9375],"tintindex":0,"rotation":0,"texture":"#0"},"south":{"uv":[0.9375,6.53125,1.09375,6.6875],"tintindex":0,"rotation":0,"texture":"#0"},"north":{"uv":[3.4375,6.09375,3.59375,6.25],"tintindex":0,"rotation":0,"texture":"#0"},"west":{"uv":[7.78125,2.5,8.03125,2.65625],"tintindex":0,"rotation":0,"texture":"#0"},"up":{"uv":[2.75,8.03125,2.59375,7.78125],"tintindex":0,"rotation":0,"texture":"#0"},"down":{"uv":[2.90625,7.78125,2.75,8.03125],"tintindex":0,"rotation":0,"texture":"#0"}},"rotation":{"origin":[3.0,-6.0,22.5],"angle":-45.0,"axis":"x"}},{"from":[8.375,18.25,20.25],"to":[9.625,20.5,27.0],"faces":{"east":{"uv":[7.34375,5.75,7.78125,5.90625],"tintindex":0,"rotation":0,"texture":"#0"},"south":{"uv":[4.125,3.46875,4.21875,3.625],"tintindex":0,"rotation":0,"texture":"#0"},"north":{"uv":[1.71875,4.125,1.8125,4.28125],"tintindex":0,"rotation":0,"texture":"#0"},"west":{"uv":[7.375,1.28125,7.8125,1.4375],"tintindex":0,"rotation":0,"texture":"#0"},"up":{"uv":[4.1875,6.5,4.09375,6.0625],"tintindex":0,"rotation":0,"texture":"#0"},"down":{"uv":[4.84375,6.75,4.75,7.1875],"tintindex":0,"rotation":0,"texture":"#0"}},"rotation":{"origin":[3.0,-6.0,22.5],"angle":-45.0,"axis":"x"}},{"from":[7.875,19.75,7.25],"to":[10.125,22.0,11.0],"faces":{"east":{"uv":[7.75,2.0625,8.0,2.21875],"tintindex":0,"rotation":0,"texture":"#0"},"south":{"uv":[0.84375,4.75,1.0,4.90625],"tintindex":0,"rotation":0,"texture":"#0"},"north":{"uv":[4.46875,1.5,4.625,1.65625],"tintindex":0,"rotation":0,"texture":"#0"},"west":{"uv":[2.09375,7.78125,2.34375,7.9375],"tintindex":0,"rotation":0,"texture":"#0"},"up":{"uv":[2.84375,6.03125,2.6875,5.78125],"tintindex":0,"rotation":0,"texture":"#0"},"down":{"uv":[0.9375,7.78125,0.78125,8.03125],"tintindex":0,"rotation":0,"texture":"#0"}},"rotation":{"origin":[3.0,-6.0,22.5],"angle":-45.0,"axis":"x"}},{"from":[4.125,4.5,5.0],"to":[11.875,11.5,12.0],"faces":{"east":{"uv":[2.34375,4.96875,2.78125,5.40625],"tintindex":0,"rotation":0,"texture":"#0"},"south":{"uv":[0.0,4.3125,0.5,4.75],"tintindex":0,"rotation":0,"texture":"#0"},"north":{"uv":[4.21875,4.21875,4.71875,4.65625],"tintindex":0,"rotation":0,"texture":"#0"},"west":{"uv":[2.78125,4.96875,3.21875,5.40625],"tintindex":0,"rotation":0,"texture":"#0"},"up":{"uv":[1.0,4.75,0.5,4.3125],"tintindex":0,"rotation":0,"texture":"#0"},"down":{"uv":[2.21875,4.3125,1.71875,4.75],"tintindex":0,"rotation":0,"texture":"#0"}}},{"from":[6.0,3.5,2.0],"to":[9.5,6.5,9.0],"faces":{"east":{"uv":[5.75,2.0,6.1875,2.1875],"tintindex":0,"rotation":0,"texture":"#0"},"south":{"uv":[7.71875,6.15625,7.9375,6.34375],"tintindex":0,"rotation":0,"texture":"#0"},"north":{"uv":[7.71875,4.40625,7.9375,4.59375],"tintindex":0,"rotation":0,"texture":"#0"},"west":{"uv":[7.28125,0.0,7.71875,0.1875],"tintindex":0,"rotation":0,"texture":"#0"},"up":{"uv":[2.71875,7.3125,2.5,6.875],"tintindex":0,"rotation":0,"texture":"#0"},"down":{"uv":[2.9375,6.875,2.71875,7.3125],"tintindex":0,"rotation":0,"texture":"#0"}},"rotation":{"origin":[3.0,-6.0,22.5],"angle":22.5,"axis":"x"}}],"display":{"gui":{"rotation":[30,225,0]}}}