{
  "minecraft:recipes/decorations/crafting_table": {
    "criteria": {
      "unlock_right_away": "2024-08-20 07:41:54 +0000"
    },
    "done": true
  },
  "minecraft:adventure/adventuring_time": {
    "criteria": {
      "minecraft:windswept_hills": "2024-08-20 07:49:17 +0000",
      "minecraft:beach": "2024-08-20 07:42:59 +0000",
      "minecraft:flower_forest": "2024-08-20 07:42:57 +0000",
      "minecraft:plains": "2024-08-20 07:41:55 +0000"
    },
    "done": false
  },
  "minecraft:adventure/root": {
    "criteria": {
      "killed_by_something": "2024-08-20 07:45:00 +0000"
    },
    "done": true
  },
  "DataVersion": 3465
}