{
  "minecraft:recipes/decorations/crafting_table": {
    "criteria": {
      "unlock_right_away": "2024-08-21 04:17:59 +0000"
    },
    "done": true
  },
  "minecraft:adventure/adventuring_time": {
    "criteria": {
      "minecraft:river": "2024-08-21 04:22:38 +0000",
      "minecraft:forest": "2024-08-21 04:21:51 +0000",
      "minecraft:jungle": "2024-08-21 04:18:00 +0000",
      "minecraft:plains": "2024-08-21 04:22:44 +0000"
    },
    "done": false
  },
  "minecraft:adventure/root": {
    "criteria": {
      "killed_something": "2024-08-21 05:13:38 +0000"
    },
    "done": true
  },
  "DataVersion": 3465
}