{"textures":{"0":"modelengine:entity/blue_explosion_large"},"elements":[{"from":[14.200001,8.0,0.0],"to":[14.200001,30.4,16.400002],"faces":{"east":{"uv":[0.0,0.0,16.0,16.0],"tintindex":0,"rotation":0,"texture":"#0"},"west":{"uv":[16.0,0.0,0.0,16.0],"tintindex":0,"rotation":0,"texture":"#0"}}},{"from":[6.0,8.0,8.2],"to":[22.400002,30.4,8.2],"faces":{"south":{"uv":[16.0,0.0,0.0,16.0],"tintindex":0,"rotation":0,"texture":"#0"},"north":{"uv":[0.0,0.0,16.0,16.0],"tintindex":0,"rotation":0,"texture":"#0"}}}],"display":{"gui":{"rotation":[30,225,0]}}}