{"elements":[{"from":[-0.80000114,-12.799999,8.4],"to":[32.0,32.0,8.4],"rotation":{"angle":0.0,"axis":"y","origin":[3.1999989,-12.799999,8.0]},"faces":{"east":{"uv":[0.0,0.0,0.0,16.0],"rotation":0,"texture":"#missing","tintindex":0},"south":{"uv":[16.0,0.0,0.0,16.0],"rotation":0,"texture":"#0","tintindex":0},"north":{"uv":[0.0,0.0,16.0,16.0],"rotation":0,"texture":"#0","tintindex":0},"west":{"uv":[0.0,0.0,0.0,16.0],"rotation":0,"texture":"#missing","tintindex":0},"up":{"uv":[0.0,0.0,16.0,0.0],"rotation":0,"texture":"#missing","tintindex":0},"down":{"uv":[0.0,0.0,16.0,0.0],"rotation":0,"texture":"#missing","tintindex":0}}},{"from":[15.599999,-12.799999,-8.0],"to":[15.599999,32.0,24.800001],"rotation":{"angle":0.0,"axis":"y","origin":[15.999999,-12.799999,-4.0]},"faces":{"east":{"uv":[0.0,0.0,16.0,16.0],"rotation":0,"texture":"#0","tintindex":0},"south":{"uv":[0.0,0.0,0.0,16.0],"rotation":0,"texture":"#missing","tintindex":0},"north":{"uv":[0.0,0.0,0.0,16.0],"rotation":0,"texture":"#missing","tintindex":0},"west":{"uv":[16.0,0.0,0.0,16.0],"rotation":0,"texture":"#0","tintindex":0},"up":{"uv":[0.0,0.0,16.0,0.0],"rotation":90,"texture":"#missing","tintindex":0},"down":{"uv":[0.0,0.0,16.0,0.0],"rotation":270,"texture":"#missing","tintindex":0}}}],"textures":{"0":"modelengine:entity/blue_explosion_large"},"display":{"head":{"translation":[19.200005,76.799995,0.0],"scale":[4.0,4.0,4.0]}}}