{
	"credit": "Made by PolygonMC",
	"textures": {
		"1": "noraset/animations/animations_5",
		"2": "noraset/fishing_rod_cast",
		"particle": "noraset/animations/animations_5"
	},
	"elements": [
		{
			"from": [7.5, 1, 7.5],
			"to": [8.5, 2, 8.5],
			"rotation": {"angle": 0, "axis": "y", "origin": [7.5, 0, 7.5]},
			"faces": {
				"north": {"uv": [6, 9.33333, 6.66667, 10], "texture": "#2"},
				"east": {"uv": [6.66667, 9.33333, 7.33333, 10], "texture": "#2"},
				"south": {"uv": [9.33333, 6.66667, 10, 7.33333], "texture": "#2"},
				"west": {"uv": [7.33333, 9.33333, 8, 10], "texture": "#2"},
				"up": {"uv": [10, 8, 9.33333, 7.33333], "texture": "#2"},
				"down": {"uv": [8.66667, 9.33333, 8, 10], "texture": "#2"}
			}
		},
		{
			"from": [7.4, 0.5, 7.4],
			"to": [8.6, 1, 8.6],
			"rotation": {"angle": 0, "axis": "y", "origin": [7.5, -1, 7.5]},
			"faces": {
				"north": {"uv": [11.33333, 3.33333, 12, 3.66667], "texture": "#2"},
				"east": {"uv": [11.33333, 4, 12, 4.33333], "texture": "#2"},
				"south": {"uv": [4.66667, 11.33333, 5.33333, 11.66667], "texture": "#2"},
				"west": {"uv": [11.33333, 4.66667, 12, 5], "texture": "#2"},
				"up": {"uv": [10, 8.66667, 9.33333, 8], "texture": "#2"},
				"down": {"uv": [9.33333, 9.33333, 8.66667, 10], "texture": "#2"}
			}
		},
		{
			"from": [7.4, 5.2, 7.4],
			"to": [8.6, 5.95, 8.6],
			"rotation": {"angle": 0, "axis": "y", "origin": [7.5, 3.7, 7.5]},
			"faces": {
				"north": {"uv": [9.33333, 8.66667, 10, 9.33333], "texture": "#2"},
				"east": {"uv": [9.33333, 9.33333, 10, 10], "texture": "#2"},
				"south": {"uv": [0, 10, 0.66667, 10.66667], "texture": "#2"},
				"west": {"uv": [10, 0, 10.66667, 0.66667], "texture": "#2"},
				"up": {"uv": [1.33333, 10.66667, 0.66667, 10], "texture": "#2"},
				"down": {"uv": [10.66667, 0.66667, 10, 1.33333], "texture": "#2"}
			}
		},
		{
			"from": [7.47, -0.28, 7.47],
			"to": [8.53, 0.78, 8.53],
			"rotation": {"angle": -45, "axis": "x", "origin": [8, 0.25, 8]},
			"faces": {
				"north": {"uv": [1.33333, 10, 2, 10.66667], "texture": "#2"},
				"east": {"uv": [10, 1.33333, 10.66667, 2], "texture": "#2"},
				"south": {"uv": [2, 10, 2.66667, 10.66667], "texture": "#2"},
				"west": {"uv": [10, 2, 10.66667, 2.66667], "texture": "#2"},
				"up": {"uv": [3.33333, 10.66667, 2.66667, 10], "texture": "#2"},
				"down": {"uv": [10.66667, 2.66667, 10, 3.33333], "texture": "#2"}
			}
		},
		{
			"from": [7.4, 2, 7.4],
			"to": [8.6, 3.2, 8.6],
			"rotation": {"angle": 0, "axis": "y", "origin": [7.5, 0.1, 7.5]},
			"faces": {
				"north": {"uv": [3.33333, 10, 4, 10.66667], "texture": "#2"},
				"east": {"uv": [10, 3.33333, 10.66667, 4], "texture": "#2"},
				"south": {"uv": [4, 10, 4.66667, 10.66667], "texture": "#2"},
				"west": {"uv": [10, 4, 10.66667, 4.66667], "texture": "#2"},
				"up": {"uv": [5.33333, 10.66667, 4.66667, 10], "texture": "#2"},
				"down": {"uv": [10.66667, 4.66667, 10, 5.33333], "texture": "#2"}
			}
		},
		{
			"from": [7.5, 3.2, 7.5],
			"to": [8.5, 5.2, 8.5],
			"rotation": {"angle": 0, "axis": "y", "origin": [7.5, 0.2, 7.5]},
			"faces": {
				"north": {"uv": [6, 5.33333, 6.66667, 6.66667], "texture": "#2"},
				"east": {"uv": [3.33333, 6.66667, 4, 8], "texture": "#2"},
				"south": {"uv": [4, 6.66667, 4.66667, 8], "texture": "#2"},
				"west": {"uv": [4.66667, 6.66667, 5.33333, 8], "texture": "#2"},
				"up": {"uv": [6, 10.66667, 5.33333, 10], "texture": "#2"},
				"down": {"uv": [10.66667, 5.33333, 10, 6], "texture": "#2"}
			}
		},
		{
			"from": [7.25, 5.75, 8],
			"to": [8.75, 7.75, 10],
			"rotation": {"angle": -45, "axis": "x", "origin": [7.5, 5.75, 8]},
			"faces": {
				"north": {"uv": [4.66667, 0, 5.66667, 1.33333], "texture": "#2"},
				"east": {"uv": [3.33333, 0, 4.66667, 1.33333], "texture": "#2"},
				"south": {"uv": [4.66667, 1.33333, 5.66667, 2.66667], "texture": "#2"},
				"west": {"uv": [3.33333, 1.33333, 4.66667, 2.66667], "texture": "#2"},
				"up": {"uv": [5.66667, 4, 4.66667, 2.66667], "texture": "#2"},
				"down": {"uv": [5.66667, 4, 4.66667, 5.33333], "texture": "#2"}
			}
		},
		{
			"from": [7, 6, 8.25],
			"to": [9, 7.5, 9.75],
			"rotation": {"angle": -45, "axis": "x", "origin": [7.5, 5.75, 8]},
			"faces": {
				"north": {"uv": [3.33333, 5.33333, 4.66667, 6.33333], "texture": "#2"},
				"east": {"uv": [6, 2.66667, 7, 3.66667], "texture": "#2"},
				"south": {"uv": [4.66667, 5.33333, 6, 6.33333], "texture": "#2"},
				"west": {"uv": [6, 4, 7, 5], "texture": "#2"},
				"up": {"uv": [7.33333, 1, 6, 0], "texture": "#2"},
				"down": {"uv": [7.33333, 1.33333, 6, 2.33333], "texture": "#2"}
			}
		},
		{
			"from": [7.35, 5.55, 7.4],
			"to": [8.65, 6.75, 8.6],
			"rotation": {"angle": -45, "axis": "x", "origin": [8, 6.15, 8]},
			"faces": {
				"north": {"uv": [6.66667, 8, 7.66667, 8.66667], "texture": "#2"},
				"east": {"uv": [6, 10, 6.66667, 10.66667], "texture": "#2"},
				"south": {"uv": [8, 6.66667, 9, 7.33333], "texture": "#2"},
				"west": {"uv": [10, 6, 10.66667, 6.66667], "texture": "#2"},
				"up": {"uv": [9, 8, 8, 7.33333], "texture": "#2"},
				"down": {"uv": [9, 8, 8, 8.66667], "texture": "#2"}
			}
		},
		{
			"from": [7.2, 5.75, 7.6],
			"to": [8.8, 6.55, 8.4],
			"rotation": {"angle": -45, "axis": "x", "origin": [8, 6.15, 8]},
			"faces": {
				"north": {"uv": [0, 8.66667, 1, 9.33333], "texture": "#2"},
				"east": {"uv": [6.66667, 10, 7.33333, 10.66667], "texture": "#2"},
				"south": {"uv": [8.66667, 0, 9.66667, 0.66667], "texture": "#2"},
				"west": {"uv": [10, 6.66667, 10.66667, 7.33333], "texture": "#2"},
				"up": {"uv": [9.66667, 1.33333, 8.66667, 0.66667], "texture": "#2"},
				"down": {"uv": [2.33333, 8.66667, 1.33333, 9.33333], "texture": "#2"}
			}
		},
		{
			"from": [7.2, 7.7, 7.6],
			"to": [8.8, 8.5, 8.4],
			"rotation": {"angle": 45, "axis": "x", "origin": [8, 8.1, 8]},
			"faces": {
				"north": {"uv": [6.66667, 8.66667, 7.66667, 9.33333], "texture": "#2"},
				"east": {"uv": [10.66667, 2, 11.33333, 2.66667], "texture": "#2"},
				"south": {"uv": [8, 8.66667, 9, 9.33333], "texture": "#2"},
				"west": {"uv": [2.66667, 10.66667, 3.33333, 11.33333], "texture": "#2"},
				"up": {"uv": [1, 10, 0, 9.33333], "texture": "#2"},
				"down": {"uv": [2.33333, 9.33333, 1.33333, 10], "texture": "#2"}
			}
		},
		{
			"from": [7.35, 7.5, 7.4],
			"to": [8.65, 8.7, 8.6],
			"rotation": {"angle": 45, "axis": "x", "origin": [8, 8.1, 8]},
			"faces": {
				"north": {"uv": [8.66667, 4, 9.66667, 4.66667], "texture": "#2"},
				"east": {"uv": [10.66667, 1.33333, 11.33333, 2], "texture": "#2"},
				"south": {"uv": [8.66667, 4.66667, 9.66667, 5.33333], "texture": "#2"},
				"west": {"uv": [2, 10.66667, 2.66667, 11.33333], "texture": "#2"},
				"up": {"uv": [9.66667, 6, 8.66667, 5.33333], "texture": "#2"},
				"down": {"uv": [9.66667, 6, 8.66667, 6.66667], "texture": "#2"}
			}
		},
		{
			"from": [7.4, 8.3, 7.4],
			"to": [8.6, 9.05, 8.6],
			"rotation": {"angle": 0, "axis": "y", "origin": [7.5, 10.55, 7.5]},
			"faces": {
				"north": {"uv": [10, 10, 10.66667, 10.66667], "texture": "#2"},
				"east": {"uv": [0, 10.66667, 0.66667, 11.33333], "texture": "#2"},
				"south": {"uv": [10.66667, 0, 11.33333, 0.66667], "texture": "#2"},
				"west": {"uv": [0.66667, 10.66667, 1.33333, 11.33333], "texture": "#2"},
				"up": {"uv": [11.33333, 1.33333, 10.66667, 0.66667], "texture": "#2"},
				"down": {"uv": [2, 10.66667, 1.33333, 11.33333], "texture": "#2"}
			}
		},
		{
			"from": [7.5, 9.05, 7.5],
			"to": [8.5, 11.05, 8.5],
			"rotation": {"angle": 0, "axis": "y", "origin": [7.5, 14.05, 7.5]},
			"faces": {
				"north": {"uv": [7.33333, 0, 8, 1.33333], "texture": "#2"},
				"east": {"uv": [7.33333, 1.33333, 8, 2.66667], "texture": "#2"},
				"south": {"uv": [7.33333, 2.66667, 8, 4], "texture": "#2"},
				"west": {"uv": [7.33333, 4, 8, 5.33333], "texture": "#2"},
				"up": {"uv": [10, 10.66667, 9.33333, 10], "texture": "#2"},
				"down": {"uv": [10.66667, 9.33333, 10, 10], "texture": "#2"}
			}
		},
		{
			"from": [7.5, 12.25, 7.5],
			"to": [8.5, 14.25, 8.5],
			"rotation": {"angle": 0, "axis": "x", "origin": [8, 13.25, 8]},
			"faces": {
				"north": {"uv": [7.33333, 5.33333, 8, 6.66667], "texture": "#2"},
				"east": {"uv": [7.33333, 6.66667, 8, 8], "texture": "#2"},
				"south": {"uv": [8, 0, 8.66667, 1.33333], "texture": "#2"},
				"west": {"uv": [8, 1.33333, 8.66667, 2.66667], "texture": "#2"},
				"up": {"uv": [11.33333, 3.33333, 10.66667, 2.66667], "texture": "#2"},
				"down": {"uv": [4, 10.66667, 3.33333, 11.33333], "texture": "#2"}
			}
		},
		{
			"from": [7.5, 15.45, 7.5],
			"to": [8.5, 17.45, 8.5],
			"rotation": {"angle": 0, "axis": "x", "origin": [8, 16.45, 8]},
			"faces": {
				"north": {"uv": [8, 2.66667, 8.66667, 4], "texture": "#2"},
				"east": {"uv": [3.33333, 8, 4, 9.33333], "texture": "#2"},
				"south": {"uv": [4, 8, 4.66667, 9.33333], "texture": "#2"},
				"west": {"uv": [8, 4, 8.66667, 5.33333], "texture": "#2"},
				"up": {"uv": [11.33333, 6, 10.66667, 5.33333], "texture": "#2"},
				"down": {"uv": [6.66667, 10.66667, 6, 11.33333], "texture": "#2"}
			}
		},
		{
			"from": [7.5, 18.35, 7.225],
			"to": [8.5, 20.35, 8.225],
			"rotation": {"angle": -22.5, "axis": "x", "origin": [8, 19.35, 7.725]},
			"faces": {
				"north": {"uv": [4.66667, 8, 5.33333, 9.33333], "texture": "#2"},
				"east": {"uv": [5.33333, 8, 6, 9.33333], "texture": "#2"},
				"south": {"uv": [8, 5.33333, 8.66667, 6.66667], "texture": "#2"},
				"west": {"uv": [6, 8, 6.66667, 9.33333], "texture": "#2"},
				"up": {"uv": [11.33333, 8.66667, 10.66667, 8], "texture": "#2"},
				"down": {"uv": [9.33333, 10.66667, 8.66667, 11.33333], "texture": "#2"}
			}
		},
		{
			"from": [7.4, 11.05, 7.4],
			"to": [8.6, 12.25, 8.6],
			"rotation": {"angle": 0, "axis": "y", "origin": [7.5, 14.15, 7.5]},
			"faces": {
				"north": {"uv": [7.33333, 10, 8, 10.66667], "texture": "#2"},
				"east": {"uv": [10, 7.33333, 10.66667, 8], "texture": "#2"},
				"south": {"uv": [8, 10, 8.66667, 10.66667], "texture": "#2"},
				"west": {"uv": [10, 8, 10.66667, 8.66667], "texture": "#2"},
				"up": {"uv": [9.33333, 10.66667, 8.66667, 10], "texture": "#2"},
				"down": {"uv": [10.66667, 8.66667, 10, 9.33333], "texture": "#2"}
			}
		},
		{
			"from": [7.4, 14.25, 7.4],
			"to": [8.6, 15.45, 8.6],
			"rotation": {"angle": 0, "axis": "y", "origin": [7.5, 17.35, 7.5]},
			"faces": {
				"north": {"uv": [10.66667, 3.33333, 11.33333, 4], "texture": "#2"},
				"east": {"uv": [4, 10.66667, 4.66667, 11.33333], "texture": "#2"},
				"south": {"uv": [10.66667, 4, 11.33333, 4.66667], "texture": "#2"},
				"west": {"uv": [4.66667, 10.66667, 5.33333, 11.33333], "texture": "#2"},
				"up": {"uv": [11.33333, 5.33333, 10.66667, 4.66667], "texture": "#2"},
				"down": {"uv": [6, 10.66667, 5.33333, 11.33333], "texture": "#2"}
			}
		},
		{
			"from": [7.4, 17.45, 7.4],
			"to": [8.6, 18.65, 8.6],
			"rotation": {"angle": 0, "axis": "y", "origin": [7.5, 20.55, 7.5]},
			"faces": {
				"north": {"uv": [10.66667, 6, 11.33333, 6.66667], "texture": "#2"},
				"east": {"uv": [6.66667, 10.66667, 7.33333, 11.33333], "texture": "#2"},
				"south": {"uv": [10.66667, 6.66667, 11.33333, 7.33333], "texture": "#2"},
				"west": {"uv": [7.33333, 10.66667, 8, 11.33333], "texture": "#2"},
				"up": {"uv": [11.33333, 8, 10.66667, 7.33333], "texture": "#2"},
				"down": {"uv": [8.66667, 10.66667, 8, 11.33333], "texture": "#2"}
			}
		},
		{
			"from": [7.235, 6.82446, 9.7724],
			"to": [8.765, 7.98446, 10.3524],
			"rotation": {"angle": -45, "axis": "x", "origin": [7.71, 7.98446, 9.7724]},
			"faces": {
				"north": {"uv": [8.66667, 1.33333, 9.66667, 2], "texture": "#2"},
				"east": {"uv": [5.33333, 11.33333, 5.66667, 12], "texture": "#2"},
				"south": {"uv": [8.66667, 2, 9.66667, 2.66667], "texture": "#2"},
				"west": {"uv": [11.33333, 5.33333, 11.66667, 6], "texture": "#2"},
				"up": {"uv": [3, 11.66667, 2, 11.33333], "texture": "#2"}
			}
		},
		{
			"from": [7.235, 7.50397, 9.7724],
			"to": [8.765, 8.08397, 10.3524],
			"rotation": {"angle": 45, "axis": "x", "origin": [7.71, 6.34397, 9.7724]},
			"faces": {
				"east": {"uv": [8, 11.33333, 8.33333, 11.66667], "texture": "#2"},
				"south": {"uv": [11.33333, 2, 12.33333, 2.33333], "texture": "#2"},
				"west": {"uv": [11.33333, 8, 11.66667, 8.33333], "texture": "#2"},
				"up": {"uv": [12.33333, 3, 11.33333, 2.66667], "texture": "#2"}
			}
		},
		{
			"from": [7.235, 6.34397, 9.7724],
			"to": [8.765, 7.50397, 10.3524],
			"rotation": {"angle": 45, "axis": "x", "origin": [7.71, 6.34397, 9.7724]},
			"faces": {
				"north": {"uv": [8.66667, 2.66667, 9.66667, 3.33333], "texture": "#2"},
				"east": {"uv": [6, 11.33333, 6.33333, 12], "texture": "#2"},
				"south": {"uv": [8.66667, 3.33333, 9.66667, 4], "texture": "#2"},
				"west": {"uv": [11.33333, 6, 11.66667, 6.66667], "texture": "#2"},
				"down": {"uv": [4.33333, 11.33333, 3.33333, 11.66667], "texture": "#2"}
			}
		},
		{
			"from": [7.5, 6.16421, 8.60133],
			"to": [8.5, 8.16421, 10.60133],
			"rotation": {"angle": 45, "axis": "x", "origin": [8, 7.16421, 9.60133]},
			"faces": {
				"north": {"uv": [5.33333, 6.66667, 6, 8], "texture": "#2"},
				"east": {"uv": [3.33333, 2.66667, 4.66667, 4], "texture": "#2"},
				"south": {"uv": [6.66667, 5.33333, 7.33333, 6.66667], "texture": "#2"},
				"west": {"uv": [3.33333, 4, 4.66667, 5.33333], "texture": "#2"},
				"up": {"uv": [6.66667, 8, 6, 6.66667], "texture": "#2"},
				"down": {"uv": [7.33333, 6.66667, 6.66667, 8], "texture": "#2"}
			}
		},
		{
			"from": [8, 7.775, 3.5],
			"to": [8, 20.275, 8],
			"rotation": {"angle": 0, "axis": "y", "origin": [8, 9.775, 4]},
			"faces": {
				"north": {"uv": [0, 0, 0, 8.33333], "texture": "#2"},
				"east": {"uv": [3, 0, 0, 8.33333], "texture": "#2"},
				"south": {"uv": [0, 0, 0, 8.33333], "texture": "#2"},
				"west": {"uv": [0, 0, 3, 8.33333], "texture": "#2"},
				"up": {"uv": [0, 3, 0, 0], "texture": "#2"},
				"down": {"uv": [0, 0, 0, 3], "texture": "#2"}
			}
		},
		{
			"from": [8.5, 9.775, 6],
			"to": [9, 10.275, 8],
			"rotation": {"angle": 0, "axis": "y", "origin": [7, 9.775, 6]},
			"faces": {
				"north": {"uv": [8.66667, 11.33333, 9, 11.66667], "texture": "#2"},
				"east": {"uv": [10.66667, 8.66667, 12, 9], "texture": "#2"},
				"south": {"uv": [9.33333, 11.33333, 9.66667, 11.66667], "texture": "#2"},
				"west": {"uv": [9.33333, 10.66667, 10.66667, 11], "texture": "#2"},
				"up": {"uv": [11, 10.66667, 10.66667, 9.33333], "texture": "#2"},
				"down": {"uv": [11, 10.66667, 10.66667, 12], "texture": "#2"}
			}
		},
		{
			"from": [7.5, 9.775, 6],
			"to": [8.5, 10.275, 6.5],
			"rotation": {"angle": 0, "axis": "y", "origin": [6.5, 9.775, 4.5]},
			"faces": {
				"north": {"uv": [6.66667, 11.66667, 7.33333, 12], "texture": "#2"},
				"east": {"uv": [11.33333, 10, 11.66667, 10.33333], "texture": "#2"},
				"south": {"uv": [6.66667, 12, 7.33333, 12.33333], "texture": "#2"},
				"west": {"uv": [11.33333, 10.66667, 11.66667, 11], "texture": "#2"},
				"up": {"uv": [8, 12, 7.33333, 11.66667], "texture": "#2"},
				"down": {"uv": [8, 12, 7.33333, 12.33333], "texture": "#2"}
			}
		},
		{
			"from": [7, 9.775, 6],
			"to": [7.5, 10.275, 8],
			"rotation": {"angle": 0, "axis": "y", "origin": [5.5, 9.775, 6]},
			"faces": {
				"north": {"uv": [11.33333, 9.33333, 11.66667, 9.66667], "texture": "#2"},
				"east": {"uv": [0, 11.33333, 1.33333, 11.66667], "texture": "#2"},
				"south": {"uv": [10, 11.33333, 10.33333, 11.66667], "texture": "#2"},
				"west": {"uv": [11.33333, 0, 12.66667, 0.33333], "texture": "#2"},
				"up": {"uv": [11.66667, 2, 11.33333, 0.66667], "texture": "#2"},
				"down": {"uv": [1.66667, 11.33333, 1.33333, 12.66667], "texture": "#2"}
			}
		},
		{
			"from": [8.5, 13.025, 6],
			"to": [9, 13.525, 8],
			"rotation": {"angle": 0, "axis": "y", "origin": [7, 13.025, 6]},
			"faces": {
				"north": {"uv": [8.66667, 11.33333, 9, 11.66667], "texture": "#2"},
				"east": {"uv": [10.66667, 8.66667, 12, 9], "texture": "#2"},
				"south": {"uv": [9.33333, 11.33333, 9.66667, 11.66667], "texture": "#2"},
				"west": {"uv": [9.33333, 10.66667, 10.66667, 11], "texture": "#2"},
				"up": {"uv": [11, 10.66667, 10.66667, 9.33333], "texture": "#2"},
				"down": {"uv": [11, 10.66667, 10.66667, 12], "texture": "#2"}
			}
		},
		{
			"from": [7.5, 13.025, 6],
			"to": [8.5, 13.525, 6.5],
			"rotation": {"angle": 0, "axis": "y", "origin": [6.5, 13.025, 4.5]},
			"faces": {
				"north": {"uv": [6.66667, 11.66667, 7.33333, 12], "texture": "#2"},
				"east": {"uv": [11.33333, 10, 11.66667, 10.33333], "texture": "#2"},
				"south": {"uv": [6.66667, 12, 7.33333, 12.33333], "texture": "#2"},
				"west": {"uv": [11.33333, 10.66667, 11.66667, 11], "texture": "#2"},
				"up": {"uv": [8, 12, 7.33333, 11.66667], "texture": "#2"},
				"down": {"uv": [8, 12, 7.33333, 12.33333], "texture": "#2"}
			}
		},
		{
			"from": [7, 13.025, 6],
			"to": [7.5, 13.525, 8],
			"rotation": {"angle": 0, "axis": "y", "origin": [5.5, 13.025, 6]},
			"faces": {
				"north": {"uv": [11.33333, 9.33333, 11.66667, 9.66667], "texture": "#2"},
				"east": {"uv": [0, 11.33333, 1.33333, 11.66667], "texture": "#2"},
				"south": {"uv": [10, 11.33333, 10.33333, 11.66667], "texture": "#2"},
				"west": {"uv": [11.33333, 0, 12.66667, 0.33333], "texture": "#2"},
				"up": {"uv": [11.66667, 2, 11.33333, 0.66667], "texture": "#2"},
				"down": {"uv": [1.66667, 11.33333, 1.33333, 12.66667], "texture": "#2"}
			}
		},
		{
			"from": [8.5, 16.225, 6],
			"to": [9, 16.725, 8],
			"rotation": {"angle": 0, "axis": "y", "origin": [7, 16.225, 6]},
			"faces": {
				"north": {"uv": [8.66667, 11.33333, 9, 11.66667], "texture": "#2"},
				"east": {"uv": [10.66667, 8.66667, 12, 9], "texture": "#2"},
				"south": {"uv": [9.33333, 11.33333, 9.66667, 11.66667], "texture": "#2"},
				"west": {"uv": [9.33333, 10.66667, 10.66667, 11], "texture": "#2"},
				"up": {"uv": [11, 10.66667, 10.66667, 9.33333], "texture": "#2"},
				"down": {"uv": [11, 10.66667, 10.66667, 12], "texture": "#2"}
			}
		},
		{
			"from": [7.5, 16.225, 6],
			"to": [8.5, 16.725, 6.5],
			"rotation": {"angle": 0, "axis": "y", "origin": [6.5, 16.225, 4.5]},
			"faces": {
				"north": {"uv": [6.66667, 11.66667, 7.33333, 12], "texture": "#2"},
				"east": {"uv": [11.33333, 10, 11.66667, 10.33333], "texture": "#2"},
				"south": {"uv": [6.66667, 12, 7.33333, 12.33333], "texture": "#2"},
				"west": {"uv": [11.33333, 10.66667, 11.66667, 11], "texture": "#2"},
				"up": {"uv": [8, 12, 7.33333, 11.66667], "texture": "#2"},
				"down": {"uv": [8, 12, 7.33333, 12.33333], "texture": "#2"}
			}
		},
		{
			"from": [7, 16.225, 6],
			"to": [7.5, 16.725, 8],
			"rotation": {"angle": 0, "axis": "y", "origin": [5.5, 16.225, 6]},
			"faces": {
				"north": {"uv": [11.33333, 9.33333, 11.66667, 9.66667], "texture": "#2"},
				"east": {"uv": [0, 11.33333, 1.33333, 11.66667], "texture": "#2"},
				"south": {"uv": [10, 11.33333, 10.33333, 11.66667], "texture": "#2"},
				"west": {"uv": [11.33333, 0, 12.66667, 0.33333], "texture": "#2"},
				"up": {"uv": [11.66667, 2, 11.33333, 0.66667], "texture": "#2"},
				"down": {"uv": [1.66667, 11.33333, 1.33333, 12.66667], "texture": "#2"}
			}
		},
		{
			"from": [8.5, 19.025, 5.7],
			"to": [9, 19.525, 7.7],
			"rotation": {"angle": -22.5, "axis": "x", "origin": [8, 19.275, 6.7]},
			"faces": {
				"north": {"uv": [8.66667, 11.33333, 9, 11.66667], "texture": "#2"},
				"east": {"uv": [10.66667, 8.66667, 12, 9], "texture": "#2"},
				"south": {"uv": [9.33333, 11.33333, 9.66667, 11.66667], "texture": "#2"},
				"west": {"uv": [9.33333, 10.66667, 10.66667, 11], "texture": "#2"},
				"up": {"uv": [11, 10.66667, 10.66667, 9.33333], "texture": "#2"},
				"down": {"uv": [11, 10.66667, 10.66667, 12], "texture": "#2"}
			}
		},
		{
			"from": [7.5, 19.025, 5.7],
			"to": [8.5, 19.525, 6.2],
			"rotation": {"angle": -22.5, "axis": "x", "origin": [8, 19.275, 6.7]},
			"faces": {
				"north": {"uv": [6.66667, 11.66667, 7.33333, 12], "texture": "#2"},
				"east": {"uv": [11.33333, 10, 11.66667, 10.33333], "texture": "#2"},
				"south": {"uv": [6.66667, 12, 7.33333, 12.33333], "texture": "#2"},
				"west": {"uv": [11.33333, 10.66667, 11.66667, 11], "texture": "#2"},
				"up": {"uv": [8, 12, 7.33333, 11.66667], "texture": "#2"},
				"down": {"uv": [8, 12, 7.33333, 12.33333], "texture": "#2"}
			}
		},
		{
			"from": [7, 19.025, 5.7],
			"to": [7.5, 19.525, 7.7],
			"rotation": {"angle": -22.5, "axis": "x", "origin": [8, 19.275, 6.7]},
			"faces": {
				"north": {"uv": [11.33333, 9.33333, 11.66667, 9.66667], "texture": "#2"},
				"east": {"uv": [0, 11.33333, 1.33333, 11.66667], "texture": "#2"},
				"south": {"uv": [10, 11.33333, 10.33333, 11.66667], "texture": "#2"},
				"west": {"uv": [11.33333, 0, 12.66667, 0.33333], "texture": "#2"},
				"up": {"uv": [11.66667, 2, 11.33333, 0.66667], "texture": "#2"},
				"down": {"uv": [1.66667, 11.33333, 1.33333, 12.66667], "texture": "#2"}
			}
		},
		{
			"from": [6.9, 7, 6],
			"to": [6.9, 20, 10],
			"faces": {
				"west": {"uv": [0, 0, 4, 13], "texture": "#1"}
			}
		},
		{
			"from": [9.1, 7, 6],
			"to": [9.1, 20, 10],
			"rotation": {"angle": 0, "axis": "y", "origin": [16, 0, 0]},
			"faces": {
				"east": {"uv": [4, 0, 0, 13], "texture": "#1"}
			}
		}
	],
	"gui_light": "front",
	"display": {
		"thirdperson_righthand": {
			"rotation": [18.75, 0, 0],
			"translation": [0, 2.25, 2.25]
		},
		"thirdperson_lefthand": {
			"rotation": [18.75, 0, 0],
			"translation": [0, 2.25, 2.25]
		},
		"firstperson_righthand": {
			"rotation": [-66, 4, -29],
			"translation": [-3, 4.75, 4.5]
		},
		"firstperson_lefthand": {
			"rotation": [-66, 4, -29],
			"translation": [-3, 4.75, 4.5]
		},
		"ground": {
			"rotation": [-45, 0, 0],
			"translation": [0, 8.5, 2.75]
		},
		"gui": {
			"rotation": [-90, 45, 90],
			"translation": [2.25, -1.5, 0],
			"scale": [0.98047, 0.98047, 0.98047]
		},
		"head": {
			"scale": [0, 0, 0]
		},
		"fixed": {
			"rotation": [0, -90, 0],
			"translation": [0, -8.5, -1.25],
			"scale": [3, 3, 3]
		}
	}
}