{"credit":"MadebyPolygonMC","texture_size":[24,24],"textures":{"1":"noraset/animations/animations_6","2":"noraset/greatsword","particle":"noraset/animations/animations_6"},"elements":[{"from":[7.5,1,7.5],"to":[8.5,2,8.5],"rotation":{"angle":0,"axis":"y","origin":[7.5,0,7.5]},"faces":{"north":{"uv":[9.5,7,10,7.5],"texture":"#2"},"east":{"uv":[10.5,4.5,11,5],"texture":"#2"},"south":{"uv":[10.5,5,11,5.5],"texture":"#2"},"west":{"uv":[10.5,5.5,11,6],"texture":"#2"},"up":{"uv":[11,6.5,10.5,6],"texture":"#2"},"down":{"uv":[11,6.5,10.5,7],"texture":"#2"}}},{"from":[7.4,0.5,7.4],"to":[8.6,1,8.6],"rotation":{"angle":0,"axis":"y","origin":[7.5,-1,7.5]},"faces":{"north":{"uv":[11.5,2.5,12,2.75],"texture":"#2"},"east":{"uv":[3,11.5,3.5,11.75],"texture":"#2"},"south":{"uv":[11.5,3,12,3.25],"texture":"#2"},"west":{"uv":[3.5,11.5,4,11.75],"texture":"#2"},"up":{"uv":[11,7.5,10.5,7],"texture":"#2"},"down":{"uv":[8,10.5,7.5,11],"texture":"#2"}}},{"from":[7.4,5.2,7.4],"to":[8.6,5.95,8.6],"rotation":{"angle":0,"axis":"y","origin":[7.5,3.7,7.5]},"faces":{"north":{"uv":[10.5,7.5,11,8],"texture":"#2"},"east":{"uv":[8,10.5,8.5,11],"texture":"#2"},"south":{"uv":[9,10.5,9.5,11],"texture":"#2"},"west":{"uv":[9.5,10.5,10,11],"texture":"#2"},"up":{"uv":[10.5,11,10,10.5],"texture":"#2"},"down":{"uv":[11,10.5,10.5,11],"texture":"#2"}}},{"from":[7.47,-0.28,7.47],"to":[8.53,0.78,8.53],"rotation":{"angle":-45,"axis":"x","origin":[8,0.25,8]},"faces":{"north":{"uv":[0,11,0.5,11.5],"texture":"#2"},"east":{"uv":[0.5,11,1,11.5],"texture":"#2"},"south":{"uv":[1,11,1.5,11.5],"texture":"#2"},"west":{"uv":[1.5,11,2,11.5],"texture":"#2"},"up":{"uv":[2.5,11.5,2,11],"texture":"#2"},"down":{"uv":[3,11,2.5,11.5],"texture":"#2"}}},{"from":[7.4,2,7.4],"to":[8.6,3.2,8.6],"rotation":{"angle":0,"axis":"y","origin":[7.5,0.1,7.5]},"faces":{"north":{"uv":[3,11,3.5,11.5],"texture":"#2"},"east":{"uv":[11,3,11.5,3.5],"texture":"#2"},"south":{"uv":[3.5,11,4,11.5],"texture":"#2"},"west":{"uv":[11,3.5,11.5,4],"texture":"#2"},"up":{"uv":[4.5,11.5,4,11],"texture":"#2"},"down":{"uv":[11.5,4,11,4.5],"texture":"#2"}}},{"from":[7.5,3.2,7.5],"to":[8.5,5.2,8.5],"rotation":{"angle":0,"axis":"y","origin":[7.5,0.2,7.5]},"faces":{"north":{"uv":[8.5,9,9,10],"texture":"#2"},"east":{"uv":[9,8.5,9.5,9.5],"texture":"#2"},"south":{"uv":[9.5,0,10,1],"texture":"#2"},"west":{"uv":[9.5,1,10,2],"texture":"#2"},"up":{"uv":[5,11.5,4.5,11],"texture":"#2"},"down":{"uv":[11.5,4.5,11,5],"texture":"#2"}}},{"from":[7.25,5.75,8],"to":[8.75,7.75,10],"rotation":{"angle":-45,"axis":"x","origin":[7.5,5.75,8]},"faces":{"north":{"uv":[7,8,7.75,9],"texture":"#2"},"east":{"uv":[7,5,8,6],"texture":"#2"},"south":{"uv":[8,7,8.75,8],"texture":"#2"},"west":{"uv":[7,6,8,7],"texture":"#2"},"up":{"uv":[8.75,9,8,8],"texture":"#2"},"down":{"uv":[9.25,0,8.5,1],"texture":"#2"}}},{"from":[7,6,8.25],"to":[9,7.5,9.75],"rotation":{"angle":-45,"axis":"x","origin":[7.5,5.75,8]},"faces":{"north":{"uv":[8.5,1,9.5,1.75],"texture":"#2"},"east":{"uv":[7.5,9,8.25,9.75],"texture":"#2"},"south":{"uv":[8.5,2,9.5,2.75],"texture":"#2"},"west":{"uv":[9,7.5,9.75,8.25],"texture":"#2"},"up":{"uv":[9.5,3.75,8.5,3],"texture":"#2"},"down":{"uv":[9.5,4,8.5,4.75],"texture":"#2"}}},{"from":[7.35,5.55,7.4],"to":[8.65,6.75,8.6],"rotation":{"angle":-45,"axis":"x","origin":[8,6.15,8]},"faces":{"north":{"uv":[7.5,10,8.25,10.5],"texture":"#2"},"east":{"uv":[5,11,5.5,11.5],"texture":"#2"},"south":{"uv":[10,8,10.75,8.5],"texture":"#2"},"west":{"uv":[11,5,11.5,5.5],"texture":"#2"},"up":{"uv":[10.75,9,10,8.5],"texture":"#2"},"down":{"uv":[10.75,9,10,9.5],"texture":"#2"}}},{"from":[7.2,5.75,7.6],"to":[8.8,6.55,8.4],"rotation":{"angle":-45,"axis":"x","origin":[8,6.15,8]},"faces":{"north":{"uv":[10,9.5,10.75,10],"texture":"#2"},"east":{"uv":[5.5,11,6,11.5],"texture":"#2"},"south":{"uv":[10,10,10.75,10.5],"texture":"#2"},"west":{"uv":[11,5.5,11.5,6],"texture":"#2"},"up":{"uv":[0.75,11,0,10.5],"texture":"#2"},"down":{"uv":[11.25,0,10.5,0.5],"texture":"#2"}}},{"from":[7.6,7.87421,6.21],"to":[8.4,9.87421,8.21],"rotation":{"angle":-45,"axis":"x","origin":[8,9.66421,8]},"faces":{"north":{"uv":[9.5,2,10,3],"texture":"#2"},"east":{"uv":[7,7,8,8],"texture":"#2"},"south":{"uv":[9.5,3,10,4],"texture":"#2"},"west":{"uv":[7.5,0,8.5,1],"texture":"#2"},"up":{"uv":[10,5,9.5,4],"texture":"#2"},"down":{"uv":[10,5,9.5,6],"texture":"#2"}}},{"from":[7.235,6.82446,9.7724],"to":[8.765,7.98446,10.3524],"rotation":{"angle":-45,"axis":"x","origin":[7.71,7.98446,9.7724]},"faces":{"north":{"uv":[10.5,0.5,11.25,1],"texture":"#2"},"east":{"uv":[11.5,7.5,11.75,8],"texture":"#2"},"south":{"uv":[1,10.5,1.75,11],"texture":"#2"},"west":{"uv":[8,11.5,8.25,12],"texture":"#2"},"up":{"uv":[0.75,11.75,0,11.5],"texture":"#2"}}},{"from":[7.235,7.50397,9.7724],"to":[8.765,8.08397,10.3524],"rotation":{"angle":45,"axis":"x","origin":[7.71,6.34397,9.7724]},"faces":{"east":{"uv":[3,12,3.25,12.25],"texture":"#2"},"south":{"uv":[11.5,0,12.25,0.25],"texture":"#2"},"west":{"uv":[12,3,12.25,3.25],"texture":"#2"},"up":{"uv":[12.25,0.75,11.5,0.5],"texture":"#2"}}},{"from":[7.235,6.34397,9.7724],"to":[8.765,7.50397,10.3524],"rotation":{"angle":45,"axis":"x","origin":[7.71,6.34397,9.7724]},"faces":{"north":{"uv":[10.5,1,11.25,1.5],"texture":"#2"},"east":{"uv":[11.5,8,11.75,8.5],"texture":"#2"},"south":{"uv":[10.5,1.5,11.25,2],"texture":"#2"},"west":{"uv":[8.5,11.5,8.75,12],"texture":"#2"},"down":{"uv":[1.75,11.5,1,11.75],"texture":"#2"}}},{"from":[7.5,6.16421,8.60133],"to":[8.5,8.16421,10.60133],"rotation":{"angle":45,"axis":"x","origin":[8,7.16421,9.60133]},"faces":{"north":{"uv":[9.5,6,10,7],"texture":"#2"},"east":{"uv":[7.5,3,8.5,4],"texture":"#2"},"south":{"uv":[9.5,8.5,10,9.5],"texture":"#2"},"west":{"uv":[7.5,4,8.5,5],"texture":"#2"},"up":{"uv":[9.5,10.5,9,9.5],"texture":"#2"},"down":{"uv":[10,9.5,9.5,10.5],"texture":"#2"}}},{"from":[7.235,6.34397,5.6476],"to":[8.765,7.50397,6.2276],"rotation":{"angle":-45,"axis":"x","origin":[7.71,6.34397,6.2276]},"faces":{"north":{"uv":[2,10.5,2.75,11],"texture":"#2"},"east":{"uv":[11,11.5,11.25,12],"texture":"#2"},"south":{"uv":[10.5,2,11.25,2.5],"texture":"#2"},"west":{"uv":[11.5,11,11.75,11.5],"texture":"#2"},"down":{"uv":[12.25,1,11.5,1.25],"texture":"#2"}}},{"from":[7.235,7.50397,5.6476],"to":[8.765,8.08397,6.2276],"rotation":{"angle":-45,"axis":"x","origin":[7.71,6.34397,6.2276]},"faces":{"north":{"uv":[11.5,1.5,12.25,1.75],"texture":"#2"},"east":{"uv":[3.5,12,3.75,12.25],"texture":"#2"},"west":{"uv":[12,3.5,12.25,3.75],"texture":"#2"},"up":{"uv":[2.75,11.75,2,11.5],"texture":"#2"}}},{"from":[7.235,6.82446,5.6476],"to":[8.765,7.98446,6.2276],"rotation":{"angle":45,"axis":"x","origin":[7.71,7.98446,6.2276]},"faces":{"north":{"uv":[10.5,2.5,11.25,3],"texture":"#2"},"east":{"uv":[11.5,11.5,11.75,12],"texture":"#2"},"south":{"uv":[3,10.5,3.75,11],"texture":"#2"},"west":{"uv":[0,12,0.25,12.5],"texture":"#2"},"up":{"uv":[12.25,2.25,11.5,2],"texture":"#2"}}},{"from":[7.5,6.16421,5.39867],"to":[8.5,8.16421,7.39867],"rotation":{"angle":-45,"axis":"x","origin":[8,7.16421,6.39867]},"faces":{"north":{"uv":[10,0,10.5,1],"texture":"#2"},"east":{"uv":[8,5,9,6],"texture":"#2"},"south":{"uv":[10,1,10.5,2],"texture":"#2"},"west":{"uv":[8,6,9,7],"texture":"#2"},"up":{"uv":[10.5,3,10,2],"texture":"#2"},"down":{"uv":[10.5,3,10,4],"texture":"#2"}}},{"from":[7.775,7.56599,6.05],"to":[8.225,28.06599,9.35],"rotation":{"angle":0,"axis":"y","origin":[7.75,9.06599,6.7]},"faces":{"north":{"uv":[6,5,6.25,15.25],"texture":"#2"},"east":{"uv":[0,0,1.75,10.25],"texture":"#2"},"south":{"uv":[6.5,5,6.75,15.25],"texture":"#2"},"west":{"uv":[2,0,3.75,10.25],"texture":"#2"}}},{"from":[7.765,27.18382,6.85475],"to":[8.235,32,10.18475],"rotation":{"angle":45,"axis":"x","origin":[7.99,28.59632,7.51725]},"faces":{"north":{"uv":[9,5,9.25,7.25],"texture":"#2"},"east":{"uv":[6,0,7.25,2.25],"texture":"#2"},"south":{"uv":[7,9,7.25,11.25],"texture":"#2"},"west":{"uv":[6,2.5,7.25,4.75],"texture":"#2"},"up":{"uv":[8.75,11.25,8.5,10],"texture":"#2"},"down":{"uv":[10.75,3,10.5,4.25],"texture":"#2"}}},{"from":[7.47,7.93636,9.87121],"to":[8.53,10.05636,10.93121],"rotation":{"angle":-45,"axis":"x","origin":[7.47,7.93636,10.27121]},"faces":{"north":{"uv":[10,4,10.5,5],"texture":"#2"},"east":{"uv":[10,5,10.5,6],"texture":"#2"},"south":{"uv":[10,6,10.5,7],"texture":"#2"},"west":{"uv":[10,7,10.5,8],"texture":"#2"},"up":{"uv":[11.5,10.5,11,10],"texture":"#2"},"down":{"uv":[11,11,10.5,11.5],"texture":"#2"}}},{"from":[7.475,9.15258,8.4893],"to":[8.525,30.82258,9.5393],"rotation":{"angle":0,"axis":"x","origin":[8.005,10.21258,9.0193]},"faces":{"north":{"uv":[4,0,4.5,10.75],"texture":"#2"},"east":{"uv":[4.5,0,5,10.75],"texture":"#2"},"south":{"uv":[5,0,5.5,10.75],"texture":"#2"},"west":{"uv":[5.5,0,6,10.75],"texture":"#2"},"up":{"uv":[11.5,11,11,10.5],"texture":"#2"},"down":{"uv":[11.5,11,11,11.5],"texture":"#2"}}},{"from":[7.485,13.30129,8.3725],"to":[8.515,13.88129,9.5325],"rotation":{"angle":45,"axis":"x","origin":[8,13.51879,9.75]},"faces":{"north":{"uv":[11.5,3.5,12,3.75],"texture":"#2"},"east":{"uv":[4,11.5,4.5,11.75],"texture":"#2"},"west":{"uv":[11.5,4,12,4.25],"texture":"#2"},"up":{"uv":[11.5,6.5,11,6],"texture":"#2"},"down":{"uv":[11.5,6.5,11,7],"texture":"#2"}}},{"from":[7.485,13.30129,9.5325],"to":[8.515,13.88129,10.1125],"rotation":{"angle":45,"axis":"x","origin":[8,13.51879,9.75]},"faces":{"east":{"uv":[0.5,12,0.75,12.25],"texture":"#2"},"south":{"uv":[4.5,11.5,5,11.75],"texture":"#2"},"west":{"uv":[1,12,1.25,12.25],"texture":"#2"},"up":{"uv":[12,4.75,11.5,4.5],"texture":"#2"}}},{"from":[7.485,12.72129,10.6925],"to":[8.515,13.30129,11.2725],"rotation":{"angle":45,"axis":"x","origin":[8,13.51879,9.75]},"faces":{"north":{"uv":[5,11.5,5.5,11.75],"texture":"#2"},"east":{"uv":[1.5,12,1.75,12.25],"texture":"#2"},"south":{"uv":[11.5,5,12,5.25],"texture":"#2"},"west":{"uv":[2,12,2.25,12.25],"texture":"#2"},"up":{"uv":[6,11.75,5.5,11.5],"texture":"#2"}}},{"from":[7.485,14.46129,8.9525],"to":[8.515,15.04129,9.5325],"rotation":{"angle":45,"axis":"x","origin":[8,13.51879,9.75]},"faces":{"east":{"uv":[2.5,12,2.75,12.25],"texture":"#2"},"south":{"uv":[11.5,5.5,12,5.75],"texture":"#2"},"west":{"uv":[12,2.5,12.25,2.75],"texture":"#2"},"up":{"uv":[12,6.25,11.5,6],"texture":"#2"},"down":{"uv":[12,6.5,11.5,6.75],"texture":"#2"}}},{"from":[7.485,12.14129,9.5325],"to":[8.515,13.30129,10.1125],"rotation":{"angle":45,"axis":"x","origin":[8,13.51879,9.75]},"faces":{"north":{"uv":[11,7,11.5,7.5],"texture":"#2"},"east":{"uv":[7,11.5,7.25,12],"texture":"#2"},"south":{"uv":[7.5,11,8,11.5],"texture":"#2"},"west":{"uv":[11.5,7,11.75,7.5],"texture":"#2"},"down":{"uv":[8,11.5,7.5,11.75],"texture":"#2"}}},{"from":[7.485,12.14129,10.1125],"to":[8.515,12.72129,11.2725],"rotation":{"angle":45,"axis":"x","origin":[8,13.51879,9.75]},"faces":{"east":{"uv":[11.5,8.5,12,8.75],"texture":"#2"},"south":{"uv":[11.5,9,12,9.25],"texture":"#2"},"west":{"uv":[11.5,9.5,12,9.75],"texture":"#2"},"up":{"uv":[11.5,8,11,7.5],"texture":"#2"},"down":{"uv":[8.5,11,8,11.5],"texture":"#2"}}},{"from":[7.485,13.88129,8.3725],"to":[8.515,15.04129,8.9525],"rotation":{"angle":45,"axis":"x","origin":[8,13.51879,9.75]},"faces":{"north":{"uv":[11,8,11.5,8.5],"texture":"#2"},"east":{"uv":[11.5,10,11.75,10.5],"texture":"#2"},"south":{"uv":[11,8.5,11.5,9],"texture":"#2"},"west":{"uv":[10.5,11.5,10.75,12],"texture":"#2"},"up":{"uv":[12,10.75,11.5,10.5],"texture":"#2"}}},{"from":[7.75,12.5884,8.81961],"to":[8.25,14.5884,10.81961],"rotation":{"angle":45,"axis":"x","origin":[8,13.51879,9.75]},"faces":{"north":{"uv":[9,11,9.25,12],"texture":"#2"},"east":{"uv":[7.5,1,8.5,2],"texture":"#2"},"south":{"uv":[11,9,11.25,10],"texture":"#2"},"west":{"uv":[7.5,2,8.5,3],"texture":"#2"},"up":{"uv":[9.75,12,9.5,11],"texture":"#2"},"down":{"uv":[10.25,11,10,12],"texture":"#2"}}},{"from":[7.75,17.5884,8.81961],"to":[8.25,19.5884,10.81961],"rotation":{"angle":45,"axis":"x","origin":[8,18.51879,9.75]},"faces":{"north":{"uv":[9,11,9.25,12],"texture":"#2"},"east":{"uv":[7.5,1,8.5,2],"texture":"#2"},"south":{"uv":[11,9,11.25,10],"texture":"#2"},"west":{"uv":[7.5,2,8.5,3],"texture":"#2"},"up":{"uv":[9.75,12,9.5,11],"texture":"#2"},"down":{"uv":[10.25,11,10,12],"texture":"#2"}}},{"from":[7.485,18.88129,8.3725],"to":[8.515,20.04129,8.9525],"rotation":{"angle":45,"axis":"x","origin":[8,18.51879,9.75]},"faces":{"north":{"uv":[11,8,11.5,8.5],"texture":"#2"},"east":{"uv":[11.5,10,11.75,10.5],"texture":"#2"},"south":{"uv":[11,8.5,11.5,9],"texture":"#2"},"west":{"uv":[10.5,11.5,10.75,12],"texture":"#2"},"up":{"uv":[12,10.75,11.5,10.5],"texture":"#2"}}},{"from":[7.485,17.14129,10.1125],"to":[8.515,17.72129,11.2725],"rotation":{"angle":45,"axis":"x","origin":[8,18.51879,9.75]},"faces":{"east":{"uv":[11.5,8.5,12,8.75],"texture":"#2"},"south":{"uv":[11.5,9,12,9.25],"texture":"#2"},"west":{"uv":[11.5,9.5,12,9.75],"texture":"#2"},"up":{"uv":[11.5,8,11,7.5],"texture":"#2"},"down":{"uv":[8.5,11,8,11.5],"texture":"#2"}}},{"from":[7.485,17.14129,9.5325],"to":[8.515,18.30129,10.1125],"rotation":{"angle":45,"axis":"x","origin":[8,18.51879,9.75]},"faces":{"north":{"uv":[11,7,11.5,7.5],"texture":"#2"},"east":{"uv":[7,11.5,7.25,12],"texture":"#2"},"south":{"uv":[7.5,11,8,11.5],"texture":"#2"},"west":{"uv":[11.5,7,11.75,7.5],"texture":"#2"},"down":{"uv":[8,11.5,7.5,11.75],"texture":"#2"}}},{"from":[7.485,19.46129,8.9525],"to":[8.515,20.04129,9.5325],"rotation":{"angle":45,"axis":"x","origin":[8,18.51879,9.75]},"faces":{"east":{"uv":[2.5,12,2.75,12.25],"texture":"#2"},"south":{"uv":[11.5,5.5,12,5.75],"texture":"#2"},"west":{"uv":[12,2.5,12.25,2.75],"texture":"#2"},"up":{"uv":[12,6.25,11.5,6],"texture":"#2"},"down":{"uv":[12,6.5,11.5,6.75],"texture":"#2"}}},{"from":[7.485,17.72129,10.6925],"to":[8.515,18.30129,11.2725],"rotation":{"angle":45,"axis":"x","origin":[8,18.51879,9.75]},"faces":{"north":{"uv":[5,11.5,5.5,11.75],"texture":"#2"},"east":{"uv":[1.5,12,1.75,12.25],"texture":"#2"},"south":{"uv":[11.5,5,12,5.25],"texture":"#2"},"west":{"uv":[2,12,2.25,12.25],"texture":"#2"},"up":{"uv":[6,11.75,5.5,11.5],"texture":"#2"}}},{"from":[7.485,18.30129,9.5325],"to":[8.515,18.88129,10.1125],"rotation":{"angle":45,"axis":"x","origin":[8,18.51879,9.75]},"faces":{"east":{"uv":[0.5,12,0.75,12.25],"texture":"#2"},"south":{"uv":[4.5,11.5,5,11.75],"texture":"#2"},"west":{"uv":[1,12,1.25,12.25],"texture":"#2"},"up":{"uv":[12,4.75,11.5,4.5],"texture":"#2"}}},{"from":[7.485,18.30129,8.3725],"to":[8.515,18.88129,9.5325],"rotation":{"angle":45,"axis":"x","origin":[8,18.51879,9.75]},"faces":{"north":{"uv":[11.5,3.5,12,3.75],"texture":"#2"},"east":{"uv":[4,11.5,4.5,11.75],"texture":"#2"},"west":{"uv":[11.5,4,12,4.25],"texture":"#2"},"up":{"uv":[11.5,6.5,11,6],"texture":"#2"},"down":{"uv":[11.5,6.5,11,7],"texture":"#2"}}},{"from":[7.75,22.5884,8.81961],"to":[8.25,24.5884,10.81961],"rotation":{"angle":45,"axis":"x","origin":[8,23.51879,9.75]},"faces":{"north":{"uv":[9,11,9.25,12],"texture":"#2"},"east":{"uv":[7.5,1,8.5,2],"texture":"#2"},"south":{"uv":[11,9,11.25,10],"texture":"#2"},"west":{"uv":[7.5,2,8.5,3],"texture":"#2"},"up":{"uv":[9.75,12,9.5,11],"texture":"#2"},"down":{"uv":[10.25,11,10,12],"texture":"#2"}}},{"from":[7.485,23.88129,8.3725],"to":[8.515,25.04129,8.9525],"rotation":{"angle":45,"axis":"x","origin":[8,23.51879,9.75]},"faces":{"north":{"uv":[11,8,11.5,8.5],"texture":"#2"},"east":{"uv":[11.5,10,11.75,10.5],"texture":"#2"},"south":{"uv":[11,8.5,11.5,9],"texture":"#2"},"west":{"uv":[10.5,11.5,10.75,12],"texture":"#2"},"up":{"uv":[12,10.75,11.5,10.5],"texture":"#2"}}},{"from":[7.485,22.14129,10.1125],"to":[8.515,22.72129,11.2725],"rotation":{"angle":45,"axis":"x","origin":[8,23.51879,9.75]},"faces":{"east":{"uv":[11.5,8.5,12,8.75],"texture":"#2"},"south":{"uv":[11.5,9,12,9.25],"texture":"#2"},"west":{"uv":[11.5,9.5,12,9.75],"texture":"#2"},"up":{"uv":[11.5,8,11,7.5],"texture":"#2"},"down":{"uv":[8.5,11,8,11.5],"texture":"#2"}}},{"from":[7.485,22.14129,9.5325],"to":[8.515,23.30129,10.1125],"rotation":{"angle":45,"axis":"x","origin":[8,23.51879,9.75]},"faces":{"north":{"uv":[11,7,11.5,7.5],"texture":"#2"},"east":{"uv":[7,11.5,7.25,12],"texture":"#2"},"south":{"uv":[7.5,11,8,11.5],"texture":"#2"},"west":{"uv":[11.5,7,11.75,7.5],"texture":"#2"},"down":{"uv":[8,11.5,7.5,11.75],"texture":"#2"}}},{"from":[7.485,24.46129,8.9525],"to":[8.515,25.04129,9.5325],"rotation":{"angle":45,"axis":"x","origin":[8,23.51879,9.75]},"faces":{"east":{"uv":[2.5,12,2.75,12.25],"texture":"#2"},"south":{"uv":[11.5,5.5,12,5.75],"texture":"#2"},"west":{"uv":[12,2.5,12.25,2.75],"texture":"#2"},"up":{"uv":[12,6.25,11.5,6],"texture":"#2"},"down":{"uv":[12,6.5,11.5,6.75],"texture":"#2"}}},{"from":[7.485,22.72129,10.6925],"to":[8.515,23.30129,11.2725],"rotation":{"angle":45,"axis":"x","origin":[8,23.51879,9.75]},"faces":{"north":{"uv":[5,11.5,5.5,11.75],"texture":"#2"},"east":{"uv":[1.5,12,1.75,12.25],"texture":"#2"},"south":{"uv":[11.5,5,12,5.25],"texture":"#2"},"west":{"uv":[2,12,2.25,12.25],"texture":"#2"},"up":{"uv":[6,11.75,5.5,11.5],"texture":"#2"}}},{"from":[7.485,23.30129,9.5325],"to":[8.515,23.88129,10.1125],"rotation":{"angle":45,"axis":"x","origin":[8,23.51879,9.75]},"faces":{"east":{"uv":[0.5,12,0.75,12.25],"texture":"#2"},"south":{"uv":[4.5,11.5,5,11.75],"texture":"#2"},"west":{"uv":[1,12,1.25,12.25],"texture":"#2"},"up":{"uv":[12,4.75,11.5,4.5],"texture":"#2"}}},{"from":[7.485,23.30129,8.3725],"to":[8.515,23.88129,9.5325],"rotation":{"angle":45,"axis":"x","origin":[8,23.51879,9.75]},"faces":{"north":{"uv":[11.5,3.5,12,3.75],"texture":"#2"},"east":{"uv":[4,11.5,4.5,11.75],"texture":"#2"},"west":{"uv":[11.5,4,12,4.25],"texture":"#2"},"up":{"uv":[11.5,6.5,11,6],"texture":"#2"},"down":{"uv":[11.5,6.5,11,7],"texture":"#2"}}},{"from":[7.1,7.2,6.3],"to":[7.1,29.2,9.3],"faces":{"west":{"uv":[0,0,2,14.66667],"texture":"#1"}}},{"from":[8.9,7.2,6.3],"to":[8.9,29.2,9.3],"rotation":{"angle":0,"axis":"y","origin":[16,0,0]},"faces":{"east":{"uv":[2,0,0,14.66667],"texture":"#1"}}}],"gui_light":"front","display":{"thirdperson_righthand":{"translation":[0,3,0.75]},"thirdperson_lefthand":{"translation":[0,3,0.75]},"firstperson_righthand":{"rotation":[-10,0,0],"translation":[-1.25,2.5,1.25]},"firstperson_lefthand":{"rotation":[-10,0,0],"translation":[-1.25,2.5,1.25]},"ground":{"rotation":[-45,0,0],"translation":[0,8.5,4]},"gui":{"rotation":[-90,45,90],"translation":[3.75,-4,0],"scale":[0.75196,0.75196,0.75196]},"head":{"scale":[0,0,0]},"fixed":{"rotation":[0,-90,0],"translation":[0,-21.5,-1.25],"scale":[3,3,3]}},"groups":[0,1,2,3,4,5,6,7,8,9,10,11,12,13,14,15,16,17,18,19,20,21,22,{"name":"group","origin":[8,23.51879,9.75],"color":0,"children":[23,24,25,26,27,28,29,30,31,32,33,34,35,36,37,38,39,40,41,42,43,44,45,46]},47,48]}