{"credit":"MadebyPolygonMC","texture_size":[32,32],"textures":{"0":"noraset/helmet","1":"noraset/animations/animations_1","particle":"noraset/helmet"},"elements":[{"from":[4.5,4.25,4.5],"to":[11.5,6.25,5.5],"rotation":{"angle":0,"axis":"y","origin":[16.5,4.25,-0.5]},"faces":{"north":{"uv":[6,3.5,9.5,4.5],"texture":"#0"},"east":{"uv":[7,11.5,7.5,12.5],"texture":"#0"},"south":{"uv":[5.5,6.5,9,7.5],"texture":"#0"},"west":{"uv":[11.5,9,12,10],"texture":"#0"},"up":{"uv":[11.5,9.5,8,9],"texture":"#0"},"down":{"uv":[13,0,9.5,0.5],"texture":"#0"}}},{"from":[8.97614,3.80574,4.45],"to":[10.07614,7.10574,5.55],"rotation":{"angle":-22.5,"axis":"z","origin":[8.98614,5.75574,5]},"faces":{"north":{"uv":[5,10.5,5.5,12.25],"texture":"#0"},"east":{"uv":[11,6.5,11.5,8.25],"texture":"#0"},"south":{"uv":[8,11,8.5,12.75],"texture":"#0"},"west":{"uv":[8.5,11,9,12.75],"texture":"#0"},"up":{"uv":[12.5,11.5,12,11],"texture":"#0"},"down":{"uv":[12,12,11.5,12.5],"texture":"#0"}}},{"from":[9.1,4.25,3.6],"to":[10.1,5.25,4.6],"rotation":{"angle":-22.5,"axis":"z","origin":[10.1,4.75,4.1]},"faces":{"north":{"uv":[6,4.5,6.5,5],"texture":"#0"},"south":{"uv":[6.5,4.5,7,5],"texture":"#0"},"up":{"uv":[12.5,9.5,12,9],"texture":"#0"},"down":{"uv":[12.5,9.5,12,10],"texture":"#0"}}},{"from":[12.1,4.25,3.6],"to":[12.6,5.25,4.6],"rotation":{"angle":-22.5,"axis":"z","origin":[10.1,4.75,4.1]},"faces":{"north":{"uv":[0,12.5,0.25,13],"texture":"#0"},"east":{"uv":[12,10,12.5,10.5],"texture":"#0"},"south":{"uv":[0.5,12.5,0.75,13],"texture":"#0"},"west":{"uv":[12,10.5,12.5,11],"texture":"#0"},"up":{"uv":[1.25,13,1,12.5],"texture":"#0"},"down":{"uv":[1.75,12.5,1.5,13],"texture":"#0"}}},{"from":[10.1,4,3.35],"to":[12.1,5.5,4.85],"rotation":{"angle":-22.5,"axis":"z","origin":[10.1,4.75,4.1]},"faces":{"north":{"uv":[2.5,11.5,3.5,12.25],"texture":"#0"},"east":{"uv":[11.5,6.5,12.25,7.25],"texture":"#0"},"south":{"uv":[11.5,2.5,12.5,3.25],"texture":"#0"},"west":{"uv":[11.5,7.5,12.25,8.25],"texture":"#0"},"up":{"uv":[4.5,12.25,3.5,11.5],"texture":"#0"},"down":{"uv":[12.5,4.5,11.5,5.25],"texture":"#0"}}},{"from":[3.9,4,3.35],"to":[5.9,5.5,4.85],"rotation":{"angle":22.5,"axis":"z","origin":[5.9,4.75,4.1]},"faces":{"north":{"uv":[3.5,11.5,2.5,12.25],"texture":"#0"},"east":{"uv":[12.25,7.5,11.5,8.25],"texture":"#0"},"south":{"uv":[12.5,2.5,11.5,3.25],"texture":"#0"},"west":{"uv":[12.25,6.5,11.5,7.25],"texture":"#0"},"up":{"uv":[3.5,12.25,4.5,11.5],"texture":"#0"},"down":{"uv":[11.5,4.5,12.5,5.25],"texture":"#0"}}},{"from":[3.4,4.25,3.6],"to":[3.9,5.25,4.6],"rotation":{"angle":22.5,"axis":"z","origin":[5.9,4.75,4.1]},"faces":{"north":{"uv":[0.25,12.5,0,13],"texture":"#0"},"east":{"uv":[12.5,10.5,12,11],"texture":"#0"},"south":{"uv":[0.75,12.5,0.5,13],"texture":"#0"},"west":{"uv":[12.5,10,12,10.5],"texture":"#0"},"up":{"uv":[1,13,1.25,12.5],"texture":"#0"},"down":{"uv":[1.5,12.5,1.75,13],"texture":"#0"}}},{"from":[5.9,4.25,3.6],"to":[6.9,5.25,4.6],"rotation":{"angle":22.5,"axis":"z","origin":[5.9,4.75,4.1]},"faces":{"north":{"uv":[6.5,4.5,6,5],"texture":"#0"},"south":{"uv":[7,4.5,6.5,5],"texture":"#0"},"up":{"uv":[12,9.5,12.5,9],"texture":"#0"},"down":{"uv":[12,9.5,12.5,10],"texture":"#0"}}},{"from":[5.92386,3.80574,4.45],"to":[7.02386,7.10574,5.55],"rotation":{"angle":22.5,"axis":"z","origin":[7.01386,5.75574,5]},"faces":{"north":{"uv":[5.5,10.5,5,12.25],"texture":"#0"},"east":{"uv":[9,11,8.5,12.75],"texture":"#0"},"south":{"uv":[8.5,11,8,12.75],"texture":"#0"},"west":{"uv":[11.5,6.5,11,8.25],"texture":"#0"},"up":{"uv":[12,11.5,12.5,11],"texture":"#0"},"down":{"uv":[11.5,12,12,12.5],"texture":"#0"}}},{"from":[6.75,4,3.5],"to":[9.25,6.5,5.525],"rotation":{"angle":-45,"axis":"z","origin":[8,5.25,5]},"faces":{"north":{"uv":[9.5,7.5,10.75,8.75],"texture":"#0"},"east":{"uv":[5.5,10,6.5,11.25],"texture":"#0"},"south":{"uv":[8,9.5,9.25,10.75],"texture":"#0"},"west":{"uv":[6.5,10,7.5,11.25],"texture":"#0"},"up":{"uv":[11.25,3.5,10,2.5],"texture":"#0"},"down":{"uv":[4.75,10.5,3.5,11.5],"texture":"#0"}}},{"from":[7.25,10,4],"to":[9.25,12,11.525],"rotation":{"angle":-45,"axis":"z","origin":[8,11.25,5]},"faces":{"north":{"uv":[10.5,4.5,11.5,5.5],"texture":"#0"},"east":{"uv":[6,1.5,9.75,2.5],"texture":"#0"},"south":{"uv":[10.5,9.5,11.5,10.5],"texture":"#0"},"west":{"uv":[6,2.5,9.75,3.5],"texture":"#0"},"up":{"uv":[4.5,10.25,3.5,6.5],"texture":"#0"},"down":{"uv":[5.5,6.5,4.5,10.25],"texture":"#0"}}},{"from":[4.5,9.25,4.5],"to":[11.5,11.25,5.5],"rotation":{"angle":0,"axis":"y","origin":[16.5,4.25,-0.5]},"faces":{"north":{"uv":[0,7,3.5,8],"texture":"#0"},"east":{"uv":[2,12,2.5,13],"texture":"#0"},"south":{"uv":[7,4.5,10.5,5.5],"texture":"#0"},"west":{"uv":[5.5,12,6,13],"texture":"#0"},"up":{"uv":[13,1,9.5,0.5],"texture":"#0"},"down":{"uv":[13,1,9.5,1.5],"texture":"#0"}}},{"from":[10.5,4.25,5.5],"to":[11.5,6.25,10.5],"rotation":{"angle":0,"axis":"y","origin":[12,5.25,5.5]},"faces":{"north":{"uv":[11.5,10,12,11],"texture":"#0"},"east":{"uv":[7,5.5,9.5,6.5],"texture":"#0"},"south":{"uv":[10.5,11.5,11,12.5],"texture":"#0"},"west":{"uv":[0,8,2.5,9],"texture":"#0"},"up":{"uv":[0.5,12.5,0,10],"texture":"#0"},"down":{"uv":[1,10,0.5,12.5],"texture":"#0"}}},{"from":[4.5,4.25,10.5],"to":[11.5,11.25,11.5],"rotation":{"angle":0,"axis":"y","origin":[12,5.25,5.5]},"faces":{"north":{"uv":[0,0,3.5,3.5],"texture":"#0"},"east":{"uv":[2.5,8,3,11.5],"texture":"#0"},"south":{"uv":[0,3.5,3.5,7],"texture":"#0"},"west":{"uv":[3,8,3.5,11.5],"texture":"#0"},"up":{"uv":[13,4,9.5,3.5],"texture":"#0"},"down":{"uv":[13,4,9.5,4.5],"texture":"#0"}}},{"from":[10.5,9.25,5.5],"to":[11.5,11.25,10.5],"rotation":{"angle":0,"axis":"y","origin":[12,5.25,5.5]},"faces":{"north":{"uv":[11,11.5,11.5,12.5],"texture":"#0"},"east":{"uv":[0,9,2.5,10],"texture":"#0"},"south":{"uv":[11.5,11,12,12],"texture":"#0"},"west":{"uv":[5.5,9,8,10],"texture":"#0"},"up":{"uv":[1.5,12.5,1,10],"texture":"#0"},"down":{"uv":[2,10,1.5,12.5],"texture":"#0"}}},{"from":[5.5,10.25,5.5],"to":[10.5,11.25,10.5],"rotation":{"angle":0,"axis":"z","origin":[10.5,10.75,7.5]},"faces":{"north":{"uv":[9.5,5.5,12,6],"texture":"#0"},"east":{"uv":[9.5,6,12,6.5],"texture":"#0"},"south":{"uv":[10,1.5,12.5,2],"texture":"#0"},"west":{"uv":[10,2,12.5,2.5],"texture":"#0"},"up":{"uv":[6,2.5,3.5,0],"texture":"#0"},"down":{"uv":[6,2.5,3.5,5],"texture":"#0"}}},{"from":[10.5,6.25,6.5],"to":[11.5,9.25,10.5],"rotation":{"angle":0,"axis":"y","origin":[12,5.25,5.5]},"faces":{"north":{"uv":[9,11,9.5,12.5],"texture":"#0"},"east":{"uv":[5.5,7.5,7.5,9],"texture":"#0"},"south":{"uv":[9.5,11,10,12.5],"texture":"#0"},"west":{"uv":[7.5,7.5,9.5,9],"texture":"#0"},"up":{"uv":[2.5,12,2,10],"texture":"#0"},"down":{"uv":[8,10,7.5,12],"texture":"#0"}}},{"from":[4.5,4.25,5.5],"to":[5.5,6.25,10.5],"rotation":{"angle":0,"axis":"y","origin":[4,5.25,5.5]},"faces":{"north":{"uv":[12,10,11.5,11],"texture":"#0"},"east":{"uv":[2.5,8,0,9],"texture":"#0"},"south":{"uv":[11,11.5,10.5,12.5],"texture":"#0"},"west":{"uv":[9.5,5.5,7,6.5],"texture":"#0"},"up":{"uv":[0,12.5,0.5,10],"texture":"#0"},"down":{"uv":[0.5,10,1,12.5],"texture":"#0"}}},{"from":[4.5,6.25,6.5],"to":[5.5,9.25,10.5],"rotation":{"angle":0,"axis":"y","origin":[4,5.25,5.5]},"faces":{"north":{"uv":[9.5,11,9,12.5],"texture":"#0"},"east":{"uv":[9.5,7.5,7.5,9],"texture":"#0"},"south":{"uv":[10,11,9.5,12.5],"texture":"#0"},"west":{"uv":[7.5,7.5,5.5,9],"texture":"#0"},"up":{"uv":[2,12,2.5,10],"texture":"#0"},"down":{"uv":[7.5,10,8,12],"texture":"#0"}}},{"from":[4.5,9.25,5.5],"to":[5.5,11.25,10.5],"rotation":{"angle":0,"axis":"y","origin":[4,5.25,5.5]},"faces":{"north":{"uv":[11.5,11.5,11,12.5],"texture":"#0"},"east":{"uv":[8,9,5.5,10],"texture":"#0"},"south":{"uv":[12,11,11.5,12],"texture":"#0"},"west":{"uv":[2.5,9,0,10],"texture":"#0"},"up":{"uv":[1,12.5,1.5,10],"texture":"#0"},"down":{"uv":[1.5,10,2,12.5],"texture":"#0"}}},{"from":[11.399,6.25,4.6],"to":[11.399,9.25,6.5],"rotation":{"angle":0,"axis":"y","origin":[11.499,6.25,4.5]},"faces":{"north":{"uv":[0,0,0,1.5],"texture":"#0"},"east":{"uv":[9.5,9.5,10.5,11],"texture":"#0"},"south":{"uv":[0,0,0,1.5],"texture":"#0"},"up":{"uv":[0,1,0,0],"texture":"#0"},"down":{"uv":[0,0,0,1],"texture":"#0"}}},{"from":[4.601,6.25,4.6],"to":[4.601,9.25,6.5],"rotation":{"angle":0,"axis":"y","origin":[4.501,6.25,4.5]},"faces":{"north":{"uv":[0,0,0,1.5],"texture":"#0"},"south":{"uv":[0,0,0,1.5],"texture":"#0"},"west":{"uv":[10.5,9.5,9.5,11],"texture":"#0"},"up":{"uv":[0,1,0,0],"texture":"#0"},"down":{"uv":[0,0,0,1],"texture":"#0"}}},{"from":[4.6,6.25,4.6],"to":[11.4,9.25,4.6],"rotation":{"angle":0,"axis":"y","origin":[10.45,7.75,4.6]},"faces":{"north":{"uv":[3.5,5,7,6.5],"texture":"#0"},"east":{"uv":[0,0,0,1.5],"texture":"#0"},"west":{"uv":[0,0,0,1.5],"texture":"#0"},"up":{"uv":[3.5,0,0,0],"texture":"#0"},"down":{"uv":[3.5,0,0,0],"texture":"#0"}}},{"from":[9.5,6,4.25],"to":[13.5,8,4.25],"rotation":{"angle":22.5,"axis":"z","origin":[-1.5,6,4.25]},"faces":{"north":{"uv":[9,6.5,11,7.5],"texture":"#0"},"east":{"uv":[0,0,0,1],"texture":"#0"},"south":{"uv":[11,6.5,9,7.5],"texture":"#0"},"west":{"uv":[0,0,0,1],"texture":"#0"},"up":{"uv":[2,0,0,0],"texture":"#0"},"down":{"uv":[2,0,0,0],"texture":"#0"}}},{"from":[2.5,6,4.25],"to":[6.5,8,4.25],"rotation":{"angle":-22.5,"axis":"z","origin":[17.5,6,4.25]},"faces":{"north":{"uv":[11,6.5,9,7.5],"texture":"#0"},"east":{"uv":[0,0,0,1],"texture":"#0"},"south":{"uv":[9,6.5,11,7.5],"texture":"#0"},"west":{"uv":[0,0,0,1],"texture":"#0"},"up":{"uv":[0,0,2,0],"texture":"#0"},"down":{"uv":[0,0,2,0],"texture":"#0"}}},{"from":[12.7,6.89876,6.97775],"to":[12.7,9.89876,13.97775],"rotation":{"angle":-22.5,"axis":"x","origin":[12.7,7.89876,8.87775]},"faces":{"north":{"uv":[0,0,0,1.5],"texture":"#0"},"east":{"uv":[6,0,9.5,1.5],"texture":"#0"},"south":{"uv":[0,0,0,1.5],"texture":"#0"},"west":{"uv":[9.5,0,6,1.5],"texture":"#0"},"up":{"uv":[0,3.5,0,0],"texture":"#0"},"down":{"uv":[0,0,0,3.5],"texture":"#0"}}},{"from":[12,7.25,8],"to":[13,8.25,11],"rotation":{"angle":-22.5,"axis":"x","origin":[12,7.75,8.5]},"faces":{"north":{"uv":[12,11.5,12.5,12],"texture":"#0"},"east":{"uv":[11,8.5,12.5,9],"texture":"#0"},"south":{"uv":[12,12,12.5,12.5],"texture":"#0"},"west":{"uv":[5.5,11.5,7,12],"texture":"#0"},"up":{"uv":[10.5,12.5,10,11],"texture":"#0"},"down":{"uv":[5,11.5,4.5,13],"texture":"#0"}}},{"from":[11.5,6.75,7.5],"to":[12.5,8.75,9.5],"rotation":{"angle":-22.5,"axis":"x","origin":[12,7.75,8.5]},"faces":{"north":{"uv":[12,5.5,12.5,6.5],"texture":"#0"},"east":{"uv":[10.5,10.5,11.5,11.5],"texture":"#0"},"south":{"uv":[6,12,6.5,13],"texture":"#0"},"up":{"uv":[7,13,6.5,12],"texture":"#0"},"down":{"uv":[8,12,7.5,13],"texture":"#0"}}},{"from":[3.3,6.89876,6.97775],"to":[3.3,9.89876,13.97775],"rotation":{"angle":-22.5,"axis":"x","origin":[3.3,7.89876,8.87775]},"faces":{"north":{"uv":[0,0,0,1.5],"texture":"#0"},"east":{"uv":[6,0,9.5,1.5],"texture":"#0"},"south":{"uv":[0,0,0,1.5],"texture":"#0"},"west":{"uv":[9.5,0,6,1.5],"texture":"#0"},"up":{"uv":[0,3.5,0,0],"texture":"#0"},"down":{"uv":[0,0,0,3.5],"texture":"#0"}}},{"from":[3,7.25,8],"to":[4,8.25,11],"rotation":{"angle":-22.5,"axis":"x","origin":[4,7.75,8.5]},"faces":{"north":{"uv":[12.5,11.5,12,12],"texture":"#0"},"east":{"uv":[7,11.5,5.5,12],"texture":"#0"},"south":{"uv":[12.5,12,12,12.5],"texture":"#0"},"west":{"uv":[12.5,8.5,11,9],"texture":"#0"},"up":{"uv":[10,12.5,10.5,11],"texture":"#0"},"down":{"uv":[4.5,11.5,5,13],"texture":"#0"}}},{"from":[3.5,6.75,7.5],"to":[4.5,8.75,9.5],"rotation":{"angle":-22.5,"axis":"x","origin":[4,7.75,8.5]},"faces":{"north":{"uv":[12.5,5.5,12,6.5],"texture":"#0"},"south":{"uv":[6.5,12,6,13],"texture":"#0"},"west":{"uv":[11.5,10.5,10.5,11.5],"texture":"#0"},"up":{"uv":[6.5,13,7,12],"texture":"#0"},"down":{"uv":[7.5,12,8,13],"texture":"#0"}}},{"from":[2.95,4.5,4.75],"to":[2.95,9.5,11.75],"rotation":{"angle":-22.5,"axis":"x","origin":[0.4,12.5,4.5]},"faces":{"west":{"uv":[0,0,11,15],"rotation":90,"texture":"#1"}}},{"from":[13.05,4.5,4.75],"to":[13.05,9.5,11.75],"rotation":{"angle":-22.5,"axis":"x","origin":[15.6,12.5,4.5]},"faces":{"east":{"uv":[0,15,11,0],"rotation":90,"texture":"#1"}}}],"gui_light":"front","display":{"thirdperson_righthand":{"rotation":[61,0,0],"translation":[0,1.5,1.25],"scale":[0.66211,0.66211,0.66211]},"thirdperson_lefthand":{"rotation":[61,0,0],"translation":[0,1.5,1.25],"scale":[0.66211,0.66211,0.66211]},"firstperson_righthand":{"rotation":[153,0,180],"translation":[-1.75,4.25,0]},"firstperson_lefthand":{"rotation":[153,0,180],"translation":[-1.75,4.25,0]},"ground":{"translation":[0,6,0]},"gui":{"rotation":[0,180,0],"translation":[0,-0.25,0],"scale":[1.67188,1.67188,1.67188]},"head":{"translation":[0,0.5,0],"scale":[2.16406,2.16406,2.16406]},"fixed":{"rotation":[-90,0,0],"translation":[0,0,-13],"scale":[3.10547,3.10547,3.10547]}}}