{
	"credit": "Made by PolygonMC",
	"texture_size": [24, 24],
	"textures": {
		"1": "noraset/animations/animations_5",
		"2": "noraset/shield",
		"particle": "noraset/animations/animations_5"
	},
	"elements": [
		{
			"from": [7.5, 6.22344, 9.525],
			"to": [8.5, 7.22344, 10.525],
			"rotation": {"angle": 0, "axis": "y", "origin": [8, 8, 8]},
			"faces": {
				"north": {"uv": [11.33333, 0.66667, 12, 1.33333], "texture": "#2"},
				"east": {"uv": [7.33333, 6.66667, 8, 7.33333], "texture": "#2"},
				"south": {"uv": [8.66667, 6, 9.33333, 6.66667], "texture": "#2"},
				"west": {"uv": [4.66667, 10.66667, 5.33333, 11.33333], "texture": "#2"},
				"up": {"uv": [12, 2, 11.33333, 1.33333], "rotation": 90, "texture": "#2"},
				"down": {"uv": [12, 2, 11.33333, 2.66667], "rotation": 270, "texture": "#2"}
			}
		},
		{
			"from": [7.4, 5.72344, 9.425],
			"to": [8.6, 6.22344, 10.625],
			"rotation": {"angle": 0, "axis": "y", "origin": [8, 8, 8]},
			"faces": {
				"north": {"uv": [0.66667, 12.66667, 1.33333, 13], "texture": "#2"},
				"east": {"uv": [12, 11.33333, 12.66667, 11.66667], "texture": "#2"},
				"south": {"uv": [0, 12.66667, 0.66667, 13], "texture": "#2"},
				"west": {"uv": [12.66667, 0, 13.33333, 0.33333], "texture": "#2"},
				"up": {"uv": [3.33333, 12, 2.66667, 11.33333], "rotation": 90, "texture": "#2"},
				"down": {"uv": [12, 2.66667, 11.33333, 3.33333], "rotation": 270, "texture": "#2"}
			}
		},
		{
			"from": [7.4, 10.42344, 9.425],
			"to": [8.6, 11.17344, 10.625],
			"rotation": {"angle": 0, "axis": "y", "origin": [8, 8, 8]},
			"faces": {
				"north": {"uv": [4.66667, 11.33333, 5.33333, 12], "texture": "#2"},
				"east": {"uv": [3.33333, 11.33333, 4, 12], "texture": "#2"},
				"south": {"uv": [11.33333, 3.33333, 12, 4], "texture": "#2"},
				"west": {"uv": [11.33333, 4, 12, 4.66667], "texture": "#2"},
				"up": {"uv": [6, 12, 5.33333, 11.33333], "rotation": 90, "texture": "#2"},
				"down": {"uv": [6.66667, 11.33333, 6, 12], "rotation": 270, "texture": "#2"}
			}
		},
		{
			"from": [9.25655, 5.68345, 9.495],
			"to": [10.31655, 6.74345, 10.555],
			"rotation": {"angle": -45, "axis": "z", "origin": [8, 8, 8]},
			"faces": {
				"north": {"uv": [8.66667, 11.33333, 9.33333, 12], "texture": "#2"},
				"east": {"uv": [6.66667, 11.33333, 7.33333, 12], "texture": "#2"},
				"south": {"uv": [7.33333, 11.33333, 8, 12], "texture": "#2"},
				"west": {"uv": [8, 11.33333, 8.66667, 12], "texture": "#2"},
				"up": {"uv": [10, 12, 9.33333, 11.33333], "rotation": 90, "texture": "#2"},
				"down": {"uv": [10.66667, 11.33333, 10, 12], "rotation": 270, "texture": "#2"}
			}
		},
		{
			"from": [9.35655, 5.78345, 6.185],
			"to": [10.21655, 6.64345, 9.495],
			"rotation": {"angle": -45, "axis": "z", "origin": [8, 8, 8]},
			"faces": {
				"north": {"uv": [8, 12, 8.66667, 12.66667], "texture": "#2"},
				"east": {"uv": [8, 8, 10.33333, 8.66667], "texture": "#2"},
				"south": {"uv": [7.33333, 12, 8, 12.66667], "texture": "#2"},
				"west": {"uv": [8.66667, 2.66667, 11, 3.33333], "texture": "#2"},
				"up": {"uv": [11, 4, 8.66667, 3.33333], "rotation": 90, "texture": "#2"},
				"down": {"uv": [11, 4, 8.66667, 4.66667], "rotation": 270, "texture": "#2"}
			}
		},
		{
			"from": [5.20229, 9.93771, 6.185],
			"to": [6.06229, 10.79771, 9.495],
			"rotation": {"angle": -45, "axis": "z", "origin": [8, 8, 8]},
			"faces": {
				"north": {"uv": [8, 12, 8.66667, 12.66667], "texture": "#2"},
				"east": {"uv": [8, 8, 10.33333, 8.66667], "texture": "#2"},
				"south": {"uv": [7.33333, 12, 8, 12.66667], "texture": "#2"},
				"west": {"uv": [8.66667, 2.66667, 11, 3.33333], "texture": "#2"},
				"up": {"uv": [11, 4, 8.66667, 3.33333], "rotation": 90, "texture": "#2"},
				"down": {"uv": [11, 4, 8.66667, 4.66667], "rotation": 270, "texture": "#2"}
			}
		},
		{
			"from": [7.4, 7.22344, 9.425],
			"to": [8.6, 8.42344, 10.625],
			"rotation": {"angle": 0, "axis": "y", "origin": [8, 8, 8]},
			"faces": {
				"north": {"uv": [0.66667, 12, 1.33333, 12.66667], "texture": "#2"},
				"east": {"uv": [10.66667, 11.33333, 11.33333, 12], "texture": "#2"},
				"south": {"uv": [11.33333, 11.33333, 12, 12], "texture": "#2"},
				"west": {"uv": [0, 12, 0.66667, 12.66667], "texture": "#2"},
				"up": {"uv": [12.66667, 1.33333, 12, 0.66667], "rotation": 90, "texture": "#2"},
				"down": {"uv": [2, 12, 1.33333, 12.66667], "rotation": 270, "texture": "#2"}
			}
		},
		{
			"from": [7.5, 8.42344, 9.525],
			"to": [8.5, 10.42344, 10.525],
			"rotation": {"angle": 0, "axis": "y", "origin": [8, 8, 8]},
			"faces": {
				"north": {"uv": [6, 10, 6.66667, 11.33333], "texture": "#2"},
				"east": {"uv": [9.33333, 8.66667, 10, 10], "texture": "#2"},
				"south": {"uv": [10, 4.66667, 10.66667, 6], "texture": "#2"},
				"west": {"uv": [5.33333, 10, 6, 11.33333], "texture": "#2"},
				"up": {"uv": [12.66667, 2, 12, 1.33333], "rotation": 90, "texture": "#2"},
				"down": {"uv": [2.66667, 12, 2, 12.66667], "rotation": 270, "texture": "#2"}
			}
		},
		{
			"from": [3.10196, 10.89804, 5.275],
			"to": [5.10196, 12.89804, 6.775],
			"rotation": {"angle": -45, "axis": "z", "origin": [8, 8, 8]},
			"faces": {
				"north": {"uv": [7.33333, 4, 8.66667, 5.33333], "texture": "#2"},
				"east": {"uv": [8.66667, 4.66667, 9.66667, 6], "texture": "#2"},
				"south": {"uv": [7.33333, 2.66667, 8.66667, 4], "texture": "#2"},
				"west": {"uv": [5.33333, 8.66667, 6.33333, 10], "texture": "#2"},
				"up": {"uv": [7.66667, 10, 6.66667, 8.66667], "rotation": 90, "texture": "#2"},
				"down": {"uv": [9, 8.66667, 8, 10], "rotation": 270, "texture": "#2"}
			}
		},
		{
			"from": [3.35196, 11.14804, 5.025],
			"to": [4.85196, 12.64804, 7.025],
			"rotation": {"angle": -45, "axis": "z", "origin": [8, 8, 8]},
			"faces": {
				"north": {"uv": [9.33333, 6, 10.33333, 7], "texture": "#2"},
				"east": {"uv": [0, 9.33333, 1.33333, 10.33333], "texture": "#2"},
				"south": {"uv": [4, 9.33333, 5, 10.33333], "texture": "#2"},
				"west": {"uv": [9.33333, 0, 10.66667, 1], "texture": "#2"},
				"up": {"uv": [2.66667, 10.33333, 1.33333, 9.33333], "rotation": 90, "texture": "#2"},
				"down": {"uv": [10.66667, 1.33333, 9.33333, 2.33333], "rotation": 270, "texture": "#2"}
			}
		},
		{
			"from": [5.01462, 9.78538, 9.375],
			"to": [6.21462, 10.98538, 10.675],
			"rotation": {"angle": -45, "axis": "z", "origin": [8, 8, 8]},
			"faces": {
				"north": {"uv": [2.66667, 12, 3.33333, 12.66667], "texture": "#2"},
				"east": {"uv": [9.33333, 7.33333, 10.33333, 8], "texture": "#2"},
				"south": {"uv": [12, 2, 12.66667, 2.66667], "texture": "#2"},
				"west": {"uv": [10.66667, 4.66667, 11.66667, 5.33333], "texture": "#2"},
				"up": {"uv": [11.66667, 6, 10.66667, 5.33333], "rotation": 90, "texture": "#2"},
				"down": {"uv": [11.66667, 6, 10.66667, 6.66667], "rotation": 270, "texture": "#2"}
			}
		},
		{
			"from": [2.1242, 11.8758, 5.625],
			"to": [4.1242, 13.8758, 6.425],
			"rotation": {"angle": -45, "axis": "z", "origin": [8, 8, 8]},
			"faces": {
				"north": {"uv": [7.33333, 5.33333, 8.66667, 6.66667], "texture": "#2"},
				"east": {"uv": [6.66667, 10, 7.33333, 11.33333], "texture": "#2"},
				"south": {"uv": [5.33333, 7.33333, 6.66667, 8.66667], "texture": "#2"},
				"west": {"uv": [7.33333, 10, 8, 11.33333], "texture": "#2"},
				"up": {"uv": [8.66667, 11.33333, 8, 10], "rotation": 90, "texture": "#2"},
				"down": {"uv": [9.33333, 10, 8.66667, 11.33333], "rotation": 270, "texture": "#2"}
			}
		},
		{
			"from": [12.7308, 3.2692, 5.51],
			"to": [13.8908, 3.8492, 6.54],
			"rotation": {"angle": -45, "axis": "z", "origin": [8, 8, 8]},
			"faces": {
				"north": {"uv": [12.66667, 1.33333, 13.33333, 1.66667], "texture": "#2"},
				"east": {"uv": [12.66667, 0.66667, 13.33333, 1], "texture": "#2"},
				"south": {"uv": [1.33333, 12.66667, 2, 13], "texture": "#2"},
				"up": {"uv": [12.66667, 3.33333, 12, 2.66667], "rotation": 90, "texture": "#2"},
				"down": {"uv": [4, 12, 3.33333, 12.66667], "rotation": 270, "texture": "#2"}
			}
		},
		{
			"from": [12.1508, 3.2692, 5.51],
			"to": [12.7308, 3.8492, 6.54],
			"rotation": {"angle": -45, "axis": "z", "origin": [8, 8, 8]},
			"faces": {
				"north": {"uv": [0, 13.33333, 0.33333, 13.66667], "texture": "#2"},
				"south": {"uv": [12.66667, 12.66667, 13, 13], "texture": "#2"},
				"west": {"uv": [2, 12.66667, 2.66667, 13], "texture": "#2"},
				"up": {"uv": [13.33333, 2.33333, 12.66667, 2], "rotation": 90, "texture": "#2"}
			}
		},
		{
			"from": [10.9908, 2.6892, 5.51],
			"to": [11.5708, 3.2692, 6.54],
			"rotation": {"angle": -45, "axis": "z", "origin": [8, 8, 8]},
			"faces": {
				"north": {"uv": [0.66667, 13.33333, 1, 13.66667], "texture": "#2"},
				"east": {"uv": [2.66667, 12.66667, 3.33333, 13], "texture": "#2"},
				"south": {"uv": [13.33333, 0, 13.66667, 0.33333], "texture": "#2"},
				"west": {"uv": [12.66667, 2.66667, 13.33333, 3], "texture": "#2"},
				"up": {"uv": [4, 13, 3.33333, 12.66667], "rotation": 90, "texture": "#2"}
			}
		},
		{
			"from": [12.7308, 4.4292, 5.51],
			"to": [13.3108, 5.0092, 6.54],
			"rotation": {"angle": -45, "axis": "z", "origin": [8, 8, 8]},
			"faces": {
				"north": {"uv": [1.33333, 13.33333, 1.66667, 13.66667], "texture": "#2"},
				"south": {"uv": [13.33333, 0.66667, 13.66667, 1], "texture": "#2"},
				"west": {"uv": [12.66667, 3.33333, 13.33333, 3.66667], "texture": "#2"},
				"up": {"uv": [4.66667, 13, 4, 12.66667], "rotation": 90, "texture": "#2"},
				"down": {"uv": [13.33333, 4, 12.66667, 4.33333], "rotation": 270, "texture": "#2"}
			}
		},
		{
			"from": [12.1508, 2.1092, 5.51],
			"to": [12.7308, 3.2692, 6.54],
			"rotation": {"angle": -45, "axis": "z", "origin": [8, 8, 8]},
			"faces": {
				"north": {"uv": [12.66667, 4.66667, 13, 5.33333], "texture": "#2"},
				"east": {"uv": [12, 3.33333, 12.66667, 4], "texture": "#2"},
				"south": {"uv": [4.66667, 12.66667, 5, 13.33333], "texture": "#2"},
				"west": {"uv": [4, 12, 4.66667, 12.66667], "texture": "#2"},
				"down": {"uv": [6, 12.66667, 5.33333, 13], "rotation": 270, "texture": "#2"}
			}
		},
		{
			"from": [1.68869, 10.06476, 5.26],
			"to": [2.26869, 11.22476, 6.79],
			"rotation": {"angle": -45, "axis": "z", "origin": [8, 8, 8]},
			"faces": {
				"north": {"uv": [12.66667, 6, 13, 6.66667], "texture": "#2"},
				"east": {"uv": [10.66667, 6.66667, 11.66667, 7.33333], "texture": "#2"},
				"south": {"uv": [12.66667, 5.33333, 13, 6], "texture": "#2"},
				"west": {"uv": [10.66667, 7.33333, 11.66667, 8], "texture": "#2"},
				"up": {"uv": [13, 8.33333, 12, 8], "rotation": 90, "texture": "#2"}
			}
		},
		{
			"from": [9.48476, 13.73131, 5.26],
			"to": [10.06476, 14.31131, 6.79],
			"rotation": {"angle": 45, "axis": "z", "origin": [8, 8, 8]},
			"faces": {
				"north": {"uv": [2, 13.33333, 2.33333, 13.66667], "texture": "#2"},
				"south": {"uv": [13.33333, 1.33333, 13.66667, 1.66667], "texture": "#2"},
				"west": {"uv": [8.66667, 12, 9.66667, 12.33333], "texture": "#2"},
				"up": {"uv": [13, 9, 12, 8.66667], "rotation": 90, "texture": "#2"}
			}
		},
		{
			"from": [9.48476, 12.57131, 5.26],
			"to": [10.06476, 13.73131, 6.79],
			"rotation": {"angle": 45, "axis": "z", "origin": [8, 8, 8]},
			"faces": {
				"north": {"uv": [7.33333, 12.66667, 7.66667, 13.33333], "texture": "#2"},
				"east": {"uv": [10.66667, 8, 11.66667, 8.66667], "texture": "#2"},
				"south": {"uv": [12.66667, 6.66667, 13, 7.33333], "texture": "#2"},
				"west": {"uv": [10.66667, 8.66667, 11.66667, 9.33333], "texture": "#2"},
				"down": {"uv": [13, 9.33333, 12, 9.66667], "rotation": 270, "texture": "#2"}
			}
		},
		{
			"from": [10.9908, 2.1092, 5.51],
			"to": [12.1508, 2.6892, 6.54],
			"rotation": {"angle": -45, "axis": "z", "origin": [8, 8, 8]},
			"faces": {
				"north": {"uv": [8.66667, 12.66667, 9.33333, 13], "texture": "#2"},
				"south": {"uv": [12.66667, 7.33333, 13.33333, 7.66667], "texture": "#2"},
				"west": {"uv": [8, 12.66667, 8.66667, 13], "texture": "#2"},
				"up": {"uv": [12.66667, 4.66667, 12, 4], "rotation": 90, "texture": "#2"},
				"down": {"uv": [5.33333, 12, 4.66667, 12.66667], "rotation": 270, "texture": "#2"}
			}
		},
		{
			"from": [13.3108, 3.8492, 5.51],
			"to": [13.8908, 5.0092, 6.54],
			"rotation": {"angle": -45, "axis": "z", "origin": [8, 8, 8]},
			"faces": {
				"north": {"uv": [10, 12.66667, 10.33333, 13.33333], "texture": "#2"},
				"east": {"uv": [12, 4.66667, 12.66667, 5.33333], "texture": "#2"},
				"south": {"uv": [9.33333, 12.66667, 9.66667, 13.33333], "texture": "#2"},
				"west": {"uv": [5.33333, 12, 6, 12.66667], "texture": "#2"},
				"up": {"uv": [11.33333, 13, 10.66667, 12.66667], "rotation": 90, "texture": "#2"}
			}
		},
		{
			"from": [11.44369, 2.55631, 5.675],
			"to": [13.44369, 4.55631, 6.375],
			"rotation": {"angle": -45, "axis": "z", "origin": [8, 8, 8]},
			"faces": {
				"north": {"uv": [0, 8, 1.33333, 9.33333], "texture": "#2"},
				"east": {"uv": [12, 5.33333, 12.33333, 6.66667], "texture": "#2"},
				"south": {"uv": [6.66667, 7.33333, 8, 8.66667], "texture": "#2"},
				"west": {"uv": [6, 12, 6.33333, 13.33333], "texture": "#2"},
				"up": {"uv": [7, 13.33333, 6.66667, 12], "rotation": 90, "texture": "#2"},
				"down": {"uv": [12.33333, 6.66667, 12, 8], "rotation": 270, "texture": "#2"}
			}
		},
		{
			"from": [9.76572, 12.03035, 5.525],
			"to": [11.76572, 14.03035, 6.525],
			"rotation": {"angle": 45, "axis": "z", "origin": [8, 8, 8]},
			"faces": {
				"north": {"uv": [2.66667, 8, 4, 9.33333], "texture": "#2"},
				"east": {"uv": [10, 8.66667, 10.66667, 10], "texture": "#2"},
				"south": {"uv": [1.33333, 8, 2.66667, 9.33333], "texture": "#2"},
				"west": {"uv": [9.33333, 10, 10, 11.33333], "texture": "#2"},
				"up": {"uv": [10.66667, 11.33333, 10, 10], "rotation": 90, "texture": "#2"},
				"down": {"uv": [0.66667, 10.66667, 0, 12], "rotation": 270, "texture": "#2"}
			}
		},
		{
			"from": [5.93524, 12.57131, 5.26],
			"to": [6.51524, 13.73131, 6.79],
			"rotation": {"angle": -45, "axis": "z", "origin": [8, 8, 8]},
			"faces": {
				"north": {"uv": [12.66667, 11.33333, 13, 12], "texture": "#2"},
				"east": {"uv": [10.66667, 9.33333, 11.66667, 10], "texture": "#2"},
				"south": {"uv": [11.33333, 12.66667, 11.66667, 13.33333], "texture": "#2"},
				"west": {"uv": [10.66667, 10, 11.66667, 10.66667], "texture": "#2"},
				"down": {"uv": [11, 12, 10, 12.33333], "rotation": 270, "texture": "#2"}
			}
		},
		{
			"from": [5.93524, 13.73131, 5.26],
			"to": [6.51524, 14.31131, 6.79],
			"rotation": {"angle": -45, "axis": "z", "origin": [8, 8, 8]},
			"faces": {
				"north": {"uv": [2.66667, 13.33333, 3, 13.66667], "texture": "#2"},
				"east": {"uv": [12, 10, 13, 10.33333], "texture": "#2"},
				"south": {"uv": [13.33333, 2, 13.66667, 2.33333], "texture": "#2"},
				"up": {"uv": [13, 11, 12, 10.66667], "rotation": 90, "texture": "#2"}
			}
		},
		{
			"from": [13.73131, 10.06476, 5.26],
			"to": [14.31131, 11.22476, 6.79],
			"rotation": {"angle": 45, "axis": "z", "origin": [8, 8, 8]},
			"faces": {
				"north": {"uv": [12.66667, 12, 13, 12.66667], "texture": "#2"},
				"east": {"uv": [10.66667, 10.66667, 11.66667, 11.33333], "texture": "#2"},
				"south": {"uv": [12, 12.66667, 12.33333, 13.33333], "texture": "#2"},
				"west": {"uv": [11.33333, 0, 12.33333, 0.66667], "texture": "#2"},
				"up": {"uv": [12.33333, 12.33333, 11.33333, 12], "rotation": 90, "texture": "#2"}
			}
		},
		{
			"from": [4.23428, 12.03035, 5.525],
			"to": [6.23428, 14.03035, 6.525],
			"rotation": {"angle": -45, "axis": "z", "origin": [8, 8, 8]},
			"faces": {
				"north": {"uv": [8, 6.66667, 9.33333, 8], "texture": "#2"},
				"east": {"uv": [10.66667, 0, 11.33333, 1.33333], "texture": "#2"},
				"south": {"uv": [4, 8, 5.33333, 9.33333], "texture": "#2"},
				"west": {"uv": [0.66667, 10.66667, 1.33333, 12], "texture": "#2"},
				"up": {"uv": [2, 12, 1.33333, 10.66667], "rotation": 90, "texture": "#2"},
				"down": {"uv": [11.33333, 1.33333, 10.66667, 2.66667], "rotation": 270, "texture": "#2"}
			}
		},
		{
			"from": [6, 1.74844, 5.725],
			"to": [10, 13.09844, 6.225],
			"rotation": {"angle": 0, "axis": "y", "origin": [8, 8, 8]},
			"faces": {
				"north": {"uv": [2.66667, 0, 5.33333, 7.66667], "texture": "#2"},
				"south": {"uv": [0, 0, 2.66667, 7.66667], "texture": "#2"}
			}
		},
		{
			"from": [8.97715, 2.72344, 5.13281],
			"to": [9.97715, 13.09844, 5.63281],
			"rotation": {"angle": -22.5, "axis": "y", "origin": [8, 8, 8]},
			"faces": {
				"north": {"uv": [6, 0, 6.66667, 7], "texture": "#2"},
				"east": {"uv": [6.66667, 0, 7, 7], "texture": "#2"},
				"south": {"uv": [5.33333, 0, 6, 7], "texture": "#2"}
			}
		},
		{
			"from": [6.02285, 2.72344, 5.13281],
			"to": [7.02285, 13.09844, 5.63281],
			"rotation": {"angle": 22.5, "axis": "y", "origin": [8, 8, 8]},
			"faces": {
				"north": {"uv": [6.66667, 0, 6, 7], "texture": "#2"},
				"south": {"uv": [6, 0, 5.33333, 7], "texture": "#2"},
				"west": {"uv": [7, 0, 6.66667, 7], "texture": "#2"}
			}
		},
		{
			"from": [7.15102, 1.48506, 5.675],
			"to": [9.40102, 3.48506, 6.675],
			"rotation": {"angle": 22.5, "axis": "z", "origin": [8, 8, 8]},
			"faces": {
				"north": {"uv": [7.33333, 1.33333, 9, 2.66667], "texture": "#2"},
				"east": {"uv": [2, 10.66667, 2.66667, 12], "texture": "#2"},
				"south": {"uv": [7.33333, 0, 9, 1.33333], "texture": "#2"},
				"west": {"uv": [4, 10.66667, 4.66667, 12], "texture": "#2"},
				"up": {"uv": [3.33333, 11, 2.66667, 9.33333], "rotation": 90, "texture": "#2"},
				"down": {"uv": [4, 9.33333, 3.33333, 11], "rotation": 270, "texture": "#2"}
			}
		},
		{
			"from": [6.59898, 1.48506, 5.675],
			"to": [8.84898, 3.48506, 6.675],
			"rotation": {"angle": -22.5, "axis": "z", "origin": [8, 8, 8]},
			"faces": {
				"north": {"uv": [9, 1.33333, 7.33333, 2.66667], "texture": "#2"},
				"east": {"uv": [4.66667, 10.66667, 4, 12], "texture": "#2"},
				"south": {"uv": [9, 0, 7.33333, 1.33333], "texture": "#2"},
				"west": {"uv": [2.66667, 10.66667, 2, 12], "texture": "#2"},
				"up": {"uv": [3.33333, 9.33333, 2.66667, 11], "rotation": 90, "texture": "#2"},
				"down": {"uv": [4, 11, 3.33333, 9.33333], "rotation": 270, "texture": "#2"}
			}
		},
		{
			"from": [9.75, 6, 5.8],
			"to": [11.75, 7, 6.8],
			"rotation": {"angle": -22.5, "axis": "y", "origin": [10.75, 6.5, 6.3]},
			"faces": {
				"north": {"uv": [0.66667, 14, 2, 14.66667], "texture": "#2"},
				"east": {"uv": [0, 14, 0.66667, 14.66667], "texture": "#2"},
				"south": {"uv": [4.66667, 14, 6, 14.66667], "texture": "#2"},
				"west": {"uv": [0, 14.66667, 0.66667, 15.33333], "texture": "#2"},
				"up": {"uv": [3.33333, 14, 4.66667, 14.66667], "texture": "#2"},
				"down": {"uv": [2, 14, 3.33333, 14.66667], "texture": "#2"}
			}
		},
		{
			"from": [9.75, 8, 5.8],
			"to": [11.75, 9, 6.8],
			"rotation": {"angle": -22.5, "axis": "y", "origin": [10.75, 8.5, 6.3]},
			"faces": {
				"north": {"uv": [0.66667, 14, 2, 14.66667], "texture": "#2"},
				"east": {"uv": [0, 14, 0.66667, 14.66667], "texture": "#2"},
				"south": {"uv": [4.66667, 14, 6, 14.66667], "texture": "#2"},
				"west": {"uv": [0, 14.66667, 0.66667, 15.33333], "texture": "#2"},
				"up": {"uv": [3.33333, 14, 4.66667, 14.66667], "texture": "#2"},
				"down": {"uv": [2, 14, 3.33333, 14.66667], "texture": "#2"}
			}
		},
		{
			"from": [9.75, 10, 5.8],
			"to": [11.75, 11, 6.8],
			"rotation": {"angle": -22.5, "axis": "y", "origin": [10.75, 10.5, 6.3]},
			"faces": {
				"north": {"uv": [0.66667, 14, 2, 14.66667], "texture": "#2"},
				"east": {"uv": [0, 14, 0.66667, 14.66667], "texture": "#2"},
				"south": {"uv": [4.66667, 14, 6, 14.66667], "texture": "#2"},
				"west": {"uv": [0, 14.66667, 0.66667, 15.33333], "texture": "#2"},
				"up": {"uv": [3.33333, 14, 4.66667, 14.66667], "texture": "#2"},
				"down": {"uv": [2, 14, 3.33333, 14.66667], "texture": "#2"}
			}
		},
		{
			"from": [4.25, 10, 5.8],
			"to": [6.25, 11, 6.8],
			"rotation": {"angle": 22.5, "axis": "y", "origin": [5.25, 10.5, 6.3]},
			"faces": {
				"north": {"uv": [2, 14, 0.66667, 14.66667], "texture": "#2"},
				"east": {"uv": [0.66667, 14.66667, 0, 15.33333], "texture": "#2"},
				"south": {"uv": [6, 14, 4.66667, 14.66667], "texture": "#2"},
				"west": {"uv": [0.66667, 14, 0, 14.66667], "texture": "#2"},
				"up": {"uv": [4.66667, 14, 3.33333, 14.66667], "texture": "#2"},
				"down": {"uv": [3.33333, 14, 2, 14.66667], "texture": "#2"}
			}
		},
		{
			"from": [4.25, 8, 5.8],
			"to": [6.25, 9, 6.8],
			"rotation": {"angle": 22.5, "axis": "y", "origin": [5.25, 8.5, 6.3]},
			"faces": {
				"north": {"uv": [2, 14, 0.66667, 14.66667], "texture": "#2"},
				"east": {"uv": [0.66667, 14.66667, 0, 15.33333], "texture": "#2"},
				"south": {"uv": [6, 14, 4.66667, 14.66667], "texture": "#2"},
				"west": {"uv": [0.66667, 14, 0, 14.66667], "texture": "#2"},
				"up": {"uv": [4.66667, 14, 3.33333, 14.66667], "texture": "#2"},
				"down": {"uv": [3.33333, 14, 2, 14.66667], "texture": "#2"}
			}
		},
		{
			"from": [4.25, 6, 5.8],
			"to": [6.25, 7, 6.8],
			"rotation": {"angle": 22.5, "axis": "y", "origin": [5.25, 6.5, 6.3]},
			"faces": {
				"north": {"uv": [2, 14, 0.66667, 14.66667], "texture": "#2"},
				"east": {"uv": [0.66667, 14.66667, 0, 15.33333], "texture": "#2"},
				"south": {"uv": [6, 14, 4.66667, 14.66667], "texture": "#2"},
				"west": {"uv": [0.66667, 14, 0, 14.66667], "texture": "#2"},
				"up": {"uv": [4.66667, 14, 3.33333, 14.66667], "texture": "#2"},
				"down": {"uv": [3.33333, 14, 2, 14.66667], "texture": "#2"}
			}
		},
		{
			"from": [3.15, 0, 5.15],
			"to": [7.15, 13, 5.15],
			"rotation": {"angle": 0, "axis": "y", "origin": [6.9, 13.5, 4]},
			"faces": {
				"north": {"uv": [0, 0, 4.66667, 16], "texture": "#1"}
			}
		},
		{
			"from": [8.85, 0, 5.15],
			"to": [12.85, 13, 5.15],
			"rotation": {"angle": 0, "axis": "y", "origin": [9.1, 13.5, 4]},
			"faces": {
				"north": {"uv": [4.66667, 0, 0, 16], "texture": "#1"}
			}
		}
	],
	"gui_light": "front",
	"display": {
		"thirdperson_righthand": {
			"rotation": [45, -35, 0],
			"translation": [1.5, -0.5, -0.75]
		},
		"thirdperson_lefthand": {
			"rotation": [45, -35, 0],
			"translation": [1.5, -0.5, -0.75]
		},
		"firstperson_righthand": {
			"rotation": [0, 0, 13],
			"translation": [-7.75, 2.75, 5.25]
		},
		"firstperson_lefthand": {
			"rotation": [0, 0, 13],
			"translation": [-7.75, 2.75, 5.25]
		},
		"ground": {
			"rotation": [45, 0, 0],
			"translation": [0, 7.25, 1.25]
		},
		"gui": {
			"rotation": [0, 180, -45],
			"translation": [-0.25, 0.25, 0],
			"scale": [1.30078, 1.30078, 1.30078]
		},
		"head": {
			"scale": [0, 0, 0]
		},
		"fixed": {
			"translation": [0, -1.25, 1.5],
			"scale": [3, 3, 3]
		}
	}
}