{"elements":[{"from":[3.1999998,6.201579,-3.3481035],"to":[12.8,10.3158655,9.851896],"rotation":{"angle":22.5,"axis":"x","origin":[8.0,6.5444365,0.93761015]},"faces":{"east":{"uv":[11.96875,9.21875,11.375,9.40625],"rotation":0,"texture":"#1","tintindex":0},"south":{"uv":[12.125,4.5625,11.6875,4.75],"rotation":0,"texture":"#1","tintindex":0},"north":{"uv":[12.125,3.53125,11.6875,3.71875],"rotation":0,"texture":"#1","tintindex":0},"west":{"uv":[11.71875,2.90625,11.125,3.09375],"rotation":0,"texture":"#1","tintindex":0},"up":{"uv":[3.0625,9.90625,3.5,9.3125],"rotation":0,"texture":"#1","tintindex":0},"down":{"uv":[9.3125,4.03125,9.75,4.625],"rotation":0,"texture":"#1","tintindex":0}}},{"from":[5.942857,7.058722,-5.0623894],"to":[14.857143,12.544437,2.4804678],"rotation":{"angle":-22.5,"axis":"x","origin":[8.0,6.5444365,0.93761015]},"faces":{"east":{"uv":[8.9375,11.625,8.59375,11.875],"rotation":0,"texture":"#1","tintindex":0},"south":{"uv":[11.84375,2.53125,11.4375,2.78125],"rotation":0,"texture":"#1","tintindex":0},"north":{"uv":[11.8125,10.25,11.40625,10.5],"rotation":0,"texture":"#1","tintindex":0},"west":{"uv":[8.9375,5.03125,8.59375,5.28125],"rotation":0,"texture":"#1","tintindex":0},"up":{"uv":[10.53125,6.0625,10.9375,5.71875],"rotation":0,"texture":"#1","tintindex":0},"down":{"uv":[10.53125,6.0625,10.9375,6.40625],"rotation":0,"texture":"#1","tintindex":0}}}],"textures":{"1":"modelengine:entity/toro_wither_terror"},"display":{"head":{"translation":[0.0,-6.4,0.0],"scale":[4.0,4.0,4.0]}}}