{"textures":{"0":"modelengine:entity/toro_wither"},"elements":[{"from":[3.7999997,17.093334,6.92],"to":[6.04,25.493336,9.16],"faces":{"east":{"uv":[5.5,6.28125,5.6875,6.9375],"tintindex":0,"rotation":0,"texture":"#0"},"south":{"uv":[2.5,6.34375,2.6875,7.0],"tintindex":0,"rotation":0,"texture":"#0"},"north":{"uv":[0.375,6.28125,0.5625,6.9375],"tintindex":0,"rotation":0,"texture":"#0"},"west":{"uv":[2.6875,6.34375,2.875,7.0],"tintindex":0,"rotation":0,"texture":"#0"},"up":{"uv":[1.9375,8.59375,1.75,8.40625],"tintindex":0,"rotation":0,"texture":"#0"},"down":{"uv":[3.125,8.40625,2.9375,8.59375],"tintindex":0,"rotation":0,"texture":"#0"}},"rotation":{"origin":[3.52,21.293333,8.599999],"angle":-22.5,"axis":"z"}},{"from":[9.96,17.093334,6.92],"to":[12.200001,25.493336,9.16],"faces":{"east":{"uv":[3.0625,6.34375,3.25,7.0],"tintindex":0,"rotation":0,"texture":"#0"},"south":{"uv":[3.25,6.34375,3.4375,7.0],"tintindex":0,"rotation":0,"texture":"#0"},"north":{"uv":[2.875,6.34375,3.0625,7.0],"tintindex":0,"rotation":0,"texture":"#0"},"west":{"uv":[3.4375,6.34375,3.625,7.0],"tintindex":0,"rotation":0,"texture":"#0"},"up":{"uv":[0.71875,8.625,0.53125,8.4375],"tintindex":0,"rotation":0,"texture":"#0"},"down":{"uv":[5.25,8.46875,5.0625,8.65625],"tintindex":0,"rotation":0,"texture":"#0"}},"rotation":{"origin":[12.48,21.293333,8.599999],"angle":22.5,"axis":"z"}},{"from":[-0.5400009,8.553334,9.58],"to":[7.44,11.3533325,12.38],"faces":{"east":{"uv":[5.4375,8.0625,5.65625,8.28125],"tintindex":0,"rotation":0,"texture":"#0"},"south":{"uv":[5.875,2.09375,6.5,2.3125],"tintindex":0,"rotation":0,"texture":"#0"},"north":{"uv":[5.53125,0.0,6.15625,0.21875],"tintindex":0,"rotation":0,"texture":"#0"},"west":{"uv":[5.65625,8.0625,5.875,8.28125],"tintindex":0,"rotation":0,"texture":"#0"},"up":{"uv":[6.5625,0.4375,5.9375,0.21875],"tintindex":0,"rotation":0,"texture":"#0"},"down":{"uv":[6.59375,4.84375,5.96875,5.0625],"tintindex":0,"rotation":0,"texture":"#0"}},"rotation":{"origin":[0.7199998,11.213333,15.04],"angle":22.5,"axis":"y"}},{"from":[8.56,8.553334,9.58],"to":[16.54,11.3533325,12.38],"faces":{"east":{"uv":[8.09375,2.65625,8.3125,2.875],"tintindex":0,"rotation":0,"texture":"#0"},"south":{"uv":[1.8125,6.03125,2.4375,6.25],"tintindex":0,"rotation":0,"texture":"#0"},"north":{"uv":[6.0,2.5,6.625,2.71875],"tintindex":0,"rotation":0,"texture":"#0"},"west":{"uv":[5.15625,8.09375,5.375,8.3125],"tintindex":0,"rotation":0,"texture":"#0"},"up":{"uv":[6.6875,0.875,6.0625,0.65625],"tintindex":0,"rotation":0,"texture":"#0"},"down":{"uv":[5.78125,6.0625,5.15625,6.28125],"tintindex":0,"rotation":0,"texture":"#0"}},"rotation":{"origin":[15.280001,11.213333,15.04],"angle":-22.5,"axis":"y"}},{"from":[-3.7600002,12.736122,2.1905098],"to":[-0.96000004,19.736122,4.4305096],"faces":{"east":{"uv":[0.1875,6.625,0.375,7.1875],"tintindex":0,"rotation":0,"texture":"#0"},"south":{"uv":[6.53125,1.53125,6.75,2.09375],"tintindex":0,"rotation":0,"texture":"#0"},"north":{"uv":[0.5625,6.53125,0.78125,7.09375],"tintindex":0,"rotation":0,"texture":"#0"},"west":{"uv":[5.09375,6.625,5.28125,7.1875],"tintindex":0,"rotation":0,"texture":"#0"},"up":{"uv":[8.59375,4.90625,8.375,4.71875],"tintindex":0,"rotation":0,"texture":"#0"},"down":{"uv":[8.59375,4.90625,8.375,5.09375],"tintindex":0,"rotation":0,"texture":"#0"}},"rotation":{"origin":[0.43999958,11.756122,2.0505095],"angle":-45.0,"axis":"z"}},{"from":[6.3199997,13.313334,6.92],"to":[9.68,21.713333,10.280001],"faces":{"east":{"uv":[1.5625,5.40625,1.8125,6.0625],"tintindex":0,"rotation":0,"texture":"#0"},"south":{"uv":[5.25,5.40625,5.5,6.0625],"tintindex":0,"rotation":0,"texture":"#0"},"north":{"uv":[1.3125,5.40625,1.5625,6.0625],"tintindex":0,"rotation":0,"texture":"#0"},"west":{"uv":[5.4375,4.21875,5.6875,4.875],"tintindex":0,"rotation":0,"texture":"#0"},"up":{"uv":[3.875,7.0,3.625,6.75],"tintindex":0,"rotation":0,"texture":"#0"},"down":{"uv":[7.96875,5.25,7.71875,5.5],"tintindex":0,"rotation":0,"texture":"#0"}},"rotation":{"origin":[8.0,17.093334,4.12],"angle":-22.5,"axis":"x"}},{"from":[7.16,-0.11044979,13.310338],"to":[8.84,1.4295511,16.110338],"faces":{"east":{"uv":[7.375,2.84375,7.59375,2.96875],"tintindex":0,"rotation":0,"texture":"#0"},"south":{"uv":[8.78125,8.0625,8.90625,8.1875],"tintindex":0,"rotation":0,"texture":"#0"},"north":{"uv":[8.78125,6.125,8.90625,6.25],"tintindex":0,"rotation":0,"texture":"#0"},"west":{"uv":[8.59375,5.15625,8.8125,5.28125],"tintindex":0,"rotation":0,"texture":"#0"},"up":{"uv":[0.625,8.84375,0.5,8.625],"tintindex":0,"rotation":0,"texture":"#0"},"down":{"uv":[8.75,3.75,8.625,3.96875],"tintindex":0,"rotation":0,"texture":"#0"}},"rotation":{"origin":[8.0,1.1395683,14.550022],"angle":-22.5,"axis":"x"}},{"from":[7.58,11.408531,15.5417],"to":[8.42,13.648532,16.8017],"faces":{"east":{"uv":[3.09375,4.09375,3.1875,4.28125],"tintindex":0,"rotation":0,"texture":"#0"},"south":{"uv":[5.375,4.21875,5.4375,4.40625],"tintindex":0,"rotation":0,"texture":"#0"},"north":{"uv":[3.4375,2.71875,3.5,2.90625],"tintindex":0,"rotation":0,"texture":"#0"},"west":{"uv":[5.15625,5.8125,5.25,6.0],"tintindex":0,"rotation":0,"texture":"#0"},"up":{"uv":[5.4375,4.5,5.375,4.40625],"tintindex":0,"rotation":0,"texture":"#0"},"down":{"uv":[6.15625,4.125,6.09375,4.21875],"tintindex":0,"rotation":0,"texture":"#0"}},"rotation":{"origin":[8.0,12.31853,15.7517],"angle":22.5,"axis":"x"}},{"from":[7.16,18.976233,14.69696],"to":[8.84,22.756231,16.236961],"faces":{"east":{"uv":[4.34375,8.375,4.46875,8.65625],"tintindex":0,"rotation":0,"texture":"#0"},"south":{"uv":[0.71875,8.4375,0.84375,8.71875],"tintindex":0,"rotation":0,"texture":"#0"},"north":{"uv":[6.0,6.8125,6.125,7.09375],"tintindex":0,"rotation":0,"texture":"#0"},"west":{"uv":[5.25,8.46875,5.375,8.75],"tintindex":0,"rotation":0,"texture":"#0"},"up":{"uv":[8.9375,2.53125,8.8125,2.40625],"tintindex":0,"rotation":0,"texture":"#0"},"down":{"uv":[8.9375,2.875,8.8125,3.0],"tintindex":0,"rotation":0,"texture":"#0"}},"rotation":{"origin":[8.0,20.350033,14.925491],"angle":22.5,"axis":"x"}},{"from":[7.58,22.009848,15.729181],"to":[8.42,24.417847,16.989182],"faces":{"east":{"uv":[2.40625,6.6875,2.5,6.875],"tintindex":0,"rotation":0,"texture":"#0"},"south":{"uv":[3.625,6.53125,3.6875,6.71875],"tintindex":0,"rotation":0,"texture":"#0"},"north":{"uv":[3.625,6.34375,3.6875,6.53125],"tintindex":0,"rotation":0,"texture":"#0"},"west":{"uv":[5.59375,6.9375,5.6875,7.125],"tintindex":0,"rotation":0,"texture":"#0"},"up":{"uv":[4.65625,6.65625,4.59375,6.5625],"tintindex":0,"rotation":0,"texture":"#0"},"down":{"uv":[4.65625,6.65625,4.59375,6.75],"tintindex":0,"rotation":0,"texture":"#0"}}},{"from":[6.88,14.993335,9.16],"to":[9.12,26.753334,11.96],"faces":{"east":{"uv":[2.0,5.125,2.21875,6.03125],"tintindex":0,"rotation":0,"texture":"#0"},"south":{"uv":[1.125,5.40625,1.3125,6.3125],"tintindex":0,"rotation":0,"texture":"#0"},"north":{"uv":[0.9375,5.40625,1.125,6.3125],"tintindex":0,"rotation":0,"texture":"#0"},"west":{"uv":[2.21875,5.125,2.4375,6.03125],"tintindex":0,"rotation":0,"texture":"#0"},"up":{"uv":[7.8125,8.5625,7.625,8.34375],"tintindex":0,"rotation":0,"texture":"#0"},"down":{"uv":[8.0,8.34375,7.8125,8.5625],"tintindex":0,"rotation":0,"texture":"#0"}},"rotation":{"origin":[8.0,17.093334,4.12],"angle":-22.5,"axis":"x"}},{"from":[4.92,-3.1829548,9.574522],"to":[11.08,4.5170465,13.494522],"faces":{"east":{"uv":[0.625,5.3125,0.9375,5.90625],"tintindex":0,"rotation":0,"texture":"#0"},"south":{"uv":[2.71875,3.125,3.1875,3.71875],"tintindex":0,"rotation":0,"texture":"#0"},"north":{"uv":[2.25,3.125,2.71875,3.71875],"tintindex":0,"rotation":0,"texture":"#0"},"west":{"uv":[5.375,2.71875,5.6875,3.3125],"tintindex":0,"rotation":0,"texture":"#0"},"up":{"uv":[6.15625,4.53125,5.6875,4.21875],"tintindex":0,"rotation":0,"texture":"#0"},"down":{"uv":[6.15625,4.53125,5.6875,4.84375],"tintindex":0,"rotation":0,"texture":"#0"}},"rotation":{"origin":[8.0,4.4470453,11.534522],"angle":22.5,"axis":"x"}},{"from":[6.6,6.4533334,12.8],"to":[9.4,9.113332,16.16],"faces":{"east":{"uv":[5.1875,7.875,5.4375,8.09375],"tintindex":0,"rotation":0,"texture":"#0"},"south":{"uv":[8.0625,4.34375,8.28125,4.5625],"tintindex":0,"rotation":0,"texture":"#0"},"north":{"uv":[8.03125,6.59375,8.25,6.8125],"tintindex":0,"rotation":0,"texture":"#0"},"west":{"uv":[7.90625,4.78125,8.15625,5.0],"tintindex":0,"rotation":0,"texture":"#0"},"up":{"uv":[4.65625,7.0625,4.4375,6.8125],"tintindex":0,"rotation":0,"texture":"#0"},"down":{"uv":[1.28125,7.90625,1.0625,8.15625],"tintindex":0,"rotation":0,"texture":"#0"}},"rotation":{"origin":[8.0,4.493333,10.0],"angle":-22.5,"axis":"x"}},{"from":[6.74,18.038189,9.027299],"to":[9.26,20.698187,14.067301],"faces":{"east":{"uv":[6.15625,0.0,6.5625,0.21875],"tintindex":0,"rotation":0,"texture":"#0"},"south":{"uv":[1.15625,8.375,1.34375,8.59375],"tintindex":0,"rotation":0,"texture":"#0"},"north":{"uv":[0.96875,8.375,1.15625,8.59375],"tintindex":0,"rotation":0,"texture":"#0"},"west":{"uv":[5.59375,7.125,6.0,7.34375],"tintindex":0,"rotation":0,"texture":"#0"},"up":{"uv":[3.25,5.125,3.0625,4.71875],"tintindex":0,"rotation":0,"texture":"#0"},"down":{"uv":[5.03125,7.375,4.84375,7.78125],"tintindex":0,"rotation":0,"texture":"#0"}},"rotation":{"origin":[8.0,20.518032,14.645492],"angle":-45.0,"axis":"x"}},{"from":[0.43999958,9.846667,8.32],"to":[11.64,13.206668,11.120001],"faces":{"east":{"uv":[3.5625,7.9375,3.78125,8.1875],"tintindex":0,"rotation":0,"texture":"#0"},"south":{"uv":[4.75,1.625,5.625,1.875],"tintindex":0,"rotation":0,"texture":"#0"},"north":{"uv":[1.0625,4.71875,1.9375,4.96875],"tintindex":0,"rotation":0,"texture":"#0"},"west":{"uv":[3.78125,7.9375,4.0,8.1875],"tintindex":0,"rotation":0,"texture":"#0"},"up":{"uv":[6.125,5.40625,5.25,5.1875],"tintindex":0,"rotation":0,"texture":"#0"},"down":{"uv":[6.1875,1.875,5.3125,2.09375],"tintindex":0,"rotation":0,"texture":"#0"}},"rotation":{"origin":[8.0,17.686666,4.12],"angle":-45.0,"axis":"y"}},{"from":[4.3599997,2.5333328,9.44],"to":[11.64,11.913333,13.360001],"faces":{"east":{"uv":[2.125,4.40625,2.4375,5.125],"tintindex":0,"rotation":0,"texture":"#0"},"south":{"uv":[0.5625,1.96875,1.125,2.6875],"tintindex":0,"rotation":0,"texture":"#0"},"north":{"uv":[0.0,1.96875,0.5625,2.6875],"tintindex":0,"rotation":0,"texture":"#0"},"west":{"uv":[0.75,4.59375,1.0625,5.3125],"tintindex":0,"rotation":0,"texture":"#0"},"up":{"uv":[5.875,2.40625,5.3125,2.09375],"tintindex":0,"rotation":0,"texture":"#0"},"down":{"uv":[5.9375,0.25,5.375,0.5625],"tintindex":0,"rotation":0,"texture":"#0"}},"rotation":{"origin":[8.0,4.493333,10.0],"angle":-22.5,"axis":"x"}},{"from":[14.16,8.833333,9.86],"to":[22.560001,10.793333,11.96],"faces":{"east":{"uv":[8.125,0.65625,8.28125,0.8125],"tintindex":0,"rotation":0,"texture":"#0"},"south":{"uv":[6.59375,4.84375,7.25,5.0],"tintindex":0,"rotation":0,"texture":"#0"},"north":{"uv":[6.59375,3.875,7.25,4.03125],"tintindex":0,"rotation":0,"texture":"#0"},"west":{"uv":[8.65625,7.4375,8.8125,7.59375],"tintindex":0,"rotation":0,"texture":"#0"},"up":{"uv":[7.28125,2.65625,6.625,2.5],"tintindex":0,"rotation":0,"texture":"#0"},"down":{"uv":[7.34375,0.65625,6.6875,0.8125],"tintindex":0,"rotation":0,"texture":"#0"}},"rotation":{"origin":[15.280001,11.213333,15.04],"angle":-45.0,"axis":"y"}},{"from":[-4.381404,9.253334,2.878192],"to":[1.218596,12.053335,5.398192],"faces":{"east":{"uv":[8.375,2.09375,8.5625,2.3125],"tintindex":0,"rotation":0,"texture":"#0"},"south":{"uv":[6.4375,7.09375,6.875,7.3125],"tintindex":0,"rotation":0,"texture":"#0"},"north":{"uv":[6.0,7.09375,6.4375,7.3125],"tintindex":0,"rotation":0,"texture":"#0"},"west":{"uv":[2.1875,8.375,2.375,8.59375],"tintindex":0,"rotation":0,"texture":"#0"},"up":{"uv":[7.90625,5.25,7.46875,5.0625],"tintindex":0,"rotation":0,"texture":"#0"},"down":{"uv":[7.9375,1.5,7.5,1.6875],"tintindex":0,"rotation":0,"texture":"#0"}},"rotation":{"origin":[-3.681404,11.493335,0.3581915],"angle":45.0,"axis":"y"}},{"from":[2.12,9.813334,4.12],"to":[13.88,18.213333,12.52],"faces":{"east":{"uv":[0.0,1.3125,0.65625,1.96875],"tintindex":0,"rotation":0,"texture":"#0"},"south":{"uv":[0.0,0.65625,0.90625,1.3125],"tintindex":0,"rotation":0,"texture":"#0"},"north":{"uv":[0.0,0.0,0.90625,0.65625],"tintindex":0,"rotation":0,"texture":"#0"},"west":{"uv":[0.65625,1.3125,1.3125,1.96875],"tintindex":0,"rotation":0,"texture":"#0"},"up":{"uv":[1.8125,0.65625,0.90625,0.0],"tintindex":0,"rotation":0,"texture":"#0"},"down":{"uv":[1.8125,0.65625,0.90625,1.3125],"tintindex":0,"rotation":0,"texture":"#0"}}},{"from":[6.6,-0.98541546,10.733059],"to":[9.4,1.6745844,14.093059],"faces":{"east":{"uv":[7.90625,5.0,8.15625,5.21875],"tintindex":0,"rotation":0,"texture":"#0"},"south":{"uv":[4.9375,8.0625,5.15625,8.28125],"tintindex":0,"rotation":0,"texture":"#0"},"north":{"uv":[4.46875,8.0625,4.6875,8.28125],"tintindex":0,"rotation":0,"texture":"#0"},"west":{"uv":[5.875,7.90625,6.125,8.125],"tintindex":0,"rotation":0,"texture":"#0"},"up":{"uv":[0.21875,8.1875,0.0,7.9375],"tintindex":0,"rotation":0,"texture":"#0"},"down":{"uv":[0.625,7.9375,0.40625,8.1875],"tintindex":0,"rotation":0,"texture":"#0"}}},{"from":[8.664824,10.653334,-0.77467155],"to":[14.264824,12.893333,2.0253282],"faces":{"east":{"uv":[1.53125,8.375,1.75,8.5625],"tintindex":0,"rotation":0,"texture":"#0"},"south":{"uv":[7.46875,4.875,7.90625,5.0625],"tintindex":0,"rotation":0,"texture":"#0"},"north":{"uv":[7.46875,0.0,7.90625,0.1875],"tintindex":0,"rotation":0,"texture":"#0"},"west":{"uv":[1.96875,8.375,2.1875,8.5625],"tintindex":0,"rotation":0,"texture":"#0"},"up":{"uv":[7.46875,0.21875,7.03125,0.0],"tintindex":0,"rotation":0,"texture":"#0"},"down":{"uv":[7.53125,3.28125,7.09375,3.5],"tintindex":0,"rotation":0,"texture":"#0"}},"rotation":{"origin":[11.464824,10.373335,-2.3146725],"angle":-22.5,"axis":"z"}},{"from":[7.58,2.0927682,14.868946],"to":[8.42,4.3327684,16.128946],"faces":{"east":{"uv":[4.65625,6.21875,4.75,6.40625],"tintindex":0,"rotation":0,"texture":"#0"},"south":{"uv":[0.5625,6.28125,0.625,6.46875],"tintindex":0,"rotation":0,"texture":"#0"},"north":{"uv":[1.75,6.0625,1.8125,6.25],"tintindex":0,"rotation":0,"texture":"#0"},"west":{"uv":[5.6875,6.28125,5.78125,6.46875],"tintindex":0,"rotation":0,"texture":"#0"},"up":{"uv":[4.125,6.21875,4.0625,6.125],"tintindex":0,"rotation":0,"texture":"#0"},"down":{"uv":[0.84375,6.53125,0.78125,6.625],"tintindex":0,"rotation":0,"texture":"#0"}},"rotation":{"origin":[8.0,1.1395683,14.550022],"angle":45.0,"axis":"x"}},{"from":[4.92,9.253334,2.8599997],"to":[7.16,12.613333,5.1],"faces":{"east":{"uv":[8.21875,3.5,8.40625,3.75],"tintindex":0,"rotation":0,"texture":"#0"},"south":{"uv":[8.09375,8.21875,8.28125,8.46875],"tintindex":0,"rotation":0,"texture":"#0"},"north":{"uv":[8.21875,3.09375,8.40625,3.34375],"tintindex":0,"rotation":0,"texture":"#0"},"west":{"uv":[8.25,6.53125,8.4375,6.78125],"tintindex":0,"rotation":0,"texture":"#0"},"up":{"uv":[8.59375,8.65625,8.40625,8.46875],"tintindex":0,"rotation":0,"texture":"#0"},"down":{"uv":[3.65625,8.5,3.46875,8.6875],"tintindex":0,"rotation":0,"texture":"#0"}},"rotation":{"origin":[8.0,10.093333,3.98],"angle":22.5,"axis":"x"}},{"from":[-3.1999998,15.973333,3.0],"to":[19.2,18.213333,5.24],"faces":{"east":{"uv":[4.125,5.5625,4.3125,5.75],"tintindex":0,"rotation":0,"texture":"#0"},"south":{"uv":[1.75,2.9375,3.5,3.125],"tintindex":0,"rotation":0,"texture":"#0"},"north":{"uv":[0.0,2.9375,1.75,3.125],"tintindex":0,"rotation":0,"texture":"#0"},"west":{"uv":[0.40625,7.75,0.59375,7.9375],"tintindex":0,"rotation":0,"texture":"#0"},"up":{"uv":[4.78125,1.4375,3.03125,1.25],"tintindex":0,"rotation":0,"texture":"#0"},"down":{"uv":[4.78125,1.4375,3.03125,1.625],"tintindex":0,"rotation":0,"texture":"#0"}},"rotation":{"origin":[8.0,17.093334,4.12],"angle":-22.5,"axis":"x"}},{"from":[8.84,9.253334,2.8599997],"to":[11.08,12.613333,5.1],"faces":{"east":{"uv":[0.65625,8.1875,0.84375,8.4375],"tintindex":0,"rotation":0,"texture":"#0"},"south":{"uv":[8.1875,6.8125,8.375,7.0625],"tintindex":0,"rotation":0,"texture":"#0"},"north":{"uv":[1.9375,4.71875,2.125,4.96875],"tintindex":0,"rotation":0,"texture":"#0"},"west":{"uv":[8.21875,1.1875,8.40625,1.4375],"tintindex":0,"rotation":0,"texture":"#0"},"up":{"uv":[8.65625,7.625,8.46875,7.4375],"tintindex":0,"rotation":0,"texture":"#0"},"down":{"uv":[8.1875,8.46875,8.0,8.65625],"tintindex":0,"rotation":0,"texture":"#0"}},"rotation":{"origin":[8.0,10.093333,3.98],"angle":22.5,"axis":"x"}},{"from":[9.12,6.785157,3.7156377],"to":[10.66,9.445157,5.115638],"faces":{"east":{"uv":[4.3125,8.65625,4.4375,8.875],"tintindex":0,"rotation":0,"texture":"#0"},"south":{"uv":[4.4375,8.65625,4.5625,8.875],"tintindex":0,"rotation":0,"texture":"#0"},"north":{"uv":[2.78125,8.65625,2.90625,8.875],"tintindex":0,"rotation":0,"texture":"#0"},"west":{"uv":[4.5625,8.65625,4.6875,8.875],"tintindex":0,"rotation":0,"texture":"#0"},"up":{"uv":[8.9375,3.625,8.8125,3.5],"tintindex":0,"rotation":0,"texture":"#0"},"down":{"uv":[8.9375,4.0625,8.8125,4.1875],"tintindex":0,"rotation":0,"texture":"#0"}},"rotation":{"origin":[9.96,7.765157,3.0156374],"angle":-22.5,"axis":"x"}},{"from":[5.34,6.785157,3.7156377],"to":[6.88,9.445157,5.115638],"faces":{"east":{"uv":[5.0625,8.65625,5.1875,8.875],"tintindex":0,"rotation":0,"texture":"#0"},"south":{"uv":[5.375,8.65625,5.5,8.875],"tintindex":0,"rotation":0,"texture":"#0"},"north":{"uv":[4.9375,8.65625,5.0625,8.875],"tintindex":0,"rotation":0,"texture":"#0"},"west":{"uv":[5.5,8.65625,5.625,8.875],"tintindex":0,"rotation":0,"texture":"#0"},"up":{"uv":[8.9375,4.3125,8.8125,4.1875],"tintindex":0,"rotation":0,"texture":"#0"},"down":{"uv":[8.9375,4.3125,8.8125,4.4375],"tintindex":0,"rotation":0,"texture":"#0"}},"rotation":{"origin":[6.04,7.765157,3.0156374],"angle":-22.5,"axis":"x"}},{"from":[-6.5600004,8.833333,9.86],"to":[1.8400002,10.793333,11.96],"faces":{"east":{"uv":[0.375,6.9375,0.53125,7.09375],"tintindex":0,"rotation":0,"texture":"#0"},"south":{"uv":[6.53125,4.6875,7.1875,4.84375],"tintindex":0,"rotation":0,"texture":"#0"},"north":{"uv":[6.5,2.09375,7.15625,2.25],"tintindex":0,"rotation":0,"texture":"#0"},"west":{"uv":[8.0625,3.5,8.21875,3.65625],"tintindex":0,"rotation":0,"texture":"#0"},"up":{"uv":[7.21875,0.40625,6.5625,0.25],"tintindex":0,"rotation":0,"texture":"#0"},"down":{"uv":[7.25,3.71875,6.59375,3.875],"tintindex":0,"rotation":0,"texture":"#0"}},"rotation":{"origin":[0.7199998,11.213333,15.04],"angle":45.0,"axis":"y"}},{"from":[4.3599997,9.846667,8.32],"to":[15.56,13.206668,11.120001],"faces":{"east":{"uv":[0.625,7.9375,0.84375,8.1875],"tintindex":0,"rotation":0,"texture":"#0"},"south":{"uv":[4.65625,0.0,5.53125,0.25],"tintindex":0,"rotation":0,"texture":"#0"},"north":{"uv":[4.625,1.0,5.5,1.25],"tintindex":0,"rotation":0,"texture":"#0"},"west":{"uv":[7.9375,1.5,8.15625,1.75],"tintindex":0,"rotation":0,"texture":"#0"},"up":{"uv":[6.125,3.8125,5.25,3.59375],"tintindex":0,"rotation":0,"texture":"#0"},"down":{"uv":[6.125,3.8125,5.25,4.03125],"tintindex":0,"rotation":0,"texture":"#0"}},"rotation":{"origin":[8.0,17.686666,4.12],"angle":45.0,"axis":"y"}},{"from":[16.96,12.736122,2.1905098],"to":[19.76,19.736122,4.4305096],"faces":{"east":{"uv":[1.8125,5.40625,2.0,5.96875],"tintindex":0,"rotation":0,"texture":"#0"},"south":{"uv":[4.875,6.5,5.09375,7.0625],"tintindex":0,"rotation":0,"texture":"#0"},"north":{"uv":[4.65625,6.5,4.875,7.0625],"tintindex":0,"rotation":0,"texture":"#0"},"west":{"uv":[0.0,6.625,0.1875,7.1875],"tintindex":0,"rotation":0,"texture":"#0"},"up":{"uv":[4.125,8.5625,3.90625,8.375],"tintindex":0,"rotation":0,"texture":"#0"},"down":{"uv":[4.34375,8.375,4.125,8.5625],"tintindex":0,"rotation":0,"texture":"#0"}},"rotation":{"origin":[15.56,11.756122,2.0505095],"angle":45.0,"axis":"z"}},{"from":[1.7351766,10.653334,-0.77467155],"to":[7.335177,12.893333,2.0253282],"faces":{"east":{"uv":[2.375,8.375,2.59375,8.5625],"tintindex":0,"rotation":0,"texture":"#0"},"south":{"uv":[2.3125,7.5,2.75,7.6875],"tintindex":0,"rotation":0,"texture":"#0"},"north":{"uv":[7.5,1.6875,7.9375,1.875],"tintindex":0,"rotation":0,"texture":"#0"},"west":{"uv":[2.59375,8.375,2.8125,8.5625],"tintindex":0,"rotation":0,"texture":"#0"},"up":{"uv":[7.5625,1.5,7.125,1.28125],"tintindex":0,"rotation":0,"texture":"#0"},"down":{"uv":[4.3125,7.125,3.875,7.34375],"tintindex":0,"rotation":0,"texture":"#0"}},"rotation":{"origin":[4.5351768,10.373335,-2.3146725],"angle":22.5,"axis":"z"}},{"from":[7.16,11.1285305,14.561701],"to":[8.84,12.668531,17.3617],"faces":{"east":{"uv":[4.5,4.21875,4.71875,4.34375],"tintindex":0,"rotation":0,"texture":"#0"},"south":{"uv":[8.21875,3.75,8.34375,3.875],"tintindex":0,"rotation":0,"texture":"#0"},"north":{"uv":[8.1875,2.53125,8.3125,2.65625],"tintindex":0,"rotation":0,"texture":"#0"},"west":{"uv":[5.125,0.25,5.34375,0.375],"tintindex":0,"rotation":0,"texture":"#0"},"up":{"uv":[4.4375,7.34375,4.3125,7.125],"tintindex":0,"rotation":0,"texture":"#0"},"down":{"uv":[8.40625,8.59375,8.28125,8.8125],"tintindex":0,"rotation":0,"texture":"#0"}},"rotation":{"origin":[8.0,10.078529,17.0817],"angle":-45.0,"axis":"x"}},{"from":[14.7814045,9.253334,2.878192],"to":[20.381405,12.053335,5.398192],"faces":{"east":{"uv":[1.34375,8.375,1.53125,8.59375],"tintindex":0,"rotation":0,"texture":"#0"},"south":{"uv":[6.75,4.4375,7.1875,4.65625],"tintindex":0,"rotation":0,"texture":"#0"},"north":{"uv":[6.75,3.5,7.1875,3.71875],"tintindex":0,"rotation":0,"texture":"#0"},"west":{"uv":[8.375,1.4375,8.5625,1.65625],"tintindex":0,"rotation":0,"texture":"#0"},"up":{"uv":[7.875,7.4375,7.4375,7.25],"tintindex":0,"rotation":0,"texture":"#0"},"down":{"uv":[7.875,7.4375,7.4375,7.625],"tintindex":0,"rotation":0,"texture":"#0"}},"rotation":{"origin":[19.681404,11.493335,0.3581915],"angle":-45.0,"axis":"y"}}],"display":{"gui":{"rotation":[30,225,0]}}}