{"textures":{"0":"modelengine:entity/deep_shine_vfx"},"elements":[{"from":[-7.2,-7.866667,7.2],"to":[22.800001,20.866667,7.2],"faces":{"south":{"uv":[10.125,0.0,0.0,9.75],"tintindex":0,"rotation":0,"texture":"#0"},"north":{"uv":[0.0,0.0,10.125,9.75],"tintindex":0,"rotation":0,"texture":"#0"}}},{"from":[10.133333,-7.866667,-10.533333],"to":[10.133333,19.866667,20.133335],"faces":{"east":{"uv":[0.0,0.0,10.125,9.75],"tintindex":0,"rotation":0,"texture":"#0"},"west":{"uv":[10.125,0.0,0.0,9.75],"tintindex":0,"rotation":0,"texture":"#0"}}}],"display":{"gui":{"rotation":[30,225,0]}}}