{"elements":[{"from":[6.285714,4.5714283,6.857143],"to":[8.571428,8.0,9.142858],"rotation":{"angle":0.0,"axis":"y","origin":[-0.57142925,-2.0,3.4285712]},"faces":{"east":{"uv":[8.0,14.5,9.0,16.0],"rotation":0,"texture":"#0","tintindex":0},"south":{"uv":[11.0,14.5,12.0,16.0],"rotation":0,"texture":"#0","tintindex":0},"north":{"uv":[9.0,14.5,10.0,16.0],"rotation":0,"texture":"#0","tintindex":0},"west":{"uv":[10.0,14.5,11.0,16.0],"rotation":0,"texture":"#0","tintindex":0},"up":{"uv":[11.0,13.0,10.0,12.0],"rotation":0,"texture":"#0","tintindex":0},"down":{"uv":[11.0,12.0,10.0,13.0],"rotation":0,"texture":"#0","tintindex":0}}},{"from":[6.0,4.285714,6.5714283],"to":[8.857143,8.0,9.428572],"rotation":{"angle":0.0,"axis":"y","origin":[-0.57142925,-1.7142859,3.4285712]},"faces":{"east":{"uv":[10.0,10.5,11.0,12.0],"rotation":0,"texture":"#0","tintindex":0},"south":{"uv":[13.0,10.5,14.0,12.0],"rotation":0,"texture":"#0","tintindex":0},"north":{"uv":[11.0,10.5,12.0,12.0],"rotation":0,"texture":"#0","tintindex":0},"west":{"uv":[12.0,10.5,13.0,12.0],"rotation":0,"texture":"#0","tintindex":0},"up":{"uv":[12.0,9.0,11.0,8.0],"rotation":0,"texture":"#0","tintindex":0},"down":{"uv":[13.0,8.0,12.0,9.0],"rotation":0,"texture":"#0","tintindex":0}}}],"textures":{"0":"modelengine:entity/npc_normal1"},"display":{"head":{"translation":[0.0,-6.4,0.0],"scale":[4.0,4.0,4.0]}}}