{"elements":[{"from":[8.0,-10.285715,-10.285715],"to":[8.0,26.285715,26.285715],"rotation":{"angle":0.0,"axis":"y","origin":[8.0,-10.285715,-70.85715]},"faces":{"east":{"uv":[16.0,0.0,0.0,16.0],"rotation":0,"texture":"#0","tintindex":0},"south":{"uv":[0.0,0.0,0.0,16.0],"rotation":0,"texture":"#0","tintindex":0},"north":{"uv":[0.0,0.0,0.0,16.0],"rotation":0,"texture":"#0","tintindex":0},"west":{"uv":[0.0,0.0,16.0,16.0],"rotation":0,"texture":"#0","tintindex":0},"up":{"uv":[0.0,0.0,16.0,0.0],"rotation":90,"texture":"#0","tintindex":0},"down":{"uv":[0.0,0.0,16.0,0.0],"rotation":270,"texture":"#0","tintindex":0}}}],"textures":{"0":"modelengine:entity/deep_creature_dust"},"display":{"head":{"translation":[0.0,-6.4,0.0],"scale":[4.0,4.0,4.0]}}}