{"elements":[{"from":[-10.285715,-10.285715,8.0],"to":[26.285715,26.285715,8.0],"rotation":{"angle":0.0,"axis":"y","origin":[86.85715,-10.285715,8.571428]},"faces":{"east":{"uv":[0.0,0.0,0.0,16.0],"rotation":0,"texture":"#0","tintindex":0},"south":{"uv":[16.0,0.0,0.0,16.0],"rotation":0,"texture":"#0","tintindex":0},"north":{"uv":[0.0,0.0,16.0,16.0],"rotation":0,"texture":"#0","tintindex":0},"west":{"uv":[0.0,0.0,0.0,16.0],"rotation":0,"texture":"#0","tintindex":0},"up":{"uv":[16.0,0.0,0.0,0.0],"rotation":0,"texture":"#0","tintindex":0},"down":{"uv":[16.0,0.0,0.0,0.0],"rotation":0,"texture":"#0","tintindex":0}}}],"textures":{"0":"modelengine:entity/deep_creature_dust"},"display":{"head":{"translation":[0.0,-6.4,0.0],"scale":[4.0,4.0,4.0]}}}